2026-06-05 15:03:03,997 [INFO] Activator:176 - 


2026-06-05 15:03:04,006 [INFO] Activator:177 - !SESSION log4j initialized
2026-06-05 15:03:17,300 [INFO] LogOutputStream:77 - [STDOUT_REDIRECT] 
2026-06-05 15:03:20,528 [INFO] ApplicationProperties:184 - Using Application install path: C:\ST\STM32CubeIDE_1.19.0\STM32CubeIDE\plugins\com.st.stm32cube.common.mx_6.15.0.202507011659
2026-06-05 15:03:20,595 [INFO] DbMcusXml:78 - Set database path to: C:\ST\STM32CubeIDE_1.19.0\STM32CubeIDE\plugins\com.st.stm32cube.common.mx_6.15.0.202507011659\\db\/mcu/
2026-06-05 15:03:20,596 [INFO] ApiDb:274 - Set plugin database path to: C:\ST\STM32CubeIDE_1.19.0\STM32CubeIDE\plugins\com.st.stm32cube.common.mx_6.15.0.202507011659\\db\/plugins/boardmanager/
2026-06-05 15:03:20,597 [WARN] ApiDb:259 - Overriding images path with different value:  => C:\ST\STM32CubeIDE_1.19.0\STM32CubeIDE\plugins\com.st.stm32cube.common.mx_6.15.0.202507011659\\db\/plugins/mcufinder/images/
2026-06-05 15:03:20,620 [INFO] ApiDb:250 - Set database path to: C:\Users\ASUS\.stmcufinder\plugins\mcufinder//mcu/
2026-06-05 15:03:20,623 [INFO] DbMcusAds:125 - Set database path to: C:\Users\ASUS\.stmcufinder\plugins\mcufinder//mcu/
2026-06-05 15:03:20,632 [INFO] CrossReferenceDbSqlite:203 - Set database path to: C:\Users\ASUS\.stmcufinder\plugins\mcufinder//mcu/cs/
2026-06-05 15:03:21,141 [INFO] RulesReader:64 - Compatibility file has been processed (317 Rules)
2026-06-05 15:03:21,487 [INFO] DbMcusXml:78 - Set database path to: C:\ST\STM32CubeIDE_1.19.0\STM32CubeIDE\plugins\com.st.stm32cube.common.mx_6.15.0.202507011659\\db\/mcu/
2026-06-05 15:03:21,487 [INFO] ApiDb:274 - Set plugin database path to: C:\ST\STM32CubeIDE_1.19.0\STM32CubeIDE\plugins\com.st.stm32cube.common.mx_6.15.0.202507011659\\db\/plugins/boardmanager/
2026-06-05 15:03:21,488 [INFO] ApiDb:261 - Set plugin images path to: C:\ST\STM32CubeIDE_1.19.0\STM32CubeIDE\plugins\com.st.stm32cube.common.mx_6.15.0.202507011659\\db\/plugins/mcufinder/images/
2026-06-05 15:03:21,489 [WARN] DbFile:41 - Overriding database path with different value: C:\Users\ASUS\.stmcufinder\plugins\mcufinder/ => C:\Users\ASUS\.stmcufinder\plugins\mcufinder
2026-06-05 15:03:21,489 [INFO] ApiDb:250 - Set database path to: C:\Users\ASUS\.stmcufinder\plugins\mcufinder//mcu/
2026-06-05 15:03:21,490 [WARN] DbFile:41 - Overriding database path with different value: C:\Users\ASUS\.stmcufinder\plugins\mcufinder/ => C:\Users\ASUS\.stmcufinder\plugins\mcufinder
2026-06-05 15:03:21,490 [INFO] DbMcusAds:125 - Set database path to: C:\Users\ASUS\.stmcufinder\plugins\mcufinder//mcu/
2026-06-05 15:03:21,490 [WARN] DbFile:41 - Overriding database path with different value: C:\Users\ASUS\.stmcufinder\plugins\mcufinder/ => C:\Users\ASUS\.stmcufinder\plugins\mcufinder
2026-06-05 15:03:21,491 [WARN] DbFile:41 - Overriding database path with different value: C:\Users\ASUS\.stmcufinder\plugins\mcufinder/ => C:\Users\ASUS\.stmcufinder\plugins\mcufinder
2026-06-05 15:03:21,491 [INFO] CrossReferenceDbSqlite:203 - Set database path to: C:\Users\ASUS\.stmcufinder\plugins\mcufinder//mcu/cs/
2026-06-05 15:03:21,824 [INFO] MainPanel:274 - HeapMemory: 268435456
2026-06-05 15:03:22,083 [INFO] DbMcusXml:78 - Set database path to: C:\ST\STM32CubeIDE_1.19.0\STM32CubeIDE\plugins\com.st.stm32cube.common.mx_6.15.0.202507011659\\db\/mcu/
2026-06-05 15:03:22,084 [INFO] ApiDb:274 - Set plugin database path to: C:\ST\STM32CubeIDE_1.19.0\STM32CubeIDE\plugins\com.st.stm32cube.common.mx_6.15.0.202507011659\\db\/plugins/boardmanager/
2026-06-05 15:03:22,084 [INFO] ApiDb:261 - Set plugin images path to: C:\ST\STM32CubeIDE_1.19.0\STM32CubeIDE\plugins\com.st.stm32cube.common.mx_6.15.0.202507011659\\db\/plugins/mcufinder/images/
2026-06-05 15:03:22,085 [WARN] DbFile:41 - Overriding database path with different value: C:\Users\ASUS\.stmcufinder\plugins\mcufinder/ => C:\Users\ASUS\.stmcufinder\plugins\mcufinder
2026-06-05 15:03:22,085 [INFO] ApiDb:250 - Set database path to: C:\Users\ASUS\.stmcufinder\plugins\mcufinder//mcu/
2026-06-05 15:03:22,085 [WARN] DbFile:41 - Overriding database path with different value: C:\Users\ASUS\.stmcufinder\plugins\mcufinder/ => C:\Users\ASUS\.stmcufinder\plugins\mcufinder
2026-06-05 15:03:22,086 [INFO] DbMcusAds:125 - Set database path to: C:\Users\ASUS\.stmcufinder\plugins\mcufinder//mcu/
2026-06-05 15:03:22,086 [WARN] DbFile:41 - Overriding database path with different value: C:\Users\ASUS\.stmcufinder\plugins\mcufinder/ => C:\Users\ASUS\.stmcufinder\plugins\mcufinder
2026-06-05 15:03:22,086 [WARN] DbFile:41 - Overriding database path with different value: C:\Users\ASUS\.stmcufinder\plugins\mcufinder/ => C:\Users\ASUS\.stmcufinder\plugins\mcufinder
2026-06-05 15:03:22,086 [INFO] CrossReferenceDbSqlite:203 - Set database path to: C:\Users\ASUS\.stmcufinder\plugins\mcufinder//mcu/cs/
2026-06-05 15:03:22,125 [INFO] ApplicationProperties:184 - Using Application install path: C:\ST\STM32CubeIDE_1.19.0\STM32CubeIDE\plugins\com.st.stm32cube.common.mx_6.15.0.202507011659
2026-06-05 15:03:22,128 [INFO] PluginManage:196 - Search for loadable plugins [exclusion list=, ]
2026-06-05 15:03:22,131 [INFO] PluginManage:310 - Check plugin analytics
2026-06-05 15:03:22,997 [INFO] AnalyticsPlugin:253 - Accepted Software Licenses: 
2026-06-05 15:03:22,998 [INFO] AnalyticsPlugin:255 - Accepted CMSIS Pack Licenses: 
2026-06-05 15:03:22,998 [INFO] AnalyticsPlugin:257 - Accepted Firmware Licenses: FW.F4.1.28.0,FW.C0.1.4.0
2026-06-05 15:03:23,014 [INFO] PluginManage:359 - Loaded plugin analytics (category:tool,tabindex:-1)
2026-06-05 15:03:23,015 [INFO] PluginManage:310 - Check plugin cadmodel
2026-06-05 15:03:23,035 [INFO] CADModel:105 - Init CAD model plugin
2026-06-05 15:03:23,036 [INFO] PluginManage:359 - Loaded plugin cadmodel (category:power,tabindex:5)
2026-06-05 15:03:23,036 [INFO] PluginManage:310 - Check plugin clock
2026-06-05 15:03:23,083 [INFO] PluginManage:359 - Loaded plugin clock (category:base,tabindex:2)
2026-06-05 15:03:23,084 [INFO] PluginManage:310 - Check plugin ddr
2026-06-05 15:03:23,098 [INFO] PluginManage:359 - Loaded plugin ddr (category:tool,tabindex:6)
2026-06-05 15:03:23,099 [INFO] PluginManage:310 - Check plugin filemanager
2026-06-05 15:03:23,770 [INFO] PluginManage:359 - Loaded plugin filemanager (category:base,tabindex:10)
2026-06-05 15:03:23,770 [INFO] PluginManage:310 - Check plugin ipmanager
2026-06-05 15:03:23,791 [INFO] PluginManage:359 - Loaded plugin ipmanager (category:base,tabindex:5)
2026-06-05 15:03:23,791 [INFO] PluginManage:310 - Check plugin lpbam
2026-06-05 15:03:23,816 [INFO] PluginManage:359 - Loaded plugin lpbam (category:base,tabindex:0)
2026-06-05 15:03:23,816 [INFO] PluginManage:310 - Check plugin memorymap
2026-06-05 15:03:23,867 [INFO] PluginManage:359 - Loaded plugin memorymap (category:base,tabindex:4)
2026-06-05 15:03:23,867 [INFO] PluginManage:310 - Check plugin pinoutandconfiguration
2026-06-05 15:03:23,894 [INFO] PluginManage:359 - Loaded plugin pinoutandconfiguration (category:base,tabindex:1)
2026-06-05 15:03:23,894 [INFO] PluginManage:310 - Check plugin pinoutconfig
2026-06-05 15:03:24,148 [WARN] SupportedApi:132 - Cannot load RTOS API schema: s4s-elt-must-match.1: The content of 'definitions' must match (annotation?, (simpleType | complexType)?, (unique | key | keyref)*)). A problem was found starting at: attribute.
2026-06-05 15:03:24,607 [INFO] PluginManage:359 - Loaded plugin pinoutconfig (category:base,tabindex:0)
2026-06-05 15:03:24,607 [INFO] PluginManage:310 - Check plugin power
2026-06-05 15:03:24,639 [INFO] PluginManage:359 - Loaded plugin power (category:power,tabindex:4)
2026-06-05 15:03:24,640 [INFO] PluginManage:310 - Check plugin projectmanager
2026-06-05 15:03:24,690 [INFO] PluginManage:359 - Loaded plugin projectmanager (category:projectmanager,tabindex:4)
2026-06-05 15:03:24,691 [INFO] PluginManage:310 - Check plugin rif
2026-06-05 15:03:24,723 [INFO] PluginManage:359 - Loaded plugin rif (category:base,tabindex:3)
2026-06-05 15:03:24,724 [INFO] PluginManage:310 - Check plugin thirdparty
2026-06-05 15:03:25,299 [WARN] IntegrityCheckThread:84 - waiting for thirdparty lock release [integrity check]
2026-06-05 15:03:25,300 [INFO] IntegrityCheckThread:86 - entering critical section [integrity check]
2026-06-05 15:03:25,301 [INFO] ThirdPartyUpdaterWithRetryManager:70 - Updater plugin not ready yet. [1/15]
2026-06-05 15:03:25,302 [INFO] PluginManage:359 - Loaded plugin thirdparty (category:base,tabindex:-1)
2026-06-05 15:03:25,303 [INFO] PluginManage:310 - Check plugin tools
2026-06-05 15:03:25,317 [INFO] PluginManage:359 - Loaded plugin tools (category:base,tabindex:7)
2026-06-05 15:03:25,317 [INFO] PluginManage:310 - Check plugin tutovideos
2026-06-05 15:03:25,982 [INFO] PluginManage:359 - Loaded plugin tutovideos (category:base,tabindex:-1)
2026-06-05 15:03:25,982 [INFO] PluginManage:310 - Check plugin updater
2026-06-05 15:03:26,039 [INFO] PluginManage:359 - Loaded plugin updater (category:base,tabindex:12)
2026-06-05 15:03:26,039 [INFO] PluginManage:310 - Check plugin userauth
2026-06-05 15:03:26,050 [INFO] UserAuth:118 - Init User Auth plugin
2026-06-05 15:03:26,054 [INFO] PluginManage:359 - Loaded plugin userauth (category:base,tabindex:14)
2026-06-05 15:03:26,057 [INFO] PluginManage:283 - PluginManage : Loaded plugins [18]
2026-06-05 15:03:26,770 [INFO] PinOutPanel:1589 - setPackage(No Configuration,No Configuration)
2026-06-05 15:03:27,018 [INFO] CADModel:165 - CPN selected for project level
2026-06-05 15:03:27,018 [INFO] CADModel:114 - Register for checkConnection events
2026-06-05 15:03:27,067 [INFO] IPUIPlugin:80 - create IPUIPlugin
2026-06-05 15:03:27,067 [INFO] PluginManager:220 - loadIPPluginJar : add adc
2026-06-05 15:03:27,074 [INFO] IPUIPlugin:80 - create IPUIPlugin
2026-06-05 15:03:27,075 [INFO] PluginManager:220 - loadIPPluginJar : add aes
2026-06-05 15:03:27,082 [INFO] IPUIPlugin:80 - create IPUIPlugin
2026-06-05 15:03:27,082 [INFO] PluginManager:220 - loadIPPluginJar : add can
2026-06-05 15:03:27,087 [INFO] IPUIPlugin:80 - create IPUIPlugin
2026-06-05 15:03:27,087 [INFO] PluginManager:220 - loadIPPluginJar : add comp
2026-06-05 15:03:27,095 [INFO] IPUIPlugin:80 - create IPUIPlugin
2026-06-05 15:03:27,095 [INFO] PluginManager:220 - loadIPPluginJar : add cryp
2026-06-05 15:03:27,104 [INFO] IPUIPlugin:80 - create IPUIPlugin
2026-06-05 15:03:27,104 [INFO] PluginManager:220 - loadIPPluginJar : add ddr_ctrl_phy
2026-06-05 15:03:27,111 [INFO] IPUIPlugin:80 - create IPUIPlugin
2026-06-05 15:03:27,111 [INFO] PluginManager:220 - loadIPPluginJar : add dfsdm
2026-06-05 15:03:27,125 [INFO] IPUIPlugin:80 - create IPUIPlugin
2026-06-05 15:03:27,127 [INFO] PluginManager:220 - loadIPPluginJar : add dma
2026-06-05 15:03:27,135 [INFO] IPUIPlugin:80 - create IPUIPlugin
2026-06-05 15:03:27,135 [INFO] PluginManager:220 - loadIPPluginJar : add dma3
2026-06-05 15:03:27,147 [INFO] IPUIPlugin:80 - create IPUIPlugin
2026-06-05 15:03:27,147 [INFO] PluginManager:220 - loadIPPluginJar : add extmemmanager
2026-06-05 15:03:27,152 [INFO] IPUIPlugin:80 - create IPUIPlugin
2026-06-05 15:03:27,152 [INFO] PluginManager:220 - loadIPPluginJar : add fatfs
2026-06-05 15:03:27,163 [INFO] IPUIPlugin:80 - create IPUIPlugin
2026-06-05 15:03:27,163 [INFO] PluginManager:220 - loadIPPluginJar : add fmc
2026-06-05 15:03:27,179 [INFO] IPUIPlugin:80 - create IPUIPlugin
2026-06-05 15:03:27,180 [INFO] PluginManager:220 - loadIPPluginJar : add freertos
2026-06-05 15:03:27,183 [INFO] IPUIPlugin:80 - create IPUIPlugin
2026-06-05 15:03:27,184 [INFO] PluginManager:220 - loadIPPluginJar : add genericplugin
2026-06-05 15:03:27,188 [INFO] IPUIPlugin:80 - create IPUIPlugin
2026-06-05 15:03:27,189 [INFO] PluginManager:220 - loadIPPluginJar : add gfxmmu
2026-06-05 15:03:27,198 [INFO] IPUIPlugin:80 - create IPUIPlugin
2026-06-05 15:03:27,198 [INFO] PluginManager:220 - loadIPPluginJar : add gic
2026-06-05 15:03:27,207 [INFO] IPUIPlugin:80 - create IPUIPlugin
2026-06-05 15:03:27,207 [INFO] PluginManager:220 - loadIPPluginJar : add gpio
2026-06-05 15:03:27,214 [INFO] IPUIPlugin:80 - create IPUIPlugin
2026-06-05 15:03:27,214 [INFO] PluginManager:220 - loadIPPluginJar : add gtzc
2026-06-05 15:03:27,221 [INFO] IPUIPlugin:80 - create IPUIPlugin
2026-06-05 15:03:27,222 [INFO] PluginManager:220 - loadIPPluginJar : add hash
2026-06-05 15:03:27,229 [INFO] IPUIPlugin:80 - create IPUIPlugin
2026-06-05 15:03:27,230 [INFO] PluginManager:220 - loadIPPluginJar : add i2c
2026-06-05 15:03:27,237 [INFO] IPUIPlugin:80 - create IPUIPlugin
2026-06-05 15:03:27,237 [INFO] PluginManager:220 - loadIPPluginJar : add i2s
2026-06-05 15:03:27,245 [INFO] IPUIPlugin:80 - create IPUIPlugin
2026-06-05 15:03:27,246 [INFO] PluginManager:220 - loadIPPluginJar : add i3c
2026-06-05 15:03:27,257 [INFO] IPUIPlugin:80 - create IPUIPlugin
2026-06-05 15:03:27,258 [INFO] PluginManager:220 - loadIPPluginJar : add ipddr
2026-06-05 15:03:27,274 [INFO] IPUIPlugin:80 - create IPUIPlugin
2026-06-05 15:03:27,275 [INFO] PluginManager:220 - loadIPPluginJar : add linkedlist
2026-06-05 15:03:27,284 [INFO] IPUIPlugin:80 - create IPUIPlugin
2026-06-05 15:03:27,285 [INFO] PluginManager:220 - loadIPPluginJar : add lorawan
2026-06-05 15:03:27,290 [INFO] IPUIPlugin:80 - create IPUIPlugin
2026-06-05 15:03:27,291 [INFO] PluginManager:220 - loadIPPluginJar : add ltdc
2026-06-05 15:03:27,304 [INFO] IPUIPlugin:80 - create IPUIPlugin
2026-06-05 15:03:27,304 [INFO] PluginManager:220 - loadIPPluginJar : add mdma
2026-06-05 15:03:27,315 [INFO] IPUIPlugin:80 - create IPUIPlugin
2026-06-05 15:03:27,315 [INFO] PluginManager:220 - loadIPPluginJar : add nvic
2026-06-05 15:03:27,322 [INFO] IPUIPlugin:80 - create IPUIPlugin
2026-06-05 15:03:27,323 [INFO] PluginManager:220 - loadIPPluginJar : add opamp
2026-06-05 15:03:27,330 [INFO] IPUIPlugin:80 - create IPUIPlugin
2026-06-05 15:03:27,331 [INFO] PluginManager:220 - loadIPPluginJar : add openamp
2026-06-05 15:03:27,338 [INFO] IPUIPlugin:80 - create IPUIPlugin
2026-06-05 15:03:27,338 [INFO] PluginManager:220 - loadIPPluginJar : add pdm2pcm
2026-06-05 15:03:27,350 [INFO] IPUIPlugin:80 - create IPUIPlugin
2026-06-05 15:03:27,356 [INFO] PluginManager:220 - loadIPPluginJar : add plateformsettings
2026-06-05 15:03:27,361 [INFO] IPUIPlugin:80 - create IPUIPlugin
2026-06-05 15:03:27,362 [INFO] PluginManager:220 - loadIPPluginJar : add quadspi
2026-06-05 15:03:27,367 [INFO] IPUIPlugin:80 - create IPUIPlugin
2026-06-05 15:03:27,370 [INFO] PluginManager:220 - loadIPPluginJar : add radio
2026-06-05 15:03:27,383 [INFO] IPUIPlugin:80 - create IPUIPlugin
2026-06-05 15:03:27,384 [INFO] PluginManager:220 - loadIPPluginJar : add resmgrutility
2026-06-05 15:03:27,394 [INFO] IPUIPlugin:80 - create IPUIPlugin
2026-06-05 15:03:27,395 [INFO] PluginManager:220 - loadIPPluginJar : add sai
2026-06-05 15:03:27,403 [INFO] IPUIPlugin:80 - create IPUIPlugin
2026-06-05 15:03:27,403 [INFO] PluginManager:220 - loadIPPluginJar : add spi
2026-06-05 15:03:27,418 [INFO] IPUIPlugin:80 - create IPUIPlugin
2026-06-05 15:03:27,419 [INFO] PluginManager:220 - loadIPPluginJar : add stm32_wpan
2026-06-05 15:03:27,424 [INFO] IPUIPlugin:80 - create IPUIPlugin
2026-06-05 15:03:27,424 [INFO] PluginManager:220 - loadIPPluginJar : add tim
2026-06-05 15:03:27,433 [INFO] IPUIPlugin:80 - create IPUIPlugin
2026-06-05 15:03:27,434 [INFO] PluginManager:220 - loadIPPluginJar : add touchsensing
2026-06-05 15:03:27,442 [INFO] IPUIPlugin:80 - create IPUIPlugin
2026-06-05 15:03:27,443 [INFO] PluginManager:220 - loadIPPluginJar : add tracer_emb
2026-06-05 15:03:27,449 [INFO] IPUIPlugin:80 - create IPUIPlugin
2026-06-05 15:03:27,450 [INFO] PluginManager:220 - loadIPPluginJar : add ts
2026-06-05 15:03:27,455 [INFO] IPUIPlugin:80 - create IPUIPlugin
2026-06-05 15:03:27,456 [INFO] PluginManager:220 - loadIPPluginJar : add tsc
2026-06-05 15:03:27,463 [INFO] IPUIPlugin:80 - create IPUIPlugin
2026-06-05 15:03:27,463 [INFO] PluginManager:220 - loadIPPluginJar : add ucpd
2026-06-05 15:03:27,472 [INFO] IPUIPlugin:80 - create IPUIPlugin
2026-06-05 15:03:27,472 [INFO] PluginManager:220 - loadIPPluginJar : add usart
2026-06-05 15:03:27,483 [INFO] IPUIPlugin:80 - create IPUIPlugin
2026-06-05 15:03:27,483 [INFO] PluginManager:220 - loadIPPluginJar : add usbx
2026-06-05 15:03:27,720 [FATAL] Updater:351 - Updater called before beeing initialized
2026-06-05 15:03:27,789 [INFO] RulesReader:64 - Compatibility file has been processed (317 Rules)
2026-06-05 15:03:27,819 [INFO] RulesReader:64 - Compatibility file has been processed (317 Rules)
2026-06-05 15:03:27,852 [INFO] CADModel:165 - CPN selected for project level
2026-06-05 15:03:27,852 [INFO] CADModel:114 - Register for checkConnection events
2026-06-05 15:03:27,853 [FATAL] Updater:351 - Updater called before beeing initialized
2026-06-05 15:03:27,853 [ERROR] CADModel:125 - Updater not yet initialized, retry later 
2026-06-05 15:03:28,303 [INFO] ThirdPartyUpdaterWithRetryManager:70 - Updater plugin not ready yet. [2/15]
2026-06-05 15:03:28,323 [FATAL] Updater:351 - Updater called before beeing initialized
2026-06-05 15:03:28,328 [INFO] CADModel:165 - CPN selected for project level
2026-06-05 15:03:28,328 [INFO] CADModel:114 - Register for checkConnection events
2026-06-05 15:03:28,329 [FATAL] Updater:351 - Updater called before beeing initialized
2026-06-05 15:03:28,329 [ERROR] CADModel:125 - Updater not yet initialized, retry later 
2026-06-05 15:03:28,337 [FATAL] Updater:351 - Updater called before beeing initialized
2026-06-05 15:03:28,730 [FATAL] Updater:351 - Updater called before beeing initialized
2026-06-05 15:03:28,764 [INFO] DbMcusAds:53 - JSON generation date=Thu May 28 21:38:17 IST 2026 (1779984497073)
2026-06-05 15:03:28,764 [FATAL] Updater:351 - Updater called before beeing initialized
2026-06-05 15:03:28,876 [WARN] DetailPanel:346 - Failed to get advertising image, set to default
2026-06-05 15:03:29,099 [FATAL] Updater:351 - Updater called before beeing initialized
2026-06-05 15:03:29,104 [FATAL] Updater:351 - Updater called before beeing initialized
2026-06-05 15:03:29,105 [FATAL] Updater:351 - Updater called before beeing initialized
2026-06-05 15:03:29,105 [WARN] DetailPanel:346 - Failed to get advertising image, set to default
2026-06-05 15:03:29,106 [FATAL] Updater:351 - Updater called before beeing initialized
2026-06-05 15:03:29,218 [ERROR] Updater:1198 - MainUpdater not yet initialized. External WinMGr cannot be set.
2026-06-05 15:03:29,223 [INFO] Updater:1134 - Updater Version found : 6.15.0
2026-06-05 15:03:29,257 [INFO] ApplicationProperties:184 - Using Application install path: C:\ST\STM32CubeIDE_1.19.0\STM32CubeIDE\plugins\com.st.stm32cube.common.mx_6.15.0.202507011659
2026-06-05 15:03:30,850 [ERROR] LogOutputStream:75 - [STDERR_REDIRECT] Jun 05, 2026 3:03:30 PM java.util.prefs.WindowsPreferences <init>
2026-06-05 15:03:30,857 [ERROR] LogOutputStream:75 - [STDERR_REDIRECT] WARNING: Could not open/create prefs root node Software\JavaSoft\Prefs at root 0xffffffff80000002. Windows RegCreateKeyEx(...) returned error code 5.
2026-06-05 15:03:30,857 [ERROR] LogOutputStream:75 - [STDERR_REDIRECT] 
2026-06-05 15:03:31,304 [FATAL] Updater:351 - Updater called before beeing initialized
2026-06-05 15:03:31,304 [ERROR] IntegrityCheckThread:130 - Cannot retrieve database content from updater: error 21
2026-06-05 15:03:31,305 [INFO] ThirdParty:978 - Integrity check success = false
2026-06-05 15:03:31,305 [INFO] IntegrityCheckThread:100 - exiting critical section [integrity check]
2026-06-05 15:03:31,306 [INFO] IntegrityCheckThread:103 - End integrity checks thread
2026-06-05 15:03:31,690 [INFO] MainUpdater:2872 - connection check result : 10
2026-06-05 15:03:31,692 [INFO] MainUpdater:289 - Updater Check For Update Now.
2026-06-05 15:03:31,692 [INFO] MicroXplorer:498 - Change Database Version : DB.6.0.150
2026-06-05 15:03:31,723 [INFO] McuFinderGlobals:63 - Set McuFinder mode to 2 (CubeIDE integrated)
2026-06-05 15:03:31,725 [INFO] UserAuth:487 - Internet connection configuration mode: 1
2026-06-05 15:03:31,829 [INFO] JxBrowserEngine:152 - Initiate JxBrowser Engine with user profile folder
2026-06-05 15:03:32,120 [INFO] CheckServerUpdateThread:120 - End of CheckServer Thread
2026-06-05 15:03:32,135 [INFO] MainUpdater:2872 - connection check result : 10
2026-06-05 15:03:32,147 [INFO] McuFinderGlobals:76 - Set McuFinderConnectedMode to true
2026-06-05 15:03:32,625 [INFO] ServerAccessManage:452 - Complete download http(s) 200
2026-06-05 15:03:32,632 [INFO] ServerAccessManage:509 - Download File mcusAds.json._tmp_
2026-06-05 15:03:32,777 [INFO] LoadUrlFilesThread:156 - End of LoadUrlFiles Thread
2026-06-05 15:03:32,926 [INFO] ServerAccessManage:452 - Complete download http(s) 200
2026-06-05 15:03:32,928 [INFO] ServerAccessManage:509 - Download File cube-finder-db.zip
2026-06-05 15:03:39,760 [INFO] WebApp:169 - Instantiating new browser for Auth
2026-06-05 15:03:40,508 [INFO] FileExtend:248 - Unzip File : cube-finder-db.zip
2026-06-05 15:03:40,509 [INFO] FileExtend:263 - Standard Zip Deflate
2026-06-05 15:03:43,531 [INFO] LoadUrlFilesThread:156 - End of LoadUrlFiles Thread
2026-06-05 15:03:44,562 [INFO] ServerAccessManage:452 - Complete download http(s) 200
2026-06-05 15:03:44,564 [INFO] ServerAccessManage:509 - Download File crdb.zip
2026-06-05 15:03:44,963 [INFO] WebApp:463 - Apply proxy settings
2026-06-05 15:03:44,964 [INFO] WebApp:548 - Chromium requires no authentication
2026-06-05 15:03:45,004 [INFO] WebApp:491 - Direct internet connection detected
2026-06-05 15:03:45,152 [INFO] WebApp:900 - Register for checkConnection events
2026-06-05 15:03:45,152 [INFO] WebApp:463 - Apply proxy settings
2026-06-05 15:03:45,152 [INFO] WebApp:548 - Chromium requires no authentication
2026-06-05 15:03:45,154 [INFO] WebApp:491 - Direct internet connection detected
2026-06-05 15:03:45,838 [INFO] FileExtend:248 - Unzip File : crdb.zip
2026-06-05 15:03:45,840 [INFO] FileExtend:263 - Standard Zip Deflate
2026-06-05 15:03:45,988 [INFO] WebApp:191 - Connection restablished
2026-06-05 15:03:46,026 [INFO] LoadUrlFilesThread:156 - End of LoadUrlFiles Thread
2026-06-05 15:03:46,209 [INFO] ServerAccessManage:452 - Complete download http(s) 200
2026-06-05 15:03:46,210 [INFO] ServerAccessManage:509 - Download File tutoVideoDB.zip
2026-06-05 15:03:46,269 [INFO] FileExtend:248 - Unzip File : tutoVideoDB.zip
2026-06-05 15:03:46,270 [INFO] WebApp:225 - Starting web application
2026-06-05 15:03:46,270 [INFO] WebApp:593 - Web application path used C:\ST\STM32CubeIDE_1.19.0\STM32CubeIDE\plugins\com.st.stm32cube.common.mx_6.15.0.202507011659\db\plugins\mcufinder\reactClient1\index.html
2026-06-05 15:03:46,271 [INFO] FileExtend:263 - Standard Zip Deflate
2026-06-05 15:03:46,415 [INFO] LoadUrlFilesThread:156 - End of LoadUrlFiles Thread
2026-06-05 15:03:46,431 [WARN] DbFile:41 - Overriding database path with different value: C:\Users\ASUS\.stmcufinder\plugins\mcufinder/ => C:\Users\ASUS\.stmcufinder\plugins\mcufinder
2026-06-05 15:03:46,596 [ERROR] ServerAccessManage:1212 - Problem, file not found on Server
2026-06-05 15:03:46,601 [ERROR] ServerAccessManage:740 - Problem, file not found on Server : api_config.json.
2026-06-05 15:03:46,964 [INFO] UserAuth:487 - Internet connection configuration mode: 1
2026-06-05 15:05:27,116 [INFO] LoadUrlFilesThread:156 - End of LoadUrlFiles Thread
2026-06-05 15:05:28,679 [INFO] DbMcusAds:53 - JSON generation date=Thu May 28 21:38:17 IST 2026 (1779984497073)
2026-06-05 15:05:28,717 [ERROR] TargetSelectorAdapter:267 - Unable to refresh data
2026-06-05 15:05:29,830 [INFO] ApiDb:581 - Connected to CubeFinder SQLite database (C:\Users\ASUS\.stmcufinder\plugins\mcufinder\mcu\cube-finder-db.db)
2026-06-05 15:05:30,310 [INFO] ApiDb:668 - CubeFinder database Data Model version=2.1
2026-06-05 15:05:30,310 [INFO] ApiDb:669 - CubeFinder database Configuration version=3.0.42
2026-06-05 15:05:30,311 [INFO] ApiDb:670 - CubeFinder database generation date=2026-05-14 (1778746352)
2026-06-05 15:05:30,311 [INFO] ApiDb:671 - CubeFinder database FW Pack versions=[FP-ATR-ASTRA1_V2.0.0, FP-SNS-FLIGHT1_V5.1.0, FP-SNS-MOTENV1_V5.1.0, FP-SNS-MOTENVWB1_V1.5.0, FP-SNS-SMARTAG2_V1.2.0, FP-SNS-STBOX1_V2.1.0, STM32Cube_FW_C0_V1.4.0, STM32Cube_FW_F4_V1.28.3, STM32Cube_FW_F7_V1.17.4, STM32Cube_FW_G0_V1.6.3, STM32Cube_FW_G4_V1.6.2, STM32Cube_FW_H5_V1.6.0, STM32Cube_FW_H7RS_V1.3.0, STM32Cube_FW_H7_V1.13.0, STM32Cube_FW_L0_V1.12.2, STM32Cube_FW_L4_V1.18.2, STM32Cube_FW_L5_V1.6.0, STM32Cube_FW_N6_V1.3.0, STM32Cube_FW_U0_V1.3.0, STM32Cube_FW_U3_V1.3.0, STM32Cube_FW_U5_V1.8.0, STM32Cube_FW_WB0_V1.4.0, STM32Cube_FW_WBA_V1.9.0, STM32Cube_FW_WB_V1.24.0, STM32Cube_FW_WL3_V1.4.0, STM32Cube_FW_WL_V1.5.0, X-CUBE-ALGOBUILD_V1.4.0, X-CUBE-ALS_V1.0.2, X-CUBE-AZRTOS-F4_V1.1.0, X-CUBE-AZRTOS-F7_V1.1.0, X-CUBE-AZRTOS-G0_V1.1.0, X-CUBE-AZRTOS-G4_V2.0.0, X-CUBE-AZRTOS-H7RS_V1.1.0, X-CUBE-AZRTOS-H7_V3.5.0, X-CUBE-AZRTOS-L4_V2.0.0, X-CUBE-AZRTOS-L5_V2.0.0, X-CUBE-AZRTOS-WB_V2.0.0, X-CUBE-AZRTOS-WL_V2.0.0, X-CUBE-BLE1_V7.1.0, X-CUBE-BLE2_V3.3.0, X-CUBE-BLEMGR_V4.1.0, X-CUBE-EEPRMA1_V5.2.0, X-CUBE-FREERTOS_V1.5.0, X-CUBE-GNSS1_V7.1.1, X-CUBE-MEMS1_V12.1.0, X-CUBE-NFC4_V3.0.0, X-CUBE-NFC7_V2.0.0, X-CUBE-SFXS2LP1_V4.0.0, X-CUBE-ST67W61_V1.3.0, X-CUBE-SUBG2_V5.0.0, X-CUBE-TOF1_V3.4.3]
2026-06-05 15:05:39,299 [INFO] ApiDb:240 - Found 880 in-development CPN: [B-G473E-ZEST1S, B-WB1M-WPAN1, B-WBA5M-WPAN, B-WL5M-SUBG1, NUCLEO-C031C6, NUCLEO-C051C8, NUCLEO-C071RB, NUCLEO-C092RC, NUCLEO-H503RB, NUCLEO-H533RE, NUCLEO-H563ZI, NUCLEO-H7S3L8, NUCLEO-N657X0-Q, NUCLEO-U031R8, NUCLEO-U083RC, NUCLEO-U385RG-Q, NUCLEO-U545RE-Q, NUCLEO-U5A5ZJ-Q, NUCLEO-WB05KZ, NUCLEO-WB07CC, NUCLEO-WB09KE, NUCLEO-WBA52CG, NUCLEO-WBA55CG, NUCLEO-WL33CC1, NUCLEO-WL33CC2, STEVAL-PROTEUS1, STEVAL-SMARTAG2, STEVAL-STWINBX1, STM320518-EVAL, STM32C0116-DK, STM32C011D6Y3TR, STM32C011D6Y6TR, STM32C011F4P3, STM32C011F4P6, STM32C011F4U3, STM32C011F4U6TR, STM32C011F6P3, STM32C011F6P6, STM32C011F6U3, STM32C011F6U6TR, STM32C011J4M3, STM32C011J4M6, STM32C011J6M3, STM32C011J6M6, STM32C0316-DK, STM32C031C4T3, STM32C031C4T6, STM32C031C4U3, STM32C031C4U6, STM32C031C6T3, STM32C031C6T6, STM32C031C6U3, STM32C031C6U6, STM32C031F4P3, STM32C031F4P6, STM32C031F6P3, STM32C031F6P6, STM32C031G4U3, STM32C031G4U6, STM32C031G6U3, STM32C031G6U6, STM32C031K4T3, STM32C031K4T6, STM32C031K4U3, STM32C031K4U6, STM32C031K6T3, STM32C031K6T6, STM32C031K6U3, STM32C031K6U6, STM32C051C6T6, STM32C051C6U6, STM32C051C8T6, STM32C051C8U6, STM32C051D8Y6TR, STM32C051F6P6, STM32C051F8P6, STM32C051G6U6, STM32C051G8U6, STM32C051K6T6, STM32C051K6U6, STM32C051K8T6, STM32C071C8T6, STM32C071C8T6N, STM32C071C8U6, STM32C071C8U6N, STM32C071CBT6, STM32C071CBT6N, STM32C071CBU6, STM32C071CBU6N, STM32C071F8P6, STM32C071F8P6N, STM32C071FBP6, STM32C071FBP6N, STM32C071FBY6TR, STM32C071G8U6, STM32C071G8U6N, STM32C071GBU6, STM32C071GBU6N, STM32C071K8T6, STM32C071K8T6N, STM32C071K8U6, STM32C071K8U6N, STM32C071KBT6, STM32C071KBT6N, STM32C071KBU6, STM32C071KBU6N, STM32C071R8T6, STM32C071R8T6N, STM32C071RBI6N, STM32C071RBT6, STM32C071RBT6N, STM32C091CBT6, STM32C091CBU6, STM32C091CCT6, STM32C091CCU6, STM32C091ECY6TR, STM32C091FBP6, STM32C091FCP6, STM32C091GBU6, STM32C091GCU6, STM32C091KBT6, STM32C091KBU6, STM32C091KCT6, STM32C091KCU6, STM32C091RBT6, STM32C091RCI6, STM32C091RCT6, STM32C092CBT6, STM32C092CBU6, STM32C092CCT6, STM32C092CCU6, STM32C092ECY6TR, STM32C092FBP6, STM32C092FCP6, STM32C092GBU6, STM32C092GCU6, STM32C092KBT6, STM32C092KBU6, STM32C092KCT6, STM32C092KCU6, STM32C092RBT6, STM32C092RCI6, STM32C092RCT6, STM32G071K8TXN, STM32G071K8UXN, STM32G081GBU6N, STM32G081KBT6N, STM32G081KBUXN, STM32G0B1CCT6N, STM32G0B1KCT6, STM32G0B1NEY6TR, STM32G0B1RCT6N, STM32G0C1CCT6, STM32G0C1CCT6N, STM32G0C1CCU6N, STM32G0C1CET6N, STM32G0C1CEU6N, STM32G0C1KCT6, STM32G0C1NEY6TR, STM32G0C1RCI6N, STM32G0C1RCT6N, STM32G0C1REI6N, STM32G0C1RET6N, STM32G0C1VCI6, STM32G0C1VEI6, STM32G411C6T3, STM32G411C6T6, STM32G411C6U3, STM32G411C6U6, STM32G411C8T3, STM32G411C8T6, STM32G411C8U3, STM32G411C8U6, STM32G411CBT3, STM32G411CBT6, STM32G411CBU3, STM32G411CBU6, STM32G411K6T3, STM32G411K6T6, STM32G411K6U3, STM32G411K6U6, STM32G411K8T3, STM32G411K8T6, STM32G411K8U3, STM32G411K8U6, STM32G411KBT3, STM32G411KBT6, STM32G411KBU3, STM32G411KBU6, STM32G411M6T3, STM32G411M6T6, STM32G411M8T3, STM32G411M8T6, STM32G411MBT3, STM32G411MBT6, STM32G411R6T3, STM32G411R6T6, STM32G411R8T3, STM32G411R8T6, STM32G411RBT3, STM32G411RBT6, STM32G414CBT3, STM32G414CBT6, STM32G414CBU3, STM32G414CBU6, STM32G414CCT3, STM32G414CCT6, STM32G414CCU3, STM32G414CCU6, STM32G414MBT3, STM32G414MBT6, STM32G414MCT3, STM32G414MCT6, STM32G414RBT3, STM32G414RBT6, STM32G414RCT3, STM32G414RCT6, STM32G414VBT3, STM32G414VBT6, STM32G414VCT3, STM32G414VCT6, STM32G431CBT3Z, STM32G431RBT3Z, STM32G471CCT6, STM32G471CCU6, STM32G471CET3, STM32G471CET6, STM32G471CEU3, STM32G471CEU6, STM32G471MCT6, STM32G471MET3, STM32G471MET6, STM32G471MEY6TR, STM32G471QCT6, STM32G471QET3, STM32G471RCT6, STM32G471RET3, STM32G471RET6, STM32G471VCH6, STM32G471VCI6, STM32G471VCT6, STM32G471VEH3, STM32G471VEH6, STM32G471VEI3, STM32G471VEI6, STM32G471VET3, STM32G471VET6, STM32G473QET3Z, STM32G473RET3Z, STM32G474CCT6, STM32G491RET3Z, STM32H503CBT6, STM32H503CBU6, STM32H503EBY6TR, STM32H503KBU6, STM32H503RBT6, STM32H523CCT6, STM32H523CCU6, STM32H523CET6, STM32H523CEU6, STM32H523HEY6TR, STM32H523RCT6, STM32H523RET6, STM32H523VCI6, STM32H523VCT6, STM32H523VEI6, STM32H523VET6, STM32H523ZCJ6, STM32H523ZCT6, STM32H523ZEJ6, STM32H523ZET6, STM32H533CET6, STM32H533CEU6, STM32H533HEY6TR, STM32H533RET6, STM32H533VEI6, STM32H533VET6, STM32H533ZEJ6, STM32H533ZET6, STM32H562AGI6, STM32H562AII6, STM32H562IGK6, STM32H562IGT6, STM32H562IIK6, STM32H562IIT6, STM32H562RGT6, STM32H562RGV6, STM32H562RIT6, STM32H562RIV6, STM32H562VGT6, STM32H562VIT6, STM32H562ZGT6, STM32H562ZIT6, STM32H563AGI6, STM32H563AII3Q, STM32H563AII6, STM32H563IGK6, STM32H563IGT6, STM32H563IIK3Q, STM32H563IIK6, STM32H563IIT3Q, STM32H563IIT6, STM32H563MIY3QTR, STM32H563RGT6, STM32H563RGV6, STM32H563RIT6, STM32H563RIV6, STM32H563VGT6, STM32H563VIT3Q, STM32H563VIT6, STM32H563ZGT6, STM32H563ZIT3Q, STM32H563ZIT6, STM32H573AII3Q, STM32H573AII6, STM32H573I-DK, STM32H573IIK3Q, STM32H573IIK6, STM32H573IIT3Q, STM32H573IIT6, STM32H573MIY3QTR, STM32H573RIT6, STM32H573RIV6, STM32H573VIT3Q, STM32H573VIT6, STM32H573ZIT3Q, STM32H573ZIT6, STM32H7R3A8I6, STM32H7R3I8K6, STM32H7R3I8T6, STM32H7R3L8H6, STM32H7R3L8H6H, STM32H7R3R8V6, STM32H7R3V8H6, STM32H7R3V8T6, STM32H7R3V8Y6TR, STM32H7R3Z8J6, STM32H7R3Z8T6, STM32H7R7A8I6, STM32H7R7I8K6, STM32H7R7I8T6, STM32H7R7L8H6, STM32H7R7L8H6H, STM32H7R7Z8J6, STM32H7S3A8I6, STM32H7S3I8K6, STM32H7S3I8T6, STM32H7S3L8H6, STM32H7S3L8H6H, STM32H7S3R8V6, STM32H7S3V8H6, STM32H7S3V8T6, STM32H7S3V8Y6TR, STM32H7S3Z8J6, STM32H7S3Z8T6, STM32H7S78-DK, STM32H7S7A8I6, STM32H7S7I8K6, STM32H7S7I8T6, STM32H7S7L8H6, STM32H7S7L8H6H, STM32H7S7Z8J6, STM32L4R5QGI6STR, STM32MP131AAE3, STM32MP131AAF3, STM32MP131AAG3, STM32MP131CAE3, STM32MP131CAF3, STM32MP131CAG3, STM32MP131DAE7, STM32MP131DAF7, STM32MP131DAG7, STM32MP131FAE7, STM32MP131FAF7, STM32MP131FAG7, STM32MP133AAE3, STM32MP133AAF3, STM32MP133AAG3, STM32MP133CAE3, STM32MP133CAF3, STM32MP133CAG3, STM32MP133DAE7, STM32MP133DAF7, STM32MP133DAG7, STM32MP133FAE7, STM32MP133FAF7, STM32MP133FAG7, STM32MP135AAE3, STM32MP135AAF3, STM32MP135AAG3, STM32MP135CAE3, STM32MP135CAF3, STM32MP135CAG3, STM32MP135DAE7, STM32MP135DAF7, STM32MP135DAG7, STM32MP135F-DK, STM32MP135FAE7, STM32MP135FAF7, STM32MP135FAF7T, STM32MP135FAF7U, STM32MP135FAG7, STM32MP211AAL3, STM32MP211AAM3, STM32MP211AAN3, STM32MP211AAO3, STM32MP211CAL3, STM32MP211CAM3, STM32MP211CAN3, STM32MP211CAO3, STM32MP211DAL3, STM32MP211DAM3, STM32MP211DAN3, STM32MP211DAO3, STM32MP211FAL3, STM32MP211FAM3, STM32MP211FAN3, STM32MP211FAO3, STM32MP213AAL3, STM32MP213AAM3, STM32MP213AAN3, STM32MP213AAO3, STM32MP213CAL3, STM32MP213CAM3, STM32MP213CAN3, STM32MP213CAO3, STM32MP213DAL3, STM32MP213DAM3, STM32MP213DAN3, STM32MP213DAO3, STM32MP213FAL3, STM32MP213FAM3, STM32MP213FAN3, STM32MP213FAO3, STM32MP215AAL3, STM32MP215AAM3, STM32MP215AAN3, STM32MP215AAO3, STM32MP215CAL3, STM32MP215CAM3, STM32MP215CAN3, STM32MP215CAO3, STM32MP215DAL3, STM32MP215DAM3, STM32MP215DAN3, STM32MP215DAO3, STM32MP215F-DK, STM32MP215FAL3, STM32MP215FAM3, STM32MP215FAN3, STM32MP215FAO3, STM32MP231AAJ3, STM32MP231AAK3, STM32MP231AAL3, STM32MP231CAJ3, STM32MP231CAK3, STM32MP231CAL3, STM32MP231DAJ3, STM32MP231DAK3, STM32MP231DAL3, STM32MP231FAJ3, STM32MP231FAK3, STM32MP231FAL3, STM32MP233AAJ3, STM32MP233AAK3, STM32MP233AAL3, STM32MP233CAJ3, STM32MP233CAK3, STM32MP233CAL3, STM32MP233DAJ3, STM32MP233DAK3, STM32MP233DAL3, STM32MP233FAJ3, STM32MP233FAK3, STM32MP233FAL3, STM32MP235AAJ3, STM32MP235AAK3, STM32MP235AAL3, STM32MP235CAJ3, STM32MP235CAK3, STM32MP235CAL3, STM32MP235DAJ3, STM32MP235DAK3, STM32MP235DAL3, STM32MP235FAJ3, STM32MP235FAK3, STM32MP235FAL3, STM32MP251AAI3, STM32MP251AAK3, STM32MP251AAL3, STM32MP251CAI3, STM32MP251CAK3, STM32MP251CAL3, STM32MP251DAI3, STM32MP251DAK3, STM32MP251DAL3, STM32MP251FAI3, STM32MP251FAK3, STM32MP251FAL3, STM32MP253AAI3, STM32MP253AAK3, STM32MP253AAL3, STM32MP253CAI3, STM32MP253CAK3, STM32MP253CAL3, STM32MP253DAI3, STM32MP253DAK3, STM32MP253DAL3, STM32MP253FAI3, STM32MP253FAK3, STM32MP253FAL3, STM32MP255AAI3, STM32MP255AAK3, STM32MP255AAL3, STM32MP255CAI3, STM32MP255CAK3, STM32MP255CAL3, STM32MP255DAI3, STM32MP255DAK3, STM32MP255DAL3, STM32MP255FAI3, STM32MP255FAK3, STM32MP255FAL3, STM32MP257AAI3, STM32MP257AAK3, STM32MP257AAL3, STM32MP257CAI3, STM32MP257CAK3, STM32MP257CAL3, STM32MP257DAI3, STM32MP257DAK3, STM32MP257DAL3, STM32MP257F-DK, STM32MP257F-EV1, STM32MP257FAI3, STM32MP257FAK3, STM32MP257FAL3, STM32N645A0H3Q, STM32N645B0H3Q, STM32N645I0H3Q, STM32N645L0H3Q, STM32N645X0H3Q, STM32N645Z0H3Q, STM32N647A0H3Q, STM32N647B0H3Q, STM32N647I0H3Q, STM32N647L0H3Q, STM32N647X0H3Q, STM32N647Z0H3Q, STM32N655A0H3Q, STM32N655B0H3Q, STM32N655I0H3Q, STM32N655L0H3Q, STM32N655X0H3Q, STM32N655Z0H3Q, STM32N6570-DK, STM32N657A0H3Q, STM32N657B0H3Q, STM32N657I0H3Q, STM32N657L0H3Q, STM32N657X0H3Q, STM32N657Z0H3Q, STM32U031C6T6, STM32U031C6U6, STM32U031C8T6, STM32U031C8U6, STM32U031F4P6, STM32U031F6P6, STM32U031F8P6, STM32U031G6Y6TR, STM32U031G8Y6TR, STM32U031K4U6, STM32U031K6U6, STM32U031K8U6, STM32U031R6I6, STM32U031R6T6, STM32U031R8I6, STM32U031R8T6, STM32U073C8T6, STM32U073C8U6, STM32U073CBT6, STM32U073CBU6, STM32U073CCT6, STM32U073CCU6, STM32U073H8Y6TR, STM32U073HBY6TR, STM32U073HCY6TR, STM32U073K8U6, STM32U073KBU6, STM32U073KCU6, STM32U073M8I6, STM32U073M8T6, STM32U073MBI6, STM32U073MBT6, STM32U073MCI6, STM32U073MCT6, STM32U073R8I6, STM32U073R8T6, STM32U073RBI6, STM32U073RBT6, STM32U073RCI6, STM32U073RCT6, STM32U083C-DK, STM32U083CCT6, STM32U083CCU6, STM32U083HCY6TR, STM32U083KCU6, STM32U083MCI6, STM32U083MCT6, STM32U083RCI6, STM32U083RCT6, STM32U375CET6, STM32U375CET6Q, STM32U375CEU6, STM32U375CEU6Q, STM32U375CEY6QTR, STM32U375CGT6, STM32U375CGT6Q, STM32U375CGU6, STM32U375CGU6Q, STM32U375CGY6QTR, STM32U375KEU6, STM32U375KGU6, STM32U375REI6, STM32U375REI6Q, STM32U375RET6, STM32U375RET6Q, STM32U375REY6GTR, STM32U375REY6QTR, STM32U375RGI6, STM32U375RGI6Q, STM32U375RGT6, STM32U375RGT6Q, STM32U375RGY6GTR, STM32U375RGY6QTR, STM32U375VEI6, STM32U375VEI6Q, STM32U375VET6, STM32U375VET6Q, STM32U375VGI6, STM32U375VGI6Q, STM32U375VGT6, STM32U375VGT6Q, STM32U385CGT6, STM32U385CGT6Q, STM32U385CGU6, STM32U385CGU6Q, STM32U385CGY6QTR, STM32U385KGU6, STM32U385RGI6, STM32U385RGI6Q, STM32U385RGT6, STM32U385RGT6Q, STM32U385RGY6GTR, STM32U385RGY6QTR, STM32U385VGI6, STM32U385VGI6Q, STM32U385VGT6, STM32U385VGT6Q, STM32U535CBT6, STM32U535CBT6Q, STM32U535CBU6, STM32U535CBU6Q, STM32U535CCT6, STM32U535CCT6Q, STM32U535CCU6, STM32U535CCU6Q, STM32U535CET6, STM32U535CET6Q, STM32U535CEU6, STM32U535CEU6Q, STM32U535JEY6QTR, STM32U535NCY6QTR, STM32U535NEY6QTR, STM32U535RBI6, STM32U535RBI6Q, STM32U535RBT6, STM32U535RBT6Q, STM32U535RCI6, STM32U535RCI6Q, STM32U535RCT6, STM32U535RCT6Q, STM32U535REI6, STM32U535REI6Q, STM32U535RET6, STM32U535RET6Q, STM32U535VCI6, STM32U535VCI6Q, STM32U535VCT6, STM32U535VCT6Q, STM32U535VEI6, STM32U535VEI6Q, STM32U535VET6, STM32U535VET6Q, STM32U545CET6, STM32U545CET6Q, STM32U545CEU6, STM32U545CEU6Q, STM32U545JEY6QTR, STM32U545NEY6QTR, STM32U545REI6, STM32U545REI6Q, STM32U545RET6, STM32U545RET6Q, STM32U545VEI6, STM32U545VEI6Q, STM32U545VET6, STM32U545VET6Q, STM32U595AIH6, STM32U595AIH6Q, STM32U595AJH6, STM32U595AJH6Q, STM32U595QII6, STM32U595QII6Q, STM32U595QJI6, STM32U595QJI6Q, STM32U595RIT6, STM32U595RIT6Q, STM32U595RJT6, STM32U595RJT6Q, STM32U595VIT6, STM32U595VIT6Q, STM32U595VJT6, STM32U595VJT6Q, STM32U595ZIT6, STM32U595ZIT6Q, STM32U595ZIY6QTR, STM32U595ZJT6, STM32U595ZJT6Q, STM32U595ZJY6QTR, STM32U599BJY6QTR, STM32U599NIH6Q, STM32U599NJH6Q, STM32U599VIT6Q, STM32U599VJT6, STM32U599VJT6Q, STM32U599ZIT6Q, STM32U599ZIY6QTR, STM32U599ZJT6Q, STM32U599ZJY6QTR, STM32U5A5AJH6, STM32U5A5AJH6Q, STM32U5A5QII3Q , STM32U5A5QJI6, STM32U5A5QJI6Q, STM32U5A5RJT6, STM32U5A5RJT6Q, STM32U5A5VJT6, STM32U5A5VJT6Q, STM32U5A5ZJT6, STM32U5A5ZJT6Q, STM32U5A5ZJY6QTR, STM32U5A9BJY6QTR, STM32U5A9J-DK, STM32U5A9NJH6Q, STM32U5A9VJT6Q, STM32U5A9ZJT6Q, STM32U5A9ZJY6QTR, STM32U5F7VIT6, STM32U5F7VIT6Q, STM32U5F7VJT6, STM32U5F7VJT6Q, STM32U5F9BJY6QTR, STM32U5F9NJH6Q, STM32U5F9VIT6Q, STM32U5F9VJT6Q, STM32U5F9ZIJ6QTR, STM32U5F9ZIT6Q, STM32U5F9ZJJ6QTR, STM32U5F9ZJT6Q, STM32U5G7VJT6, STM32U5G7VJT6Q, STM32U5G9BJY6QTR, STM32U5G9J-DK1, STM32U5G9J-DK2, STM32U5G9NJH6Q, STM32U5G9VJT6Q, STM32U5G9ZJJ6QTR, STM32U5G9ZJT6Q, STM32WB05KZV6TR, STM32WB05KZV7TR, STM32WB05TZF6TR, STM32WB05TZF7TR, STM32WB06CCF6TR, STM32WB06CCF7TR, STM32WB06CCV6TR, STM32WB06CCV7TR, STM32WB06KCV6TR, STM32WB06KCV7TR, STM32WB07CCF6TR, STM32WB07CCF7TR, STM32WB07CCV6TR, STM32WB07CCV7TR, STM32WB07KCV6TR, STM32WB07KCV7TR, STM32WB09KEV6TR, STM32WB09KEV7TR, STM32WB09TEF6TR, STM32WB09TEF7TR, STM32WB1MMCH6, STM32WBA50KGU6, STM32WBA50KGU6TR, STM32WBA52CEU6, STM32WBA52CEU6TR, STM32WBA52CEU7, STM32WBA52CEU7TR, STM32WBA52CGU6, STM32WBA52CGU6TR, STM32WBA52CGU6U, STM32WBA52CGU7, STM32WBA52CGU7TR, STM32WBA52KEU6, STM32WBA52KEU6TR, STM32WBA52KGU6, STM32WBA52KGU6TR, STM32WBA54CEU6, STM32WBA54CEU6TR, STM32WBA54CEU7, STM32WBA54CEU7TR, STM32WBA54CGU6, STM32WBA54CGU6TR, STM32WBA54CGU7, STM32WBA54CGU7TR, STM32WBA54KEU6, STM32WBA54KEU6TR, STM32WBA54KEU7, STM32WBA54KEU7TR, STM32WBA54KGU6, STM32WBA54KGU6TR, STM32WBA54KGU7, STM32WBA54KGU7TR, STM32WBA55CEU6, STM32WBA55CEU6TR, STM32WBA55CEU7, STM32WBA55CEU7TR, STM32WBA55CGU6, STM32WBA55CGU6TR, STM32WBA55CGU6U, STM32WBA55CGU7, STM32WBA55CGU7TR, STM32WBA55G-DK1, STM32WBA55HEF6, STM32WBA55HEF7, STM32WBA55HGF6, STM32WBA55HGF7, STM32WBA55UEI6, STM32WBA55UEI6TR, STM32WBA55UEI7, STM32WBA55UEI7TR, STM32WBA55UGI6, STM32WBA55UGI6TR, STM32WBA55UGI7, STM32WBA55UGI7TR, STM32WBA5MMGH6TR, STM32WBA62MGF6, STM32WBA62MIF6, STM32WBA65MGF7, STM32WBA65MIF6, STM32WBA65MIF7, STM32WL30K8V6, STM32WL30KBV6, STM32WL31C8V6, STM32WL31CBV6, STM32WL31K8V6, STM32WL31KBV6, STM32WL33C8V6, STM32WL33C8V6X, STM32WL33CBV6, STM32WL33CBV6X, STM32WL33CCV6, STM32WL33CCV6A, STM32WL33CCV6X, STM32WL33K8V7, STM32WL33K8V7X, STM32WL33KBV7 , STM32WL33KBV7X, STM32WL33KCV7, STM32WL33KCV7X, STM32WL5MOCH6, STM32WL5MOCH6TR]
2026-06-05 15:05:39,315 [INFO] DbMcus:218 - Found 5086 MCUs, 4968 are supported
2026-06-05 15:05:39,317 [INFO] ApiDb:423 - Load user favorites file C:\Users\ASUS/.stm32cubeide/favorites.mcus.txt: 1 item(s)
2026-06-05 15:05:39,318 [INFO] ApiDb:427 - User favorites MCUs=[STM32F446ZET6]
2026-06-05 15:05:39,318 [INFO] DbMcus:224 - Set 1 / 1 favorites MCUs
2026-06-05 15:05:41,594 [INFO] ApiDb:668 - CubeFinder database Data Model version=2.1
2026-06-05 15:05:41,594 [INFO] ApiDb:669 - CubeFinder database Configuration version=3.0.42
2026-06-05 15:05:41,594 [INFO] ApiDb:670 - CubeFinder database generation date=2026-05-14 (1778746352)
2026-06-05 15:05:41,595 [INFO] ApiDb:671 - CubeFinder database FW Pack versions=[FP-ATR-ASTRA1_V2.0.0, FP-SNS-FLIGHT1_V5.1.0, FP-SNS-MOTENV1_V5.1.0, FP-SNS-MOTENVWB1_V1.5.0, FP-SNS-SMARTAG2_V1.2.0, FP-SNS-STBOX1_V2.1.0, STM32Cube_FW_C0_V1.4.0, STM32Cube_FW_F4_V1.28.3, STM32Cube_FW_F7_V1.17.4, STM32Cube_FW_G0_V1.6.3, STM32Cube_FW_G4_V1.6.2, STM32Cube_FW_H5_V1.6.0, STM32Cube_FW_H7RS_V1.3.0, STM32Cube_FW_H7_V1.13.0, STM32Cube_FW_L0_V1.12.2, STM32Cube_FW_L4_V1.18.2, STM32Cube_FW_L5_V1.6.0, STM32Cube_FW_N6_V1.3.0, STM32Cube_FW_U0_V1.3.0, STM32Cube_FW_U3_V1.3.0, STM32Cube_FW_U5_V1.8.0, STM32Cube_FW_WB0_V1.4.0, STM32Cube_FW_WBA_V1.9.0, STM32Cube_FW_WB_V1.24.0, STM32Cube_FW_WL3_V1.4.0, STM32Cube_FW_WL_V1.5.0, X-CUBE-ALGOBUILD_V1.4.0, X-CUBE-ALS_V1.0.2, X-CUBE-AZRTOS-F4_V1.1.0, X-CUBE-AZRTOS-F7_V1.1.0, X-CUBE-AZRTOS-G0_V1.1.0, X-CUBE-AZRTOS-G4_V2.0.0, X-CUBE-AZRTOS-H7RS_V1.1.0, X-CUBE-AZRTOS-H7_V3.5.0, X-CUBE-AZRTOS-L4_V2.0.0, X-CUBE-AZRTOS-L5_V2.0.0, X-CUBE-AZRTOS-WB_V2.0.0, X-CUBE-AZRTOS-WL_V2.0.0, X-CUBE-BLE1_V7.1.0, X-CUBE-BLE2_V3.3.0, X-CUBE-BLEMGR_V4.1.0, X-CUBE-EEPRMA1_V5.2.0, X-CUBE-FREERTOS_V1.5.0, X-CUBE-GNSS1_V7.1.1, X-CUBE-MEMS1_V12.1.0, X-CUBE-NFC4_V3.0.0, X-CUBE-NFC7_V2.0.0, X-CUBE-SFXS2LP1_V4.0.0, X-CUBE-ST67W61_V1.3.0, X-CUBE-SUBG2_V5.0.0, X-CUBE-TOF1_V3.4.3]
2026-06-05 15:05:41,842 [INFO] DbBoardsSqlite:226 - include board P-NUCLEO-WB55-NUCLEO as a kit item of type 'Nucleo-64'
2026-06-05 15:05:41,842 [INFO] DbBoardsSqlite:226 - include board P-NUCLEO-WB55-USBDONGLE as a kit item of type 'Nucleo USB Dongle'
2026-06-05 15:05:41,843 [INFO] DbBoardsSqlite:226 - include board STEVAL-IDP005V1 as a kit item of type 'Evaluation Board'
2026-06-05 15:05:41,844 [INFO] DbBoardsSqlite:226 - include board STEVAL-IDP005V2 as a kit item of type 'Evaluation Board'
2026-06-05 15:05:42,159 [INFO] ApiDb:240 - Found 880 in-development CPN: [B-G473E-ZEST1S, B-WB1M-WPAN1, B-WBA5M-WPAN, B-WL5M-SUBG1, NUCLEO-C031C6, NUCLEO-C051C8, NUCLEO-C071RB, NUCLEO-C092RC, NUCLEO-H503RB, NUCLEO-H533RE, NUCLEO-H563ZI, NUCLEO-H7S3L8, NUCLEO-N657X0-Q, NUCLEO-U031R8, NUCLEO-U083RC, NUCLEO-U385RG-Q, NUCLEO-U545RE-Q, NUCLEO-U5A5ZJ-Q, NUCLEO-WB05KZ, NUCLEO-WB07CC, NUCLEO-WB09KE, NUCLEO-WBA52CG, NUCLEO-WBA55CG, NUCLEO-WL33CC1, NUCLEO-WL33CC2, STEVAL-PROTEUS1, STEVAL-SMARTAG2, STEVAL-STWINBX1, STM320518-EVAL, STM32C0116-DK, STM32C011D6Y3TR, STM32C011D6Y6TR, STM32C011F4P3, STM32C011F4P6, STM32C011F4U3, STM32C011F4U6TR, STM32C011F6P3, STM32C011F6P6, STM32C011F6U3, STM32C011F6U6TR, STM32C011J4M3, STM32C011J4M6, STM32C011J6M3, STM32C011J6M6, STM32C0316-DK, STM32C031C4T3, STM32C031C4T6, STM32C031C4U3, STM32C031C4U6, STM32C031C6T3, STM32C031C6T6, STM32C031C6U3, STM32C031C6U6, STM32C031F4P3, STM32C031F4P6, STM32C031F6P3, STM32C031F6P6, STM32C031G4U3, STM32C031G4U6, STM32C031G6U3, STM32C031G6U6, STM32C031K4T3, STM32C031K4T6, STM32C031K4U3, STM32C031K4U6, STM32C031K6T3, STM32C031K6T6, STM32C031K6U3, STM32C031K6U6, STM32C051C6T6, STM32C051C6U6, STM32C051C8T6, STM32C051C8U6, STM32C051D8Y6TR, STM32C051F6P6, STM32C051F8P6, STM32C051G6U6, STM32C051G8U6, STM32C051K6T6, STM32C051K6U6, STM32C051K8T6, STM32C071C8T6, STM32C071C8T6N, STM32C071C8U6, STM32C071C8U6N, STM32C071CBT6, STM32C071CBT6N, STM32C071CBU6, STM32C071CBU6N, STM32C071F8P6, STM32C071F8P6N, STM32C071FBP6, STM32C071FBP6N, STM32C071FBY6TR, STM32C071G8U6, STM32C071G8U6N, STM32C071GBU6, STM32C071GBU6N, STM32C071K8T6, STM32C071K8T6N, STM32C071K8U6, STM32C071K8U6N, STM32C071KBT6, STM32C071KBT6N, STM32C071KBU6, STM32C071KBU6N, STM32C071R8T6, STM32C071R8T6N, STM32C071RBI6N, STM32C071RBT6, STM32C071RBT6N, STM32C091CBT6, STM32C091CBU6, STM32C091CCT6, STM32C091CCU6, STM32C091ECY6TR, STM32C091FBP6, STM32C091FCP6, STM32C091GBU6, STM32C091GCU6, STM32C091KBT6, STM32C091KBU6, STM32C091KCT6, STM32C091KCU6, STM32C091RBT6, STM32C091RCI6, STM32C091RCT6, STM32C092CBT6, STM32C092CBU6, STM32C092CCT6, STM32C092CCU6, STM32C092ECY6TR, STM32C092FBP6, STM32C092FCP6, STM32C092GBU6, STM32C092GCU6, STM32C092KBT6, STM32C092KBU6, STM32C092KCT6, STM32C092KCU6, STM32C092RBT6, STM32C092RCI6, STM32C092RCT6, STM32G071K8TXN, STM32G071K8UXN, STM32G081GBU6N, STM32G081KBT6N, STM32G081KBUXN, STM32G0B1CCT6N, STM32G0B1KCT6, STM32G0B1NEY6TR, STM32G0B1RCT6N, STM32G0C1CCT6, STM32G0C1CCT6N, STM32G0C1CCU6N, STM32G0C1CET6N, STM32G0C1CEU6N, STM32G0C1KCT6, STM32G0C1NEY6TR, STM32G0C1RCI6N, STM32G0C1RCT6N, STM32G0C1REI6N, STM32G0C1RET6N, STM32G0C1VCI6, STM32G0C1VEI6, STM32G411C6T3, STM32G411C6T6, STM32G411C6U3, STM32G411C6U6, STM32G411C8T3, STM32G411C8T6, STM32G411C8U3, STM32G411C8U6, STM32G411CBT3, STM32G411CBT6, STM32G411CBU3, STM32G411CBU6, STM32G411K6T3, STM32G411K6T6, STM32G411K6U3, STM32G411K6U6, STM32G411K8T3, STM32G411K8T6, STM32G411K8U3, STM32G411K8U6, STM32G411KBT3, STM32G411KBT6, STM32G411KBU3, STM32G411KBU6, STM32G411M6T3, STM32G411M6T6, STM32G411M8T3, STM32G411M8T6, STM32G411MBT3, STM32G411MBT6, STM32G411R6T3, STM32G411R6T6, STM32G411R8T3, STM32G411R8T6, STM32G411RBT3, STM32G411RBT6, STM32G414CBT3, STM32G414CBT6, STM32G414CBU3, STM32G414CBU6, STM32G414CCT3, STM32G414CCT6, STM32G414CCU3, STM32G414CCU6, STM32G414MBT3, STM32G414MBT6, STM32G414MCT3, STM32G414MCT6, STM32G414RBT3, STM32G414RBT6, STM32G414RCT3, STM32G414RCT6, STM32G414VBT3, STM32G414VBT6, STM32G414VCT3, STM32G414VCT6, STM32G431CBT3Z, STM32G431RBT3Z, STM32G471CCT6, STM32G471CCU6, STM32G471CET3, STM32G471CET6, STM32G471CEU3, STM32G471CEU6, STM32G471MCT6, STM32G471MET3, STM32G471MET6, STM32G471MEY6TR, STM32G471QCT6, STM32G471QET3, STM32G471RCT6, STM32G471RET3, STM32G471RET6, STM32G471VCH6, STM32G471VCI6, STM32G471VCT6, STM32G471VEH3, STM32G471VEH6, STM32G471VEI3, STM32G471VEI6, STM32G471VET3, STM32G471VET6, STM32G473QET3Z, STM32G473RET3Z, STM32G474CCT6, STM32G491RET3Z, STM32H503CBT6, STM32H503CBU6, STM32H503EBY6TR, STM32H503KBU6, STM32H503RBT6, STM32H523CCT6, STM32H523CCU6, STM32H523CET6, STM32H523CEU6, STM32H523HEY6TR, STM32H523RCT6, STM32H523RET6, STM32H523VCI6, STM32H523VCT6, STM32H523VEI6, STM32H523VET6, STM32H523ZCJ6, STM32H523ZCT6, STM32H523ZEJ6, STM32H523ZET6, STM32H533CET6, STM32H533CEU6, STM32H533HEY6TR, STM32H533RET6, STM32H533VEI6, STM32H533VET6, STM32H533ZEJ6, STM32H533ZET6, STM32H562AGI6, STM32H562AII6, STM32H562IGK6, STM32H562IGT6, STM32H562IIK6, STM32H562IIT6, STM32H562RGT6, STM32H562RGV6, STM32H562RIT6, STM32H562RIV6, STM32H562VGT6, STM32H562VIT6, STM32H562ZGT6, STM32H562ZIT6, STM32H563AGI6, STM32H563AII3Q, STM32H563AII6, STM32H563IGK6, STM32H563IGT6, STM32H563IIK3Q, STM32H563IIK6, STM32H563IIT3Q, STM32H563IIT6, STM32H563MIY3QTR, STM32H563RGT6, STM32H563RGV6, STM32H563RIT6, STM32H563RIV6, STM32H563VGT6, STM32H563VIT3Q, STM32H563VIT6, STM32H563ZGT6, STM32H563ZIT3Q, STM32H563ZIT6, STM32H573AII3Q, STM32H573AII6, STM32H573I-DK, STM32H573IIK3Q, STM32H573IIK6, STM32H573IIT3Q, STM32H573IIT6, STM32H573MIY3QTR, STM32H573RIT6, STM32H573RIV6, STM32H573VIT3Q, STM32H573VIT6, STM32H573ZIT3Q, STM32H573ZIT6, STM32H7R3A8I6, STM32H7R3I8K6, STM32H7R3I8T6, STM32H7R3L8H6, STM32H7R3L8H6H, STM32H7R3R8V6, STM32H7R3V8H6, STM32H7R3V8T6, STM32H7R3V8Y6TR, STM32H7R3Z8J6, STM32H7R3Z8T6, STM32H7R7A8I6, STM32H7R7I8K6, STM32H7R7I8T6, STM32H7R7L8H6, STM32H7R7L8H6H, STM32H7R7Z8J6, STM32H7S3A8I6, STM32H7S3I8K6, STM32H7S3I8T6, STM32H7S3L8H6, STM32H7S3L8H6H, STM32H7S3R8V6, STM32H7S3V8H6, STM32H7S3V8T6, STM32H7S3V8Y6TR, STM32H7S3Z8J6, STM32H7S3Z8T6, STM32H7S78-DK, STM32H7S7A8I6, STM32H7S7I8K6, STM32H7S7I8T6, STM32H7S7L8H6, STM32H7S7L8H6H, STM32H7S7Z8J6, STM32L4R5QGI6STR, STM32MP131AAE3, STM32MP131AAF3, STM32MP131AAG3, STM32MP131CAE3, STM32MP131CAF3, STM32MP131CAG3, STM32MP131DAE7, STM32MP131DAF7, STM32MP131DAG7, STM32MP131FAE7, STM32MP131FAF7, STM32MP131FAG7, STM32MP133AAE3, STM32MP133AAF3, STM32MP133AAG3, STM32MP133CAE3, STM32MP133CAF3, STM32MP133CAG3, STM32MP133DAE7, STM32MP133DAF7, STM32MP133DAG7, STM32MP133FAE7, STM32MP133FAF7, STM32MP133FAG7, STM32MP135AAE3, STM32MP135AAF3, STM32MP135AAG3, STM32MP135CAE3, STM32MP135CAF3, STM32MP135CAG3, STM32MP135DAE7, STM32MP135DAF7, STM32MP135DAG7, STM32MP135F-DK, STM32MP135FAE7, STM32MP135FAF7, STM32MP135FAF7T, STM32MP135FAF7U, STM32MP135FAG7, STM32MP211AAL3, STM32MP211AAM3, STM32MP211AAN3, STM32MP211AAO3, STM32MP211CAL3, STM32MP211CAM3, STM32MP211CAN3, STM32MP211CAO3, STM32MP211DAL3, STM32MP211DAM3, STM32MP211DAN3, STM32MP211DAO3, STM32MP211FAL3, STM32MP211FAM3, STM32MP211FAN3, STM32MP211FAO3, STM32MP213AAL3, STM32MP213AAM3, STM32MP213AAN3, STM32MP213AAO3, STM32MP213CAL3, STM32MP213CAM3, STM32MP213CAN3, STM32MP213CAO3, STM32MP213DAL3, STM32MP213DAM3, STM32MP213DAN3, STM32MP213DAO3, STM32MP213FAL3, STM32MP213FAM3, STM32MP213FAN3, STM32MP213FAO3, STM32MP215AAL3, STM32MP215AAM3, STM32MP215AAN3, STM32MP215AAO3, STM32MP215CAL3, STM32MP215CAM3, STM32MP215CAN3, STM32MP215CAO3, STM32MP215DAL3, STM32MP215DAM3, STM32MP215DAN3, STM32MP215DAO3, STM32MP215F-DK, STM32MP215FAL3, STM32MP215FAM3, STM32MP215FAN3, STM32MP215FAO3, STM32MP231AAJ3, STM32MP231AAK3, STM32MP231AAL3, STM32MP231CAJ3, STM32MP231CAK3, STM32MP231CAL3, STM32MP231DAJ3, STM32MP231DAK3, STM32MP231DAL3, STM32MP231FAJ3, STM32MP231FAK3, STM32MP231FAL3, STM32MP233AAJ3, STM32MP233AAK3, STM32MP233AAL3, STM32MP233CAJ3, STM32MP233CAK3, STM32MP233CAL3, STM32MP233DAJ3, STM32MP233DAK3, STM32MP233DAL3, STM32MP233FAJ3, STM32MP233FAK3, STM32MP233FAL3, STM32MP235AAJ3, STM32MP235AAK3, STM32MP235AAL3, STM32MP235CAJ3, STM32MP235CAK3, STM32MP235CAL3, STM32MP235DAJ3, STM32MP235DAK3, STM32MP235DAL3, STM32MP235FAJ3, STM32MP235FAK3, STM32MP235FAL3, STM32MP251AAI3, STM32MP251AAK3, STM32MP251AAL3, STM32MP251CAI3, STM32MP251CAK3, STM32MP251CAL3, STM32MP251DAI3, STM32MP251DAK3, STM32MP251DAL3, STM32MP251FAI3, STM32MP251FAK3, STM32MP251FAL3, STM32MP253AAI3, STM32MP253AAK3, STM32MP253AAL3, STM32MP253CAI3, STM32MP253CAK3, STM32MP253CAL3, STM32MP253DAI3, STM32MP253DAK3, STM32MP253DAL3, STM32MP253FAI3, STM32MP253FAK3, STM32MP253FAL3, STM32MP255AAI3, STM32MP255AAK3, STM32MP255AAL3, STM32MP255CAI3, STM32MP255CAK3, STM32MP255CAL3, STM32MP255DAI3, STM32MP255DAK3, STM32MP255DAL3, STM32MP255FAI3, STM32MP255FAK3, STM32MP255FAL3, STM32MP257AAI3, STM32MP257AAK3, STM32MP257AAL3, STM32MP257CAI3, STM32MP257CAK3, STM32MP257CAL3, STM32MP257DAI3, STM32MP257DAK3, STM32MP257DAL3, STM32MP257F-DK, STM32MP257F-EV1, STM32MP257FAI3, STM32MP257FAK3, STM32MP257FAL3, STM32N645A0H3Q, STM32N645B0H3Q, STM32N645I0H3Q, STM32N645L0H3Q, STM32N645X0H3Q, STM32N645Z0H3Q, STM32N647A0H3Q, STM32N647B0H3Q, STM32N647I0H3Q, STM32N647L0H3Q, STM32N647X0H3Q, STM32N647Z0H3Q, STM32N655A0H3Q, STM32N655B0H3Q, STM32N655I0H3Q, STM32N655L0H3Q, STM32N655X0H3Q, STM32N655Z0H3Q, STM32N6570-DK, STM32N657A0H3Q, STM32N657B0H3Q, STM32N657I0H3Q, STM32N657L0H3Q, STM32N657X0H3Q, STM32N657Z0H3Q, STM32U031C6T6, STM32U031C6U6, STM32U031C8T6, STM32U031C8U6, STM32U031F4P6, STM32U031F6P6, STM32U031F8P6, STM32U031G6Y6TR, STM32U031G8Y6TR, STM32U031K4U6, STM32U031K6U6, STM32U031K8U6, STM32U031R6I6, STM32U031R6T6, STM32U031R8I6, STM32U031R8T6, STM32U073C8T6, STM32U073C8U6, STM32U073CBT6, STM32U073CBU6, STM32U073CCT6, STM32U073CCU6, STM32U073H8Y6TR, STM32U073HBY6TR, STM32U073HCY6TR, STM32U073K8U6, STM32U073KBU6, STM32U073KCU6, STM32U073M8I6, STM32U073M8T6, STM32U073MBI6, STM32U073MBT6, STM32U073MCI6, STM32U073MCT6, STM32U073R8I6, STM32U073R8T6, STM32U073RBI6, STM32U073RBT6, STM32U073RCI6, STM32U073RCT6, STM32U083C-DK, STM32U083CCT6, STM32U083CCU6, STM32U083HCY6TR, STM32U083KCU6, STM32U083MCI6, STM32U083MCT6, STM32U083RCI6, STM32U083RCT6, STM32U375CET6, STM32U375CET6Q, STM32U375CEU6, STM32U375CEU6Q, STM32U375CEY6QTR, STM32U375CGT6, STM32U375CGT6Q, STM32U375CGU6, STM32U375CGU6Q, STM32U375CGY6QTR, STM32U375KEU6, STM32U375KGU6, STM32U375REI6, STM32U375REI6Q, STM32U375RET6, STM32U375RET6Q, STM32U375REY6GTR, STM32U375REY6QTR, STM32U375RGI6, STM32U375RGI6Q, STM32U375RGT6, STM32U375RGT6Q, STM32U375RGY6GTR, STM32U375RGY6QTR, STM32U375VEI6, STM32U375VEI6Q, STM32U375VET6, STM32U375VET6Q, STM32U375VGI6, STM32U375VGI6Q, STM32U375VGT6, STM32U375VGT6Q, STM32U385CGT6, STM32U385CGT6Q, STM32U385CGU6, STM32U385CGU6Q, STM32U385CGY6QTR, STM32U385KGU6, STM32U385RGI6, STM32U385RGI6Q, STM32U385RGT6, STM32U385RGT6Q, STM32U385RGY6GTR, STM32U385RGY6QTR, STM32U385VGI6, STM32U385VGI6Q, STM32U385VGT6, STM32U385VGT6Q, STM32U535CBT6, STM32U535CBT6Q, STM32U535CBU6, STM32U535CBU6Q, STM32U535CCT6, STM32U535CCT6Q, STM32U535CCU6, STM32U535CCU6Q, STM32U535CET6, STM32U535CET6Q, STM32U535CEU6, STM32U535CEU6Q, STM32U535JEY6QTR, STM32U535NCY6QTR, STM32U535NEY6QTR, STM32U535RBI6, STM32U535RBI6Q, STM32U535RBT6, STM32U535RBT6Q, STM32U535RCI6, STM32U535RCI6Q, STM32U535RCT6, STM32U535RCT6Q, STM32U535REI6, STM32U535REI6Q, STM32U535RET6, STM32U535RET6Q, STM32U535VCI6, STM32U535VCI6Q, STM32U535VCT6, STM32U535VCT6Q, STM32U535VEI6, STM32U535VEI6Q, STM32U535VET6, STM32U535VET6Q, STM32U545CET6, STM32U545CET6Q, STM32U545CEU6, STM32U545CEU6Q, STM32U545JEY6QTR, STM32U545NEY6QTR, STM32U545REI6, STM32U545REI6Q, STM32U545RET6, STM32U545RET6Q, STM32U545VEI6, STM32U545VEI6Q, STM32U545VET6, STM32U545VET6Q, STM32U595AIH6, STM32U595AIH6Q, STM32U595AJH6, STM32U595AJH6Q, STM32U595QII6, STM32U595QII6Q, STM32U595QJI6, STM32U595QJI6Q, STM32U595RIT6, STM32U595RIT6Q, STM32U595RJT6, STM32U595RJT6Q, STM32U595VIT6, STM32U595VIT6Q, STM32U595VJT6, STM32U595VJT6Q, STM32U595ZIT6, STM32U595ZIT6Q, STM32U595ZIY6QTR, STM32U595ZJT6, STM32U595ZJT6Q, STM32U595ZJY6QTR, STM32U599BJY6QTR, STM32U599NIH6Q, STM32U599NJH6Q, STM32U599VIT6Q, STM32U599VJT6, STM32U599VJT6Q, STM32U599ZIT6Q, STM32U599ZIY6QTR, STM32U599ZJT6Q, STM32U599ZJY6QTR, STM32U5A5AJH6, STM32U5A5AJH6Q, STM32U5A5QII3Q , STM32U5A5QJI6, STM32U5A5QJI6Q, STM32U5A5RJT6, STM32U5A5RJT6Q, STM32U5A5VJT6, STM32U5A5VJT6Q, STM32U5A5ZJT6, STM32U5A5ZJT6Q, STM32U5A5ZJY6QTR, STM32U5A9BJY6QTR, STM32U5A9J-DK, STM32U5A9NJH6Q, STM32U5A9VJT6Q, STM32U5A9ZJT6Q, STM32U5A9ZJY6QTR, STM32U5F7VIT6, STM32U5F7VIT6Q, STM32U5F7VJT6, STM32U5F7VJT6Q, STM32U5F9BJY6QTR, STM32U5F9NJH6Q, STM32U5F9VIT6Q, STM32U5F9VJT6Q, STM32U5F9ZIJ6QTR, STM32U5F9ZIT6Q, STM32U5F9ZJJ6QTR, STM32U5F9ZJT6Q, STM32U5G7VJT6, STM32U5G7VJT6Q, STM32U5G9BJY6QTR, STM32U5G9J-DK1, STM32U5G9J-DK2, STM32U5G9NJH6Q, STM32U5G9VJT6Q, STM32U5G9ZJJ6QTR, STM32U5G9ZJT6Q, STM32WB05KZV6TR, STM32WB05KZV7TR, STM32WB05TZF6TR, STM32WB05TZF7TR, STM32WB06CCF6TR, STM32WB06CCF7TR, STM32WB06CCV6TR, STM32WB06CCV7TR, STM32WB06KCV6TR, STM32WB06KCV7TR, STM32WB07CCF6TR, STM32WB07CCF7TR, STM32WB07CCV6TR, STM32WB07CCV7TR, STM32WB07KCV6TR, STM32WB07KCV7TR, STM32WB09KEV6TR, STM32WB09KEV7TR, STM32WB09TEF6TR, STM32WB09TEF7TR, STM32WB1MMCH6, STM32WBA50KGU6, STM32WBA50KGU6TR, STM32WBA52CEU6, STM32WBA52CEU6TR, STM32WBA52CEU7, STM32WBA52CEU7TR, STM32WBA52CGU6, STM32WBA52CGU6TR, STM32WBA52CGU6U, STM32WBA52CGU7, STM32WBA52CGU7TR, STM32WBA52KEU6, STM32WBA52KEU6TR, STM32WBA52KGU6, STM32WBA52KGU6TR, STM32WBA54CEU6, STM32WBA54CEU6TR, STM32WBA54CEU7, STM32WBA54CEU7TR, STM32WBA54CGU6, STM32WBA54CGU6TR, STM32WBA54CGU7, STM32WBA54CGU7TR, STM32WBA54KEU6, STM32WBA54KEU6TR, STM32WBA54KEU7, STM32WBA54KEU7TR, STM32WBA54KGU6, STM32WBA54KGU6TR, STM32WBA54KGU7, STM32WBA54KGU7TR, STM32WBA55CEU6, STM32WBA55CEU6TR, STM32WBA55CEU7, STM32WBA55CEU7TR, STM32WBA55CGU6, STM32WBA55CGU6TR, STM32WBA55CGU6U, STM32WBA55CGU7, STM32WBA55CGU7TR, STM32WBA55G-DK1, STM32WBA55HEF6, STM32WBA55HEF7, STM32WBA55HGF6, STM32WBA55HGF7, STM32WBA55UEI6, STM32WBA55UEI6TR, STM32WBA55UEI7, STM32WBA55UEI7TR, STM32WBA55UGI6, STM32WBA55UGI6TR, STM32WBA55UGI7, STM32WBA55UGI7TR, STM32WBA5MMGH6TR, STM32WBA62MGF6, STM32WBA62MIF6, STM32WBA65MGF7, STM32WBA65MIF6, STM32WBA65MIF7, STM32WL30K8V6, STM32WL30KBV6, STM32WL31C8V6, STM32WL31CBV6, STM32WL31K8V6, STM32WL31KBV6, STM32WL33C8V6, STM32WL33C8V6X, STM32WL33CBV6, STM32WL33CBV6X, STM32WL33CCV6, STM32WL33CCV6A, STM32WL33CCV6X, STM32WL33K8V7, STM32WL33K8V7X, STM32WL33KBV7 , STM32WL33KBV7X, STM32WL33KCV7, STM32WL33KCV7X, STM32WL5MOCH6, STM32WL5MOCH6TR]
2026-06-05 15:05:42,710 [INFO] BoardInfo:889 - No configuration file found for board NUCLEO-H5E5ZJ
2026-06-05 15:05:42,714 [INFO] DbBoards:161 - Board is not supported: NUCLEO-H5E5ZJ
2026-06-05 15:05:42,955 [INFO] BoardInfo:889 - No configuration file found for board NUCLEO-U3C5ZI-Q
2026-06-05 15:05:42,959 [INFO] DbBoards:161 - Board is not supported: NUCLEO-U3C5ZI-Q
2026-06-05 15:05:43,015 [INFO] BoardInfo:889 - No configuration file found for board NUCLEO-WBA25CE1
2026-06-05 15:05:43,018 [INFO] DbBoards:161 - Board is not supported: NUCLEO-WBA25CE1
2026-06-05 15:05:43,050 [INFO] BoardInfo:889 - No configuration file found for board NUCLEO-WL3RKB1
2026-06-05 15:05:43,054 [INFO] DbBoards:161 - Board is not supported: NUCLEO-WL3RKB1
2026-06-05 15:05:43,057 [INFO] BoardInfo:889 - No configuration file found for board NUCLEO-WL3RKB2
2026-06-05 15:05:43,061 [INFO] DbBoards:161 - Board is not supported: NUCLEO-WL3RKB2
2026-06-05 15:05:43,101 [INFO] BoardInfo:889 - No configuration file found for board P-NUCLEO-WB55
2026-06-05 15:05:43,106 [INFO] DbBoards:161 - Kit is not supported: P-NUCLEO-WB55
2026-06-05 15:05:43,132 [INFO] BoardInfo:889 - No configuration file found for board STEVAL-BFA001V1B
2026-06-05 15:05:43,135 [INFO] DbBoards:161 - Kit is not supported: STEVAL-BFA001V1B
2026-06-05 15:05:43,138 [INFO] BoardInfo:889 - No configuration file found for board STEVAL-BFA001V2B
2026-06-05 15:05:43,142 [INFO] DbBoards:161 - Kit is not supported: STEVAL-BFA001V2B
2026-06-05 15:05:43,709 [INFO] BoardInfo:889 - No configuration file found for board STM32H5F5J-DK
2026-06-05 15:05:43,716 [INFO] DbBoards:161 - Board is not supported: STM32H5F5J-DK
2026-06-05 15:05:44,193 [INFO] DbBoards:168 - Found 218 boards, 209 are supported
2026-06-05 15:05:44,194 [INFO] DbBoards:169 - Found 218 boards, 43 of them is supported for  Bsp
2026-06-05 15:05:44,206 [INFO] ApiDb:423 - Load user favorites file C:\Users\ASUS/.stm32cubeide/favorites.boards.txt: 0 item(s)
2026-06-05 15:05:44,206 [INFO] ApiDb:427 - User favorites Boards=[]
2026-06-05 15:05:44,207 [INFO] DbBoards:198 - Set 0 / 0 favorites Boards
2026-06-05 15:05:44,207 [INFO] McuFinderGlobals:76 - Set McuFinderConnectedMode to true
2026-06-05 15:05:44,229 [INFO] MultiScanPanel:200 - Auto-refresh data requested => check proxy status ongoing
2026-06-05 15:05:44,246 [INFO] FinderPluginLoader:96 - Searching for filters in installed packs
2026-06-05 15:05:51,041 [INFO] LoadUrlFilesThread:185 - End of LoadServerUrlFiles without Thread
2026-06-05 15:05:51,106 [INFO] DetailPanel:341 - Set advertising image to C:/Users/ASUS/STM32Cube/Repository/\en.prom-stm32wl3r-0526.jpg
2026-06-05 15:06:12,644 [INFO] MultiScanPanel:200 - Auto-refresh data requested => check proxy status ongoing
2026-06-05 15:06:13,297 [INFO] LoadUrlFilesThread:185 - End of LoadServerUrlFiles without Thread
2026-06-05 15:06:13,298 [INFO] DetailPanel:341 - Set advertising image to C:/Users/ASUS/STM32Cube/Repository/\en.prom-stm32wl3r-0526.jpg
2026-06-05 15:06:13,338 [INFO] DbBoards:642 - Loading board mini-images...
2026-06-05 15:06:21,089 [INFO] DbBoards:665 - Loaded 218 board mini-images
2026-06-05 15:07:04,322 [INFO] MainUpdater:2872 - connection check result : 10
2026-06-05 15:07:04,322 [INFO] MainUpdater:2872 - connection check result : 10
2026-06-05 15:07:04,362 [INFO] MicroXplorer:468 - Change Database Path : 
2026-06-05 15:07:04,363 [INFO] MicroXplorer:498 - Change Database Version : DB.6.0.150
2026-06-05 15:07:04,375 [WARN] ThirdParty:871 - waiting for thirdparty lock release [close project]
2026-06-05 15:07:04,375 [INFO] ThirdParty:873 - entering critical section [close project]
2026-06-05 15:07:04,379 [INFO] ThirdParty:883 - exiting critical section [close project]
2026-06-05 15:07:04,385 [INFO] PinOutPanel:1589 - setPackage(No Configuration,No Configuration)
2026-06-05 15:07:04,389 [INFO] UtilMem:75 - Begin LoadConfig() Used Memory: 690151712 Bytes (1073741824)
2026-06-05 15:07:04,418 [INFO] MicroXplorer:468 - Change Database Path : 
2026-06-05 15:07:04,418 [INFO] MicroXplorer:498 - Change Database Version : DB.6.0.150
2026-06-05 15:07:04,419 [INFO] OpenFileManager:355 - Change cursor
2026-06-05 15:07:04,518 [WARN] IntegrityCheckThread:84 - waiting for thirdparty lock release [integrity check]
2026-06-05 15:07:04,518 [INFO] IntegrityCheckThread:86 - entering critical section [integrity check]
2026-06-05 15:07:05,876 [WARN] PackLoader:240 - Cannot read IP mode file for STMicroelectronics.X-CUBE-AZRTOS-H7.3.5.0
2026-06-05 15:07:05,917 [WARN] PackLoader:240 - Cannot read IP mode file for STMicroelectronics.FP-ATR-ASTRA1.2.0.2
2026-06-05 15:07:05,965 [WARN] PackLoader:240 - Cannot read IP mode file for STMicroelectronics.X-CUBE-SMBUS.2.1.0
2026-06-05 15:07:06,036 [WARN] PackLoader:240 - Cannot read IP mode file for STMicroelectronics.X-CUBE-AZRTOS-F7.1.1.0
2026-06-05 15:07:06,067 [WARN] PackLoader:240 - Cannot read IP mode file for STMicroelectronics.FP-SNS-MOTENV1.5.1.0
2026-06-05 15:07:06,113 [WARN] PackLoader:240 - Cannot read IP mode file for WES.I-CUBE-Cesium.1.4.0
2026-06-05 15:07:06,210 [WARN] PackLoader:240 - Cannot read IP mode file for STMicroelectronics.X-CUBE-AZRTOS-H7.3.4.0
2026-06-05 15:07:06,248 [WARN] PackLoader:240 - Cannot read IP mode file for STMicroelectronics.X-CUBE-DISPLAY.3.0.0
2026-06-05 15:07:06,289 [WARN] PackLoader:240 - Cannot read IP mode file for STMicroelectronics.X-CUBE-GNSS1.7.1.1
2026-06-05 15:07:06,310 [WARN] PackLoader:240 - Cannot read IP mode file for STMicroelectronics.FP-SNS-MOTENVWB1.1.5.0
2026-06-05 15:07:06,332 [WARN] PackLoader:240 - Cannot read IP mode file for STMicroelectronics.X-CUBE-NFC10.1.0.0
2026-06-05 15:07:06,352 [WARN] PackLoader:240 - Cannot read IP mode file for STMicroelectronics.X-CUBE-ST60.1.1.0
2026-06-05 15:07:06,375 [WARN] PackLoader:240 - Cannot read IP mode file for emotas.I-CUBE-CANOPEN.1.3.0
2026-06-05 15:07:06,390 [WARN] PackLoader:240 - Cannot read IP mode file for STMicroelectronics.X-CUBE-GNSS1.7.1.0
2026-06-05 15:07:06,413 [WARN] PackLoader:240 - Cannot read IP mode file for STMicroelectronics.FP-SNS-STBOX1.2.1.0
2026-06-05 15:07:06,431 [WARN] PackLoader:240 - Cannot read IP mode file for STMicroelectronics.FP-SNS-SMARTAG2.1.2.0
2026-06-05 15:07:06,448 [WARN] PackLoader:240 - Cannot read IP mode file for STMicroelectronics.FP-SNS-FLIGHT1.5.1.0
2026-06-05 15:07:06,478 [INFO] LogOutputStream:77 - [STDOUT_REDIRECT] 1 : Invalid condition id : UX_CORESTACK_Condition cause : null
2026-06-05 15:07:06,480 [INFO] LogOutputStream:77 - [STDOUT_REDIRECT] 1 : Invalid condition id : UX_CORESTACK_Condition cause : null
2026-06-05 15:07:06,487 [INFO] LogOutputStream:77 - [STDOUT_REDIRECT] 1 : Invalid condition id : UX_CORESTACK_Condition cause : null
2026-06-05 15:07:06,495 [INFO] LogOutputStream:77 - [STDOUT_REDIRECT] 1 : Invalid condition id : UX_CORESTACK_Condition cause : null
2026-06-05 15:07:06,502 [INFO] LogOutputStream:77 - [STDOUT_REDIRECT] 1 : Invalid condition id : UX_CORESTACK_Condition cause : null
2026-06-05 15:07:06,509 [WARN] PackLoader:240 - Cannot read IP mode file for STMicroelectronics.X-CUBE-AZRTOS-WL.2.0.0
2026-06-05 15:07:06,562 [WARN] PackLoader:240 - Cannot read IP mode file for STMicroelectronics.X-CUBE-AZRTOS-H7RS.1.2.0
2026-06-05 15:07:06,583 [WARN] PackLoader:240 - Cannot read IP mode file for STMicroelectronics.X-CUBE-BLE2.3.3.0
2026-06-05 15:07:06,677 [WARN] PackLoader:240 - Cannot read IP mode file for Infineon.AIROC-Wi-Fi-Bluetooth-STM32.1.8.0
2026-06-05 15:07:06,698 [WARN] PackLoader:240 - Cannot read IP mode file for STMicroelectronics.X-CUBE-NFC9.1.0.0
2026-06-05 15:07:06,716 [WARN] PackLoader:240 - Cannot read IP mode file for STMicroelectronics.X-CUBE-BLE1.7.1.0
2026-06-05 15:07:06,730 [WARN] PackLoader:240 - Cannot read IP mode file for wolfSSL.I-CUBE-wolfMQTT.1.19.2
2026-06-05 15:07:06,745 [WARN] PackLoader:240 - Cannot read IP mode file for STMicroelectronics.X-CUBE-FREERTOS.1.4.0
2026-06-05 15:07:06,762 [WARN] PackLoader:240 - Cannot read IP mode file for STMicroelectronics.X-CUBE-EEPRMA1.5.2.0
2026-06-05 15:07:06,780 [WARN] PackLoader:240 - Cannot read IP mode file for wolfSSL.I-CUBE-wolfSSL.5.8.4
2026-06-05 15:07:06,796 [WARN] PackLoader:240 - Cannot read IP mode file for Cesanta.I-CUBE-Mongoose.7.20.0
2026-06-05 15:07:06,816 [WARN] PackLoader:240 - Cannot read IP mode file for STMicroelectronics.FP-SNS-STAIOTCFT.1.1.0
2026-06-05 15:07:06,969 [WARN] PackLoader:240 - Cannot read IP mode file for STMicroelectronics.X-CUBE-MEMS1.12.0.0
2026-06-05 15:07:07,248 [WARN] PackLoader:240 - Cannot read IP mode file for STMicroelectronics.X-CUBE-AZRTOS-G0.1.1.0
2026-06-05 15:07:07,265 [WARN] PackLoader:240 - Cannot read IP mode file for STMicroelectronics.X-CUBE-NFC4.3.0.0
2026-06-05 15:07:07,294 [WARN] PackLoader:240 - Cannot read IP mode file for EmbeddedOffice.I-CUBE-FS-RTOS.1.0.1
2026-06-05 15:07:07,311 [WARN] PackLoader:240 - Cannot read IP mode file for STMicroelectronics.X-CUBE-WB05N.2.0.0
2026-06-05 15:07:07,323 [WARN] PackLoader:240 - Cannot read IP mode file for wolfSSL.I-CUBE-wolfTPM.3.8.0
2026-06-05 15:07:07,339 [WARN] PackLoader:240 - Cannot read IP mode file for STMicroelectronics.X-CUBE-TCPP.4.2.0
2026-06-05 15:07:07,356 [WARN] PackLoader:240 - Cannot read IP mode file for RealThread.X-CUBE-RT-Thread_Nano.4.1.1
2026-06-05 15:07:07,370 [WARN] PackLoader:240 - Cannot read IP mode file for STMicroelectronics.FP-ATR-SIGFOX1.3.2.0
2026-06-05 15:07:07,385 [WARN] PackLoader:240 - Cannot read IP mode file for STMicroelectronics.X-CUBE-FREERTOS.1.5.0
2026-06-05 15:07:07,405 [WARN] PackLoader:240 - Cannot read IP mode file for ITTIA_DB.I-CUBE-ITTIADB.8.9.0
2026-06-05 15:07:07,425 [WARN] PackLoader:240 - Cannot read IP mode file for STMicroelectronics.X-CUBE-NFC6.3.2.0
2026-06-05 15:07:07,443 [WARN] PackLoader:240 - Cannot read IP mode file for STMicroelectronics.X-CUBE-AI.10.2.0
2026-06-05 15:07:07,545 [WARN] PackLoader:240 - Cannot read IP mode file for STMicroelectronics.X-CUBE-MEMS1.12.1.0
2026-06-05 15:07:07,831 [WARN] PackLoader:240 - Cannot read IP mode file for SEGGER.I-CUBE-embOS.1.3.1
2026-06-05 15:07:07,951 [WARN] PackLoader:240 - Cannot read IP mode file for STMicroelectronics.X-CUBE-ALGOBUILD.1.4.0
2026-06-05 15:07:07,965 [WARN] PackLoader:240 - Cannot read IP mode file for STMicroelectronics.X-CUBE-PM33A1.1.0.0
2026-06-05 15:07:08,008 [WARN] PackLoader:240 - Cannot read IP mode file for STMicroelectronics.X-CUBE-AZRTOS-F4.1.1.0
2026-06-05 15:07:08,027 [WARN] PackLoader:240 - Cannot read IP mode file for STMicroelectronics.X-CUBE-ISPU.2.1.0
2026-06-05 15:07:08,069 [WARN] PackLoader:240 - Cannot read IP mode file for STMicroelectronics.X-CUBE-IPS.3.2.0
2026-06-05 15:07:08,098 [WARN] PackLoader:240 - Cannot read IP mode file for STMicroelectronics.eDS-WB_DPC_TT-BIDIR.2.1.1
2026-06-05 15:07:08,114 [WARN] PackLoader:240 - Cannot read IP mode file for STMicroelectronics.X-CUBE-NFC12.1.0.0
2026-06-05 15:07:08,159 [WARN] PackLoader:240 - Cannot read IP mode file for STMicroelectronics.X-CUBE-AZRTOS-L5.2.0.0
2026-06-05 15:07:08,181 [WARN] PackLoader:240 - Cannot read IP mode file for STMicroelectronics.X-CUBE-ALGOBUILD.1.5.0
2026-06-05 15:07:08,194 [WARN] PackLoader:240 - Cannot read IP mode file for STMicroelectronics.eDS-WB_DPC_VIENNA.1.2.0
2026-06-05 15:07:08,204 [WARN] PackLoader:240 - Cannot read IP mode file for STMicroelectronics.eDS-WB_DPC_3PH2L-BIDIR.1.1.1
2026-06-05 15:07:08,215 [ERROR] Engine:466 - C:\Users\ASUS\.stm32cubemx\thirdparties\pdsc\STMicroelectronics.X-CUBE-ST67W61.1.3.0.pdsc: PDSC version is not supported
2026-06-05 15:07:08,231 [WARN] PackLoader:240 - Cannot read IP mode file for STMicroelectronics.X-CUBE-TOUCHGFX.4.26.0
2026-06-05 15:07:08,242 [WARN] PackLoader:240 - Cannot read IP mode file for STMicroelectronics.X-CUBE-TOUCHGFX.4.26.1
2026-06-05 15:07:08,254 [WARN] PackLoader:240 - Cannot read IP mode file for STMicroelectronics.FP-SNS-STAIOTCFT.1.0.0
2026-06-05 15:07:08,269 [WARN] PackLoader:240 - Cannot read IP mode file for STMicroelectronics.X-CUBE-DPower.1.3.0
2026-06-05 15:07:08,310 [WARN] ConditionMgr:438 - getConditionDescription Invalid condition id : LAN8742 Phy interface Condition cause : null
2026-06-05 15:07:08,311 [WARN] PackLoader:240 - Cannot read IP mode file for STMicroelectronics.X-CUBE-AZRTOS-L4.2.0.0
2026-06-05 15:07:08,313 [WARN] ConditionMgr:1044 - genDependencies : Invalid condition id : LAN8742 Phy interface Condition cause : null
2026-06-05 15:07:08,314 [WARN] ConditionMgr:1044 - genDependencies : Invalid condition id : LAN8742 Phy interface Condition cause : null
2026-06-05 15:07:08,315 [WARN] ConditionMgr:1044 - genDependencies : Invalid condition id : LAN8742 Phy interface Condition cause : null
2026-06-05 15:07:08,336 [WARN] PackLoader:240 - Cannot read IP mode file for STMicroelectronics.X-CUBE-SFXS2LP1.4.0.0
2026-06-05 15:07:08,349 [WARN] PackLoader:240 - Cannot read IP mode file for STMicroelectronics.X-CUBE-WB05N.2.1.0
2026-06-05 15:07:08,368 [WARN] PackLoader:240 - Cannot read IP mode file for STMicroelectronics.X-CUBE-ST67W61.1.2.0
2026-06-05 15:07:08,393 [WARN] PackLoader:240 - Cannot read IP mode file for STMicroelectronics.X-CUBE-BLEMGR.4.1.0
2026-06-05 15:07:08,431 [WARN] ConditionMgr:438 - getConditionDescription Invalid condition id : UX DEVICE CLASS RTOS Condition cause : null
2026-06-05 15:07:08,432 [WARN] ConditionMgr:438 - getConditionDescription Invalid condition id : UX DEVICE CLASS RTOS Condition cause : null
2026-06-05 15:07:08,439 [WARN] PackLoader:240 - Cannot read IP mode file for STMicroelectronics.X-CUBE-AZRTOS-WB.2.0.0
2026-06-05 15:07:08,440 [WARN] ConditionMgr:1044 - genDependencies : Invalid condition id : UX DEVICE CLASS RTOS Condition cause : null
2026-06-05 15:07:08,440 [WARN] ConditionMgr:1044 - genDependencies : Invalid condition id : UX DEVICE CLASS RTOS Condition cause : null
2026-06-05 15:07:08,441 [WARN] ConditionMgr:1044 - genDependencies : Invalid condition id : UX DEVICE CLASS RTOS Condition cause : null
2026-06-05 15:07:08,443 [WARN] ConditionMgr:1044 - genDependencies : Invalid condition id : UX DEVICE CLASS RTOS Condition cause : null
2026-06-05 15:07:08,443 [WARN] ConditionMgr:1044 - genDependencies : Invalid condition id : UX DEVICE CLASS RTOS Condition cause : null
2026-06-05 15:07:08,456 [WARN] ConditionMgr:438 - getConditionDescription Invalid condition id : Cortex-A Device cause : null
2026-06-05 15:07:08,479 [WARN] ConditionMgr:1044 - genDependencies : Invalid condition id : Cortex-A Device cause : null
2026-06-05 15:07:08,479 [WARN] ConditionMgr:1044 - genDependencies : Invalid condition id : Cortex-A Device cause : null
2026-06-05 15:07:08,480 [WARN] ConditionMgr:1044 - genDependencies : Invalid condition id : Cortex-A Device cause : null
2026-06-05 15:07:08,498 [WARN] PackLoader:240 - Cannot read IP mode file for STMicroelectronics.X-CUBE-STSE01.2.0.0
2026-06-05 15:07:08,531 [WARN] PackLoader:240 - Cannot read IP mode file for STMicroelectronics.X-CUBE-SUBG2.5.0.0
2026-06-05 15:07:08,575 [WARN] PackLoader:240 - Cannot read IP mode file for STMicroelectronics.X-CUBE-AZRTOS-G4.2.0.0
2026-06-05 15:07:08,591 [WARN] PackLoader:240 - Cannot read IP mode file for wolfSSL.I-CUBE-wolfSSH.1.4.20
2026-06-05 15:07:08,605 [WARN] PackLoader:240 - Cannot read IP mode file for STMicroelectronics.X-CUBE-NFC7.2.0.0
2026-06-05 15:07:08,617 [WARN] PackLoader:240 - Cannot read IP mode file for STMicroelectronics.X-CUBE-ALS.1.0.2
2026-06-05 15:07:08,646 [WARN] PackLoader:240 - Cannot read IP mode file for STMicroelectronics.X-CUBE-TOF1.3.4.3
2026-06-05 15:07:08,674 [INFO] ThirdParty:978 - Integrity check success = true
2026-06-05 15:07:08,674 [INFO] IntegrityCheckThread:100 - exiting critical section [integrity check]
2026-06-05 15:07:08,674 [INFO] IntegrityCheckThread:103 - End integrity checks thread
2026-06-05 15:07:08,743 [INFO] Mcu:2029 - Initializing MCU STM32F207Z(C-E-F-G)Tx STM32F207ZGTx STM32F207ZGT6
2026-06-05 15:07:17,952 [INFO] Context:786 - Trying to add GPIOservice into a context  which must be forbidden
2026-06-05 15:07:19,546 [INFO] Rule:233 - rule WakeUp0 Mode is applicable
2026-06-05 15:07:19,546 [INFO] Rule:233 - rule WakeUp0 SIGNAL is applicable
2026-06-05 15:07:19,546 [INFO] Rule:233 - rule WakeUp1 Mode is applicable
2026-06-05 15:07:19,547 [INFO] Rule:233 - rule WakeUp1 SIGNAL is applicable
2026-06-05 15:07:19,547 [INFO] Rule:233 - rule WakeUp2 Mode is applicable
2026-06-05 15:07:19,547 [INFO] Rule:233 - rule WakeUp2 SIGNAL is applicable
2026-06-05 15:07:19,547 [INFO] Rule:233 - rule WakeUp4 Mode is applicable
2026-06-05 15:07:19,547 [INFO] Rule:233 - rule WakeUp4 SIGNAL is applicable
2026-06-05 15:07:19,547 [INFO] Rule:233 - rule WakeUp5 Mode is applicable
2026-06-05 15:07:19,547 [INFO] Rule:233 - rule WakeUp5 SIGNAL is applicable
2026-06-05 15:07:19,549 [INFO] Rule:233 - rule Adapt Old IOC before rework replace old CORTEX_M33/CORTEX_M55 attributes by the new one. is applicable
2026-06-05 15:07:19,549 [INFO] Rule:233 - rule Rename parametre of RCC RCC_APBDBG_DIV2 to RCC_TIMPRES_DIV2 is applicable
2026-06-05 15:07:19,550 [INFO] Rule:233 - rule Rename DIE493 pin PA10 [PA12] -> PA10 is applicable
2026-06-05 15:07:19,551 [INFO] Rule:233 - rule Rename DIE493 pin PA9 [PA11] -> PA9 is applicable
2026-06-05 15:07:19,551 [INFO] Rule:233 - rule Rename DIE492 PartNumber CPN STM32WBA5MJGHx -> STM32WBA5MMGHx is applicable
2026-06-05 15:07:19,552 [INFO] Rule:233 - rule Rename DIE492 PartNumber  Name STM32WBA5MJGHx -> STM32WBA5MMGHx is applicable
2026-06-05 15:07:19,552 [INFO] Rule:233 - rule Rename DIE492 PartNumber UserName STM32WBA5MJGHx -> STM32WBA5MMGHx is applicable
2026-06-05 15:07:19,552 [INFO] Rule:233 - rule Rename DIE492 PartNumber DeviceId STM32WBA5MJGHx -> STM32WBA5MMGHx is applicable
2026-06-05 15:07:19,553 [INFO] Rule:233 - rule Adapt Old IOC CSI. is applicable
2026-06-05 15:07:19,553 [INFO] Rule:233 - rule Adapt Old IOC DCMIPP. is applicable
2026-06-05 15:07:19,555 [INFO] Rule:233 - rule Adapt Old IOC DCMIPP Mode Parallel. is applicable
2026-06-05 15:07:19,555 [INFO] Rule:233 - rule Adapt Old IOC LTDC. is applicable
2026-06-05 15:07:19,555 [INFO] Rule:233 - rule Rename STM32MP2 RIF Peripheral LTDC RIF.RISUP.LTDC_L0L1.Privilege -> RIF.RISUP.LTDC_L1L2.Privilege is applicable
2026-06-05 15:07:19,556 [INFO] Rule:233 - rule Rename STM32MP2 RIF Peripheral LTDC RIF.RISUP.LTDC_L0L1.Privilege -> RIF.RISUP.LTDC_L1L2.Privilege is applicable
2026-06-05 15:07:19,556 [INFO] Rule:233 - rule Rename STM32MP2 RIF Peripheral LTDC RIF.RISUP.LTDC_L0L1.Lock -> RIF.RISUP.LTDC_L1L2.Lock is applicable
2026-06-05 15:07:19,556 [INFO] Rule:233 - rule Rename STM32MP2 RIF Peripheral LTDC RIF.RISUP.LTDC_L2.Lock -> RIF.RISUP.LTDC_L3.Lock is applicable
2026-06-05 15:07:19,556 [INFO] Rule:233 - rule Adapt the old IOC example for updating the SYS when it is misconfigured. is applicable
2026-06-05 15:07:19,556 [INFO] Rule:233 - rule Rename STM32C09 Mcu.Package LQFP64 -> LQFP48 is applicable
2026-06-05 15:07:19,556 [INFO] Rule:233 - rule Adapt the old IOC example for updating the SYS when it is misconfigured. is applicable
2026-06-05 15:07:19,556 [INFO] Rule:233 - rule Adapt the old IOC example for updating the SYS when it is misconfigured. is applicable
2026-06-05 15:07:19,562 [INFO] DbConfProperties:307 - Apply Compatibility (4/30 Rules)
2026-06-05 15:07:19,631 [INFO] ImportTextPane:234 - (OptionalMessage_ERROR) Pin30 (VP_RIF_VS_RIF1) cannot be retrieved for this MCU
2026-06-05 15:07:20,229 [INFO] RtosManager:558 - Registered RTOS mode: class=CMSIS, group=RTOS, mode=CMSIS_V1, owner=FREERTOS
2026-06-05 15:07:20,230 [INFO] RtosManager:558 - Registered RTOS mode: class=CMSIS, group=RTOS2, mode=CMSIS_V2, owner=FREERTOS
2026-06-05 15:07:20,230 [INFO] RtosManager:558 - Registered RTOS mode: class=RTOS, group=Core, mode=CMSIS_V1, owner=FREERTOS
2026-06-05 15:07:20,230 [INFO] RtosManager:558 - Registered RTOS mode: class=RTOS, group=Core, mode=CMSIS_V2, owner=FREERTOS
2026-06-05 15:07:20,231 [WARN] ModelIntegratedComponent:184 - Missing modes for component STMicroelectronics:FreeRTOS:0.0.1:STMicroelectronics:RTOS:FreeRTOS:Core:::10.2.0:
2026-06-05 15:07:20,289 [WARN] ModelIntegratedComponent:63 - No mode defined for component null
2026-06-05 15:07:20,289 [WARN] ModelIntegratedComponent:63 - No mode defined for component null
2026-06-05 15:07:20,289 [WARN] ModelIntegratedComponent:63 - No mode defined for component null
2026-06-05 15:07:20,289 [WARN] ModelIntegratedComponent:63 - No mode defined for component null
2026-06-05 15:07:20,290 [WARN] ModelIntegratedComponent:63 - No mode defined for component null
2026-06-05 15:07:20,290 [WARN] ModelIntegratedComponent:63 - No mode defined for component null
2026-06-05 15:07:20,290 [WARN] ModelIntegratedComponent:63 - No mode defined for component null
2026-06-05 15:07:20,290 [WARN] ModelIntegratedComponent:63 - No mode defined for component null
2026-06-05 15:07:20,291 [WARN] ModelIntegratedComponent:63 - No mode defined for component null
2026-06-05 15:07:20,291 [WARN] ModelIntegratedComponent:63 - No mode defined for component null
2026-06-05 15:07:20,291 [WARN] ModelIntegratedComponent:63 - No mode defined for component null
2026-06-05 15:07:20,291 [WARN] ModelIntegratedComponent:63 - No mode defined for component null
2026-06-05 15:07:20,292 [WARN] ModelIntegratedComponent:63 - No mode defined for component null
2026-06-05 15:07:20,292 [WARN] ModelIntegratedComponent:63 - No mode defined for component null
2026-06-05 15:07:20,292 [WARN] ModelIntegratedComponent:63 - No mode defined for component null
2026-06-05 15:07:20,292 [WARN] ModelIntegratedComponent:63 - No mode defined for component null
2026-06-05 15:07:20,292 [WARN] ModelIntegratedComponent:63 - No mode defined for component null
2026-06-05 15:07:20,293 [WARN] ModelIntegratedComponent:63 - No mode defined for component null
2026-06-05 15:07:20,293 [WARN] ModelIntegratedComponent:63 - No mode defined for component null
2026-06-05 15:07:20,293 [WARN] ModelIntegratedComponent:63 - No mode defined for component null
2026-06-05 15:07:20,293 [WARN] ModelIntegratedComponent:63 - No mode defined for component null
2026-06-05 15:07:20,294 [WARN] ModelIntegratedComponent:63 - No mode defined for component null
2026-06-05 15:07:20,294 [WARN] ModelIntegratedComponent:63 - No mode defined for component null
2026-06-05 15:07:20,294 [WARN] ModelIntegratedComponent:63 - No mode defined for component null
2026-06-05 15:07:20,294 [WARN] ModelIntegratedComponent:63 - No mode defined for component null
2026-06-05 15:07:20,294 [WARN] ModelIntegratedComponent:63 - No mode defined for component null
2026-06-05 15:07:20,294 [WARN] ModelIntegratedComponent:63 - No mode defined for component null
2026-06-05 15:07:20,295 [WARN] ModelIntegratedComponent:63 - No mode defined for component null
2026-06-05 15:07:20,295 [WARN] ModelIntegratedComponent:63 - No mode defined for component null
2026-06-05 15:07:20,295 [WARN] ModelIntegratedComponent:63 - No mode defined for component null
2026-06-05 15:07:20,295 [WARN] ModelIntegratedComponent:63 - No mode defined for component null
2026-06-05 15:07:20,295 [WARN] ModelIntegratedComponent:63 - No mode defined for component null
2026-06-05 15:07:20,295 [WARN] ModelIntegratedComponent:63 - No mode defined for component null
2026-06-05 15:07:20,296 [WARN] ModelIntegratedComponent:63 - No mode defined for component null
2026-06-05 15:07:20,296 [WARN] ModelIntegratedComponent:63 - No mode defined for component null
2026-06-05 15:07:20,296 [WARN] ModelPack:524 - Component already loaded: STMicroelectronics:HAL Drivers:0.0.0:STMicroelectronics:Device:STMicro_Driver:XSPI:HAL::0.0.1:HAL_XSPI
2026-06-05 15:07:20,599 [INFO] ThirdPartyModel:298 - Start build external matchings
2026-06-05 15:07:22,622 [INFO] ThirdPartyModel:316 - End build external matchings
2026-06-05 15:07:22,682 [INFO] ImportTextPane:234 - (OptionalMessage_ERROR) IP (RCC) : Invalid parameter (ADC12outputFreq_Value)
2026-06-05 15:07:22,682 [INFO] ImportTextPane:234 - (OptionalMessage_ERROR) IP (RCC) : Invalid parameter (ADC34outputFreq_Value)
2026-06-05 15:07:22,682 [INFO] ImportTextPane:234 - (OptionalMessage_ERROR) IP (RCC) : Invalid parameter (FamilyName)
2026-06-05 15:07:22,683 [INFO] ImportTextPane:234 - (OptionalMessage_ERROR) IP (RCC) : Invalid parameter (I2C1Freq_Value)
2026-06-05 15:07:22,683 [INFO] ImportTextPane:234 - (OptionalMessage_ERROR) IP (RCC) : Invalid parameter (I2C2Freq_Value)
2026-06-05 15:07:22,683 [INFO] ImportTextPane:234 - (OptionalMessage_ERROR) IP (RCC) : Invalid parameter (I2C3Freq_Value)
2026-06-05 15:07:22,684 [INFO] ImportTextPane:234 - (OptionalMessage_ERROR) IP (RCC) : Invalid parameter (MCOFreq_Value)
2026-06-05 15:07:22,685 [INFO] ImportTextPane:234 - (OptionalMessage_ERROR) IP (RCC) : Invalid parameter (PLLMCOFreq_Value)
2026-06-05 15:07:22,685 [INFO] ImportTextPane:234 - (OptionalMessage_ERROR) IP (RCC) : Invalid parameter (PLLMUL)
2026-06-05 15:07:22,685 [INFO] ImportTextPane:234 - (OptionalMessage_ERROR) IP (RCC) : Invalid parameter (PRESCALERUSB)
2026-06-05 15:07:22,686 [INFO] ImportTextPane:234 - (OptionalMessage_ERROR) IP (RCC) : Parameter (RTCHSEDivFreq_Value) has invalid value (4000000)
2026-06-05 15:07:22,686 [INFO] ImportTextPane:234 - (OptionalMessage_ERROR) IP (RCC) : Invalid parameter (SYSCLKSourceVirtual)
2026-06-05 15:07:22,687 [INFO] ImportTextPane:234 - (OptionalMessage_ERROR) IP (RCC) : Invalid parameter (TIM15Freq_Value)
2026-06-05 15:07:22,687 [INFO] ImportTextPane:234 - (OptionalMessage_ERROR) IP (RCC) : Invalid parameter (TIM16Freq_Value)
2026-06-05 15:07:22,687 [INFO] ImportTextPane:234 - (OptionalMessage_ERROR) IP (RCC) : Invalid parameter (TIM17Freq_Value)
2026-06-05 15:07:22,687 [INFO] ImportTextPane:234 - (OptionalMessage_ERROR) IP (RCC) : Invalid parameter (TIM1Freq_Value)
2026-06-05 15:07:22,687 [INFO] ImportTextPane:234 - (OptionalMessage_ERROR) IP (RCC) : Invalid parameter (TIM20Freq_Value)
2026-06-05 15:07:22,687 [INFO] ImportTextPane:234 - (OptionalMessage_ERROR) IP (RCC) : Invalid parameter (TIM2Freq_Value)
2026-06-05 15:07:22,688 [INFO] ImportTextPane:234 - (OptionalMessage_ERROR) IP (RCC) : Invalid parameter (TIM3Freq_Value)
2026-06-05 15:07:22,688 [INFO] ImportTextPane:234 - (OptionalMessage_ERROR) IP (RCC) : Invalid parameter (TIM8Freq_Value)
2026-06-05 15:07:22,688 [INFO] ImportTextPane:234 - (OptionalMessage_ERROR) IP (RCC) : Invalid parameter (UART4Freq_Value)
2026-06-05 15:07:22,688 [INFO] ImportTextPane:234 - (OptionalMessage_ERROR) IP (RCC) : Invalid parameter (UART5Freq_Value)
2026-06-05 15:07:22,688 [INFO] ImportTextPane:234 - (OptionalMessage_ERROR) IP (RCC) : Invalid parameter (USART1Freq_Value)
2026-06-05 15:07:22,688 [INFO] ImportTextPane:234 - (OptionalMessage_ERROR) IP (RCC) : Invalid parameter (USART2Freq_Value)
2026-06-05 15:07:22,688 [INFO] ImportTextPane:234 - (OptionalMessage_ERROR) IP (RCC) : Invalid parameter (USART3Freq_Value)
2026-06-05 15:07:22,688 [INFO] ImportTextPane:234 - (OptionalMessage_ERROR) IP (RCC) : Invalid parameter (USBFreq_Value)
2026-06-05 15:07:22,689 [INFO] ImportTextPane:234 - (OptionalMessage_ERROR) IP (RCC) : Invalid parameter (VCOOutput2Freq_Value)
2026-06-05 15:07:22,691 [WARN] IP:2250 - lpm_enable not found: check if there is a RefParameter without a condition.
2026-06-05 15:07:24,582 [INFO] UtilMem:75 - End LoadConfig() Used Memory: 693208432 Bytes (1073741824)
2026-06-05 15:07:25,368 [WARN] ThirdParty:833 - waiting for thirdparty lock release [change project]
2026-06-05 15:07:25,371 [INFO] ThirdParty:835 - entering critical section [change project]
2026-06-05 15:07:25,372 [INFO] ThirdParty:1030 - CMSIS Pack Vendor :STMicroelectronics X-CUBE-AZRTOS-H7 3.5.0
2026-06-05 15:07:25,372 [INFO] ThirdParty:1030 - CMSIS Pack Vendor :STMicroelectronics X-CUBE-PM33A1 1.0.0
2026-06-05 15:07:25,373 [INFO] ThirdParty:1030 - CMSIS Pack Vendor :STMicroelectronics USBPD 4.1
2026-06-05 15:07:25,373 [INFO] ThirdParty:1030 - CMSIS Pack Vendor :STMicroelectronics X-CUBE-NFC9 1.0.0
2026-06-05 15:07:25,373 [INFO] ThirdParty:1030 - CMSIS Pack Vendor :STMicroelectronics USB_HOST 2.0.0
2026-06-05 15:07:25,374 [INFO] ThirdParty:1030 - CMSIS Pack Vendor :STMicroelectronics X-CUBE-AZRTOS-F4 1.1.0
2026-06-05 15:07:25,374 [INFO] ThirdParty:1030 - CMSIS Pack Vendor :STMicroelectronics LIBJPEG 8.0.0
2026-06-05 15:07:25,374 [INFO] ThirdParty:1030 - CMSIS Pack Vendor :STMicroelectronics FP-ATR-ASTRA1 2.0.2
2026-06-05 15:07:25,374 [INFO] ThirdParty:1030 - CMSIS Pack Vendor :STMicroelectronics X-CUBE-BLE1 7.1.0
2026-06-05 15:07:25,376 [INFO] ThirdParty:1030 - CMSIS Pack Vendor :STMicroelectronics X-CUBE-SMBUS 2.1.0
2026-06-05 15:07:25,376 [INFO] ThirdParty:1030 - CMSIS Pack Vendor :wolfSSL I-CUBE-wolfMQTT 1.19.2
2026-06-05 15:07:25,376 [INFO] ThirdParty:1030 - CMSIS Pack Vendor :STMicroelectronics USB_DEVICE 3.0.0
2026-06-05 15:07:25,376 [INFO] ThirdParty:1030 - CMSIS Pack Vendor :STMicroelectronics X-CUBE-ISPU 2.1.0
2026-06-05 15:07:25,376 [INFO] ThirdParty:1030 - CMSIS Pack Vendor :STMicroelectronics X-CUBE-FREERTOS 1.4.0
2026-06-05 15:07:25,376 [INFO] ThirdParty:1030 - CMSIS Pack Vendor :STMicroelectronics X-CUBE-EEPRMA1 5.2.0
2026-06-05 15:07:25,376 [INFO] ThirdParty:1030 - CMSIS Pack Vendor :STMicroelectronics X-CUBE-IPS 3.2.0
2026-06-05 15:07:25,376 [INFO] ThirdParty:1030 - CMSIS Pack Vendor :STMicroelectronics X-CUBE-BLEMGR 4.1.0
2026-06-05 15:07:25,377 [INFO] ThirdParty:1030 - CMSIS Pack Vendor :STMicroelectronics eDS-WB_DPC_TT-BIDIR 2.1.1
2026-06-05 15:07:25,377 [INFO] ThirdParty:1030 - CMSIS Pack Vendor :STMicroelectronics X-CUBE-AZRTOS-WB 2.0.0
2026-06-05 15:07:25,377 [INFO] ThirdParty:1030 - CMSIS Pack Vendor :wolfSSL I-CUBE-wolfSSL 5.8.4
2026-06-05 15:07:25,377 [INFO] ThirdParty:1030 - CMSIS Pack Vendor :Cesanta I-CUBE-Mongoose 7.20.0
2026-06-05 15:07:25,377 [INFO] ThirdParty:1030 - CMSIS Pack Vendor :STMicroelectronics X-CUBE-NFC12 1.0.0
2026-06-05 15:07:25,378 [INFO] ThirdParty:1030 - CMSIS Pack Vendor :STMicroelectronics X-CUBE-AZRTOS-F7 1.1.0
2026-06-05 15:07:25,378 [INFO] ThirdParty:1030 - CMSIS Pack Vendor :STMicroelectronics X-CUBE-AZRTOS-L5 2.0.0
2026-06-05 15:07:25,378 [INFO] ThirdParty:1030 - CMSIS Pack Vendor :STMicroelectronics USB_DEVICE 2.0.0
2026-06-05 15:07:25,378 [INFO] ThirdParty:1030 - CMSIS Pack Vendor :STMicroelectronics FP-SNS-STAIOTCFT 1.1.0
2026-06-05 15:07:25,378 [INFO] ThirdParty:1030 - CMSIS Pack Vendor :quantropi X-CUBE-qispace-sdk-base 2.1.0
2026-06-05 15:07:25,379 [INFO] ThirdParty:1030 - CMSIS Pack Vendor :STMicroelectronics X-CUBE-MEMS1 12.0.0
2026-06-05 15:07:25,379 [INFO] ThirdParty:1030 - CMSIS Pack Vendor :STMicroelectronics X-CUBE-STSE01 2.0.0
2026-06-05 15:07:25,379 [INFO] ThirdParty:1030 - CMSIS Pack Vendor :STMicroelectronics X-CUBE-ALGOBUILD 1.5.0
2026-06-05 15:07:25,379 [INFO] ThirdParty:1030 - CMSIS Pack Vendor :STMicroelectronics FP-SNS-MOTENV1 5.1.0
2026-06-05 15:07:25,379 [INFO] ThirdParty:1030 - CMSIS Pack Vendor :STMicroelectronics FreeRTOS 0.0.1
2026-06-05 15:07:25,379 [INFO] ThirdParty:1030 - CMSIS Pack Vendor :STMicroelectronics X-CUBE-AZRTOS-G0 1.1.0
2026-06-05 15:07:25,380 [INFO] ThirdParty:1030 - CMSIS Pack Vendor :STMicroelectronics X-CUBE-NFC4 3.0.0
2026-06-05 15:07:25,380 [INFO] ThirdParty:1030 - CMSIS Pack Vendor :STMicroelectronics X-CUBE-SUBG2 5.0.0
2026-06-05 15:07:25,380 [INFO] ThirdParty:1030 - CMSIS Pack Vendor :STMicroelectronics STM32_WPAN 1.0.0
2026-06-05 15:07:25,380 [INFO] ThirdParty:1030 - CMSIS Pack Vendor :STMicroelectronics eDS-WB_DPC_VIENNA 1.2.0
2026-06-05 15:07:25,380 [INFO] ThirdParty:1030 - CMSIS Pack Vendor :EmbeddedOffice I-CUBE-FS-RTOS 1.0.1
2026-06-05 15:07:25,381 [INFO] ThirdParty:1030 - CMSIS Pack Vendor :STMicroelectronics lwIP 2.0.3
2026-06-05 15:07:25,381 [INFO] ThirdParty:1030 - CMSIS Pack Vendor :WES I-CUBE-Cesium 1.4.0
2026-06-05 15:07:25,381 [INFO] ThirdParty:1030 - CMSIS Pack Vendor :STMicroelectronics eDS-WB_DPC_3PH2L-BIDIR 1.1.1
2026-06-05 15:07:25,381 [INFO] ThirdParty:1030 - CMSIS Pack Vendor :STMicroelectronics USB_HOST 1.0.0
2026-06-05 15:07:25,381 [INFO] ThirdParty:1030 - CMSIS Pack Vendor :STMicroelectronics X-CUBE-AZRTOS-G4 2.0.0
2026-06-05 15:07:25,381 [INFO] ThirdParty:1030 - CMSIS Pack Vendor :STMicroelectronics X-CUBE-WB05N 2.0.0
2026-06-05 15:07:25,381 [INFO] ThirdParty:1030 - CMSIS Pack Vendor :STMicroelectronics PDM2PCM 3.1.0
2026-06-05 15:07:25,382 [INFO] ThirdParty:1030 - CMSIS Pack Vendor :STMicroelectronics PDM2PCM 3.3.0
2026-06-05 15:07:25,382 [INFO] ThirdParty:1030 - CMSIS Pack Vendor :wolfSSL I-CUBE-wolfTPM 3.8.0
2026-06-05 15:07:25,382 [INFO] ThirdParty:1030 - CMSIS Pack Vendor :STMicroelectronics X-CUBE-AZRTOS-H7 3.4.0
2026-06-05 15:07:25,382 [INFO] ThirdParty:1030 - CMSIS Pack Vendor :STMicroelectronics X-CUBE-DISPLAY 3.0.0
2026-06-05 15:07:25,382 [INFO] ThirdParty:1030 - CMSIS Pack Vendor :wolfSSL I-CUBE-wolfSSH 1.4.20
2026-06-05 15:07:25,382 [INFO] ThirdParty:1030 - CMSIS Pack Vendor :STMicroelectronics X-CUBE-NFC7 2.0.0
2026-06-05 15:07:25,383 [INFO] ThirdParty:1030 - CMSIS Pack Vendor :STMicroelectronics X-CUBE-GNSS1 7.1.1
2026-06-05 15:07:25,383 [INFO] ThirdParty:1030 - CMSIS Pack Vendor :STMicroelectronics FP-SNS-MOTENVWB1 1.5.0
2026-06-05 15:07:25,383 [INFO] ThirdParty:1030 - CMSIS Pack Vendor :STMicroelectronics X-CUBE-TCPP 4.2.0
2026-06-05 15:07:25,383 [INFO] ThirdParty:1030 - CMSIS Pack Vendor :RealThread X-CUBE-RT-Thread_Nano 4.1.1
2026-06-05 15:07:25,383 [INFO] ThirdParty:1030 - CMSIS Pack Vendor :STMicroelectronics FP-ATR-SIGFOX1 3.2.0
2026-06-05 15:07:25,383 [INFO] ThirdParty:1030 - CMSIS Pack Vendor :STMicroelectronics X-CUBE-NFC10 1.0.0
2026-06-05 15:07:25,384 [INFO] ThirdParty:1030 - CMSIS Pack Vendor :STMicroelectronics HAL Drivers 0.0.0
2026-06-05 15:07:25,384 [INFO] ThirdParty:1030 - CMSIS Pack Vendor :STMicroelectronics X-CUBE-FREERTOS 1.5.0
2026-06-05 15:07:25,384 [INFO] ThirdParty:1030 - CMSIS Pack Vendor :STMicroelectronics MBEDTLS 2.16.2
2026-06-05 15:07:25,384 [INFO] ThirdParty:1030 - CMSIS Pack Vendor :STMicroelectronics X-CUBE-ST60 1.1.0
2026-06-05 15:07:25,384 [INFO] ThirdParty:1030 - CMSIS Pack Vendor :STMicroelectronics X-CUBE-ALS 1.0.2
2026-06-05 15:07:25,385 [INFO] ThirdParty:1030 - CMSIS Pack Vendor :emotas I-CUBE-CANOPEN 1.3.0
2026-06-05 15:07:25,386 [INFO] ThirdParty:1030 - CMSIS Pack Vendor :STMicroelectronics MBEDTLS 2.14.1
2026-06-05 15:07:25,387 [INFO] ThirdParty:1030 - CMSIS Pack Vendor :STMicroelectronics X-CUBE-GNSS1 7.1.0
2026-06-05 15:07:25,387 [INFO] ThirdParty:1030 - CMSIS Pack Vendor :ITTIA_DB I-CUBE-ITTIADB 8.9.0
2026-06-05 15:07:25,388 [INFO] ThirdParty:1030 - CMSIS Pack Vendor :STMicroelectronics X-CUBE-TOUCHGFX 4.26.0
2026-06-05 15:07:25,388 [INFO] ThirdParty:1030 - CMSIS Pack Vendor :STMicroelectronics X-CUBE-TOUCHGFX 4.26.1
2026-06-05 15:07:25,388 [INFO] ThirdParty:1030 - CMSIS Pack Vendor :STMicroelectronics X-CUBE-NFC6 3.2.0
2026-06-05 15:07:25,389 [INFO] ThirdParty:1030 - CMSIS Pack Vendor :STMicroelectronics FP-SNS-STBOX1 2.1.0
2026-06-05 15:07:25,389 [INFO] ThirdParty:1030 - CMSIS Pack Vendor :STMicroelectronics X-CUBE-AI 10.2.0
2026-06-05 15:07:25,389 [INFO] ThirdParty:1030 - CMSIS Pack Vendor :STMicroelectronics FP-SNS-STAIOTCFT 1.0.0
2026-06-05 15:07:25,389 [INFO] ThirdParty:1030 - CMSIS Pack Vendor :STMicroelectronics ThreadX 1.0.0
2026-06-05 15:07:25,389 [INFO] ThirdParty:1030 - CMSIS Pack Vendor :STMicroelectronics FP-SNS-SMARTAG2 1.2.0
2026-06-05 15:07:25,390 [INFO] ThirdParty:1030 - CMSIS Pack Vendor :STMicroelectronics X-CUBE-MEMS1 12.1.0
2026-06-05 15:07:25,390 [INFO] ThirdParty:1030 - CMSIS Pack Vendor :STMicroelectronics FP-SNS-FLIGHT1 5.1.0
2026-06-05 15:07:25,390 [INFO] ThirdParty:1030 - CMSIS Pack Vendor :STMicroelectronics X-CUBE-AZRTOS-WL 2.0.0
2026-06-05 15:07:25,390 [INFO] ThirdParty:1030 - CMSIS Pack Vendor :SEGGER I-CUBE-embOS 1.3.1
2026-06-05 15:07:25,390 [INFO] ThirdParty:1030 - CMSIS Pack Vendor :STMicroelectronics X-CUBE-ALGOBUILD 1.4.0
2026-06-05 15:07:25,391 [INFO] ThirdParty:1030 - CMSIS Pack Vendor :STMicroelectronics X-CUBE-DPower 1.3.0
2026-06-05 15:07:25,391 [INFO] ThirdParty:1030 - CMSIS Pack Vendor :STMicroelectronics USB_DEVICE 1.0.0
2026-06-05 15:07:25,391 [INFO] ThirdParty:1030 - CMSIS Pack Vendor :STMicroelectronics X-CUBE-AZRTOS-H7RS 1.2.0
2026-06-05 15:07:25,391 [INFO] ThirdParty:1030 - CMSIS Pack Vendor :STMicroelectronics X-CUBE-AZRTOS-L4 2.0.0
2026-06-05 15:07:25,391 [INFO] ThirdParty:1030 - CMSIS Pack Vendor :STMicroelectronics ThreadX 0.0.2
2026-06-05 15:07:25,392 [INFO] ThirdParty:1030 - CMSIS Pack Vendor :STMicroelectronics lwIP 2.1.2
2026-06-05 15:07:25,392 [INFO] ThirdParty:1030 - CMSIS Pack Vendor :STMicroelectronics X-CUBE-SFXS2LP1 4.0.0
2026-06-05 15:07:25,392 [INFO] ThirdParty:1030 - CMSIS Pack Vendor :STMicroelectronics X-CUBE-BLE2 3.3.0
2026-06-05 15:07:25,393 [INFO] ThirdParty:1030 - CMSIS Pack Vendor :Avnet-IOTCONNECT X-CUBE-iotc-st67-sdk 1.0.0
2026-06-05 15:07:25,393 [INFO] ThirdParty:1030 - CMSIS Pack Vendor :STMicroelectronics X-CUBE-TOF1 3.4.3
2026-06-05 15:07:25,393 [INFO] ThirdParty:1030 - CMSIS Pack Vendor :Infineon AIROC-Wi-Fi-Bluetooth-STM32 1.8.0
2026-06-05 15:07:25,393 [INFO] ThirdParty:1030 - CMSIS Pack Vendor :STMicroelectronics PDM2PCM 3.2.0
2026-06-05 15:07:25,393 [INFO] ThirdParty:1030 - CMSIS Pack Vendor :STMicroelectronics X-CUBE-WB05N 2.1.0
2026-06-05 15:07:25,394 [INFO] ThirdParty:1030 - CMSIS Pack Vendor :STMicroelectronics X-CUBE-ST67W61 1.2.0
2026-06-05 15:07:25,394 [INFO] ThirdParty:841 - exiting critical section [change project]
2026-06-05 15:07:27,483 [INFO] PinOutPanel:1589 - setPackage(No Configuration,No Configuration)
2026-06-05 15:07:27,489 [INFO] PinOutPanel:1589 - setPackage(STM32F207ZGTx,LQFP144)
2026-06-05 15:07:29,543 [INFO] UtilMem:75 - Before build in PCC Used Memory: 705568672 Bytes (1073741824)
2026-06-05 15:07:33,012 [INFO] UtilMem:75 - After build in PCC Used Memory: 764815264 Bytes (1073741824)
2026-06-05 15:07:33,137 [INFO] IPUIPlugin:80 - create IPUIPlugin
2026-06-05 15:07:33,138 [INFO] IPUIPlugin:80 - create IPUIPlugin
2026-06-05 15:07:33,138 [INFO] IPUIPlugin:80 - create IPUIPlugin
2026-06-05 15:07:33,138 [INFO] IPUIPlugin:80 - create IPUIPlugin
2026-06-05 15:07:33,138 [INFO] IPUIPlugin:80 - create IPUIPlugin
2026-06-05 15:07:33,139 [INFO] IPUIPlugin:80 - create IPUIPlugin
2026-06-05 15:07:33,139 [INFO] IPUIPlugin:80 - create IPUIPlugin
2026-06-05 15:07:33,140 [INFO] IPUIPlugin:80 - create IPUIPlugin
2026-06-05 15:07:33,140 [INFO] IPUIPlugin:80 - create IPUIPlugin
2026-06-05 15:07:33,140 [INFO] IPUIPlugin:80 - create IPUIPlugin
2026-06-05 15:07:33,141 [INFO] IPUIPlugin:80 - create IPUIPlugin
2026-06-05 15:07:33,141 [INFO] IPUIPlugin:80 - create IPUIPlugin
2026-06-05 15:07:33,141 [INFO] IPUIPlugin:80 - create IPUIPlugin
2026-06-05 15:07:33,142 [INFO] IPUIPlugin:80 - create IPUIPlugin
2026-06-05 15:07:33,142 [INFO] IPUIPlugin:80 - create IPUIPlugin
2026-06-05 15:07:33,143 [INFO] IPUIPlugin:80 - create IPUIPlugin
2026-06-05 15:07:33,143 [INFO] IPUIPlugin:80 - create IPUIPlugin
2026-06-05 15:07:33,143 [INFO] IPUIPlugin:80 - create IPUIPlugin
2026-06-05 15:07:33,143 [INFO] IPUIPlugin:80 - create IPUIPlugin
2026-06-05 15:07:33,144 [INFO] IPUIPlugin:80 - create IPUIPlugin
2026-06-05 15:07:33,144 [INFO] IPUIPlugin:80 - create IPUIPlugin
2026-06-05 15:07:33,145 [INFO] IPUIPlugin:80 - create IPUIPlugin
2026-06-05 15:07:33,145 [INFO] IPUIPlugin:80 - create IPUIPlugin
2026-06-05 15:07:33,146 [INFO] IPUIPlugin:80 - create IPUIPlugin
2026-06-05 15:07:33,146 [INFO] IPUIPlugin:80 - create IPUIPlugin
2026-06-05 15:07:33,147 [INFO] IPUIPlugin:80 - create IPUIPlugin
2026-06-05 15:07:33,148 [INFO] IPUIPlugin:80 - create IPUIPlugin
2026-06-05 15:07:33,149 [INFO] IPUIPlugin:80 - create IPUIPlugin
2026-06-05 15:07:33,151 [INFO] IPUIPlugin:80 - create IPUIPlugin
2026-06-05 15:07:33,152 [INFO] IPUIPlugin:80 - create IPUIPlugin
2026-06-05 15:07:33,153 [INFO] IPUIPlugin:80 - create IPUIPlugin
2026-06-05 15:07:33,153 [INFO] IPUIPlugin:80 - create IPUIPlugin
2026-06-05 15:07:33,154 [INFO] IPUIPlugin:80 - create IPUIPlugin
2026-06-05 15:07:33,155 [INFO] IPUIPlugin:80 - create IPUIPlugin
2026-06-05 15:07:33,156 [INFO] IPUIPlugin:80 - create IPUIPlugin
2026-06-05 15:07:33,156 [INFO] IPUIPlugin:80 - create IPUIPlugin
2026-06-05 15:07:33,157 [INFO] IPUIPlugin:80 - create IPUIPlugin
2026-06-05 15:07:33,158 [INFO] IPUIPlugin:80 - create IPUIPlugin
2026-06-05 15:07:33,158 [INFO] IPUIPlugin:80 - create IPUIPlugin
2026-06-05 15:07:33,159 [INFO] IPUIPlugin:80 - create IPUIPlugin
2026-06-05 15:07:33,160 [INFO] IPUIPlugin:80 - create IPUIPlugin
2026-06-05 15:07:33,160 [INFO] IPUIPlugin:80 - create IPUIPlugin
2026-06-05 15:07:33,161 [INFO] IPUIPlugin:80 - create IPUIPlugin
2026-06-05 15:07:33,162 [INFO] IPUIPlugin:80 - create IPUIPlugin
2026-06-05 15:07:33,163 [INFO] IPUIPlugin:80 - create IPUIPlugin
2026-06-05 15:07:33,164 [INFO] IPUIPlugin:80 - create IPUIPlugin
2026-06-05 15:07:33,165 [INFO] IPUIPlugin:80 - create IPUIPlugin
2026-06-05 15:07:33,167 [INFO] IPUIPlugin:80 - create IPUIPlugin
2026-06-05 15:07:33,168 [INFO] IPUIPlugin:80 - create IPUIPlugin
2026-06-05 15:07:33,169 [INFO] IPUIPlugin:80 - create IPUIPlugin
2026-06-05 15:07:33,170 [INFO] IPUIPlugin:80 - create IPUIPlugin
2026-06-05 15:07:33,171 [INFO] IPUIPlugin:80 - create IPUIPlugin
2026-06-05 15:07:33,172 [INFO] IPUIPlugin:80 - create IPUIPlugin
2026-06-05 15:07:33,173 [INFO] IPUIPlugin:80 - create IPUIPlugin
2026-06-05 15:07:33,174 [INFO] IPUIPlugin:80 - create IPUIPlugin
2026-06-05 15:07:33,175 [INFO] IPUIPlugin:80 - create IPUIPlugin
2026-06-05 15:07:33,175 [INFO] IPUIPlugin:80 - create IPUIPlugin
2026-06-05 15:07:33,176 [INFO] IPUIPlugin:80 - create IPUIPlugin
2026-06-05 15:07:33,688 [INFO] ApiDbMcu:532 - Load IP Config File for PDM2PCM
2026-06-05 15:07:34,408 [INFO] CADModel:165 - CPN selected for project levelSTM32F207ZGT6
2026-06-05 15:07:34,409 [INFO] CADModel:114 - Register for checkConnection events
2026-06-05 15:07:34,516 [INFO] OpenFileManager:386 - Restore cursor
2026-06-05 15:07:35,073 [WARN] IP:2250 - lpm_enable not found: check if there is a RefParameter without a condition.
2026-06-05 15:07:35,074 [WARN] IP:2250 - lpm_enable not found: check if there is a RefParameter without a condition.
2026-06-05 15:07:38,160 [INFO] UtilMem:75 - End SaveConfig() Used Memory: 933772600 Bytes (1073741824)
2026-06-05 15:07:38,640 [INFO] UtilMem:75 - End SaveConfig() Used Memory: 958260552 Bytes (1073741824)
2026-06-05 15:07:40,888 [INFO] BlockDiagram:2775 - set Specific Code input for plugin: SYS
2026-06-05 15:07:40,888 [INFO] BlockDiagram:2775 - set Specific Code input for plugin: RCC
2026-06-05 15:07:40,889 [INFO] BlockDiagram:2775 - set Specific Code input for plugin: USB_OTG_FS
2026-06-05 15:07:40,889 [INFO] BlockDiagram:2775 - set Specific Code input for plugin: NVIC
2026-06-05 15:07:40,889 [INFO] BlockDiagram:2775 - set Specific Code input for plugin: USART
2026-06-05 15:07:40,893 [INFO] BlockDiagram:2775 - set Specific Code input for plugin: GPIO
2026-06-05 15:07:40,894 [INFO] BlockDiagram:2775 - set Specific Code input for plugin: ETH
2026-06-05 15:07:40,903 [INFO] CodeGenerator:892 - code generatio: config db path: C:\ST\STM32CubeIDE_1.19.0\STM32CubeIDE\plugins\com.st.stm32cube.common.mx_6.15.0.202507011659\\db\
2026-06-05 15:07:40,987 [WARN] IP:2250 - lpm_enable not found: check if there is a RefParameter without a condition.
2026-06-05 15:07:41,580 [INFO] CodeEngine:265 - oldGeneratedFile, C:\Users\ASUS\STM32CubeIDE\workspace_ETH_LWIP\LWIP_ETH\MXTmpFiles\license.tmp_save
2026-06-05 15:07:43,206 [INFO] CodeEngine:289 - Generated code: C:\Users\ASUS\STM32CubeIDE\workspace_ETH_LWIP\LWIP_ETH\MXTmpFiles\license.tmp
2026-06-05 15:07:43,610 [INFO] CodeEngine:265 - oldGeneratedFile, C:\Users\ASUS\STM32CubeIDE\workspace_ETH_LWIP\LWIP_ETH\MXTmpFiles\gpio.tmp_save
2026-06-05 15:07:44,174 [INFO] CodeEngine:289 - Generated code: C:\Users\ASUS\STM32CubeIDE\workspace_ETH_LWIP\LWIP_ETH\MXTmpFiles\gpio.tmp
2026-06-05 15:07:45,196 [INFO] CodeEngine:265 - oldGeneratedFile, C:\Users\ASUS\STM32CubeIDE\workspace_ETH_LWIP\LWIP_ETH\Core\Src\stm32f2xx_it.c_save
2026-06-05 15:07:45,654 [INFO] CodeEngine:289 - Generated code: C:\Users\ASUS\STM32CubeIDE\workspace_ETH_LWIP\LWIP_ETH\Core\Src\stm32f2xx_it.c
2026-06-05 15:07:45,674 [INFO] CodeEngine:265 - oldGeneratedFile, C:\Users\ASUS\STM32CubeIDE\workspace_ETH_LWIP\LWIP_ETH\Core\Inc\stm32f2xx_it.h_save
2026-06-05 15:07:45,904 [INFO] CodeEngine:289 - Generated code: C:\Users\ASUS\STM32CubeIDE\workspace_ETH_LWIP\LWIP_ETH\Core\Inc\stm32f2xx_it.h
2026-06-05 15:07:45,964 [INFO] CodeEngine:265 - oldGeneratedFile, C:\Users\ASUS\STM32CubeIDE\workspace_ETH_LWIP\LWIP_ETH\Core\Src\stm32f2xx_hal_msp.c_save
2026-06-05 15:07:46,520 [INFO] CodeEngine:289 - Generated code: C:\Users\ASUS\STM32CubeIDE\workspace_ETH_LWIP\LWIP_ETH\Core\Src\stm32f2xx_hal_msp.c
2026-06-05 15:07:46,547 [INFO] CodeEngine:265 - oldGeneratedFile, C:\Users\ASUS\STM32CubeIDE\workspace_ETH_LWIP\LWIP_ETH\MXTmpFiles\system.tmp_save
2026-06-05 15:07:46,765 [INFO] CodeEngine:289 - Generated code: C:\Users\ASUS\STM32CubeIDE\workspace_ETH_LWIP\LWIP_ETH\MXTmpFiles\system.tmp
2026-06-05 15:07:46,808 [INFO] CodeEngine:321 - oldGeneratedFile, C:\Users\ASUS\STM32CubeIDE\workspace_ETH_LWIP\LWIP_ETH\Core\Inc\stm32f2xx_hal_conf.h_save
2026-06-05 15:07:47,068 [INFO] CodeEngine:345 - Generated code: C:\Users\ASUS\STM32CubeIDE\workspace_ETH_LWIP\LWIP_ETH\Core\Inc\stm32f2xx_hal_conf.h
2026-06-05 15:07:47,195 [INFO] ApiDbMcu:532 - Load IP Config File for ETH
2026-06-05 15:07:47,212 [INFO] ApiDbMcu:532 - Load IP Config File for USART3
2026-06-05 15:07:47,220 [INFO] ApiDbMcu:532 - Load IP Config File for USB_OTG_FS
2026-06-05 15:07:47,230 [INFO] ApiDbMcu:532 - Load IP Config File for RCC
2026-06-05 15:07:47,239 [WARN] IPConfigManager:3811 - IP not found : USB_OTG
2026-06-05 15:07:47,244 [WARN] CodeGenerator:4259 - IP not found : null
2026-06-05 15:07:47,278 [INFO] CodeEngine:265 - oldGeneratedFile, C:\Users\ASUS\STM32CubeIDE\workspace_ETH_LWIP\LWIP_ETH\Core\Inc\main.h_save
2026-06-05 15:07:47,624 [INFO] CodeEngine:289 - Generated code: C:\Users\ASUS\STM32CubeIDE\workspace_ETH_LWIP\LWIP_ETH\Core\Inc\main.h
2026-06-05 15:07:47,646 [INFO] CodeEngine:265 - oldGeneratedFile, C:\Users\ASUS\STM32CubeIDE\workspace_ETH_LWIP\LWIP_ETH\Core\Src\main.c_save
2026-06-05 15:07:48,256 [INFO] CodeEngine:289 - Generated code: C:\Users\ASUS\STM32CubeIDE\workspace_ETH_LWIP\LWIP_ETH\Core\Src\main.c
2026-06-05 15:07:50,292 [INFO] ProjectBuilder:3606 - Time for Copy HAL[1] : 774mS.
2026-06-05 15:07:50,330 [INFO] ProjectBuilder:5216 - Project Generator version: 4.7.0-B52
2026-06-05 15:07:50,870 [INFO] ConfigFileManager:1595 - The Die is : DIE411
2026-06-05 15:07:50,957 [INFO] ApiDbMcu:532 - Load IP Config File for FATFS
2026-06-05 15:07:50,974 [INFO] ApiDbMcu:532 - Load IP Config File for FREERTOS
2026-06-05 15:07:50,982 [INFO] ApiDbMcu:532 - Load IP Config File for LIBJPEG
2026-06-05 15:07:51,002 [INFO] ApiDbMcu:532 - Load IP Config File for LWIP
2026-06-05 15:07:51,031 [INFO] ApiDbMcu:532 - Load IP Config File for MBEDTLS
2026-06-05 15:07:51,064 [INFO] ApiDbMcu:532 - Load IP Config File for USB_DEVICE
2026-06-05 15:07:51,080 [INFO] ApiDbMcu:532 - Load IP Config File for USB_HOST
2026-06-05 15:07:52,367 [INFO] LogOutputStream:77 - [STDOUT_REDIRECT] 
2026-06-05 15:08:04,144 [INFO] ProjectBuilder:5496 - Time for Generating toolchain IDE Files: 13813mS.
2026-06-05 15:08:04,148 [INFO] ProjectBuilder:3463 - Time for Copy CMSIS : 3mS.
2026-06-05 15:08:04,160 [INFO] ProjectBuilder:3463 - Time for Copy CMSIS : 0mS.
2026-06-05 15:08:07,451 [INFO] McuFinderGlobals:76 - Set McuFinderConnectedMode to true
2026-06-05 15:08:07,466 [INFO] ApiDb:448 - Save user favorites file C:\Users\ASUS/.stm32cubeide/favorites.mcus.txt: 1 item(s)
2026-06-05 15:08:07,467 [INFO] ApiDb:452 - User favorites MCUs=[STM32F446ZET6]
2026-06-05 15:08:07,475 [INFO] ApiDb:448 - Save user favorites file C:\Users\ASUS/.stm32cubeide/favorites.boards.txt: 0 item(s)
2026-06-05 15:08:07,475 [INFO] ApiDb:452 - User favorites Boards=[]
2026-06-05 15:24:57,096 [WARN] IP:2250 - CMSIS_VERSION not found: check if there is a RefParameter without a condition.
2026-06-05 15:24:57,145 [WARN] IP:2250 - LWIP_NETIF_HOSTNAME_NAME not found: check if there is a RefParameter without a condition.
2026-06-05 15:24:57,461 [WARN] IP:2250 - CMSIS_VERSION not found: check if there is a RefParameter without a condition.
2026-06-05 15:24:57,501 [WARN] IP:2250 - LWIP_NETIF_HOSTNAME_NAME not found: check if there is a RefParameter without a condition.
2026-06-05 15:24:58,800 [WARN] IP:2250 - CMSIS_VERSION not found: check if there is a RefParameter without a condition.
2026-06-05 15:24:58,813 [WARN] IP:2250 - LWIP_NETIF_HOSTNAME_NAME not found: check if there is a RefParameter without a condition.
2026-06-05 15:24:59,823 [WARN] IP:2250 - CMSIS_VERSION not found: check if there is a RefParameter without a condition.
2026-06-05 15:24:59,837 [WARN] IP:2250 - LWIP_NETIF_HOSTNAME_NAME not found: check if there is a RefParameter without a condition.
2026-06-05 15:25:09,052 [WARN] IP:2250 - CMSIS_VERSION not found: check if there is a RefParameter without a condition.
2026-06-05 15:25:09,059 [WARN] IP:2250 - LWIP_NETIF_HOSTNAME_NAME not found: check if there is a RefParameter without a condition.
2026-06-05 15:25:10,464 [WARN] IP:2250 - CMSIS_VERSION not found: check if there is a RefParameter without a condition.
2026-06-05 15:25:10,471 [WARN] IP:2250 - LWIP_NETIF_HOSTNAME_NAME not found: check if there is a RefParameter without a condition.
2026-06-05 15:25:13,039 [WARN] IP:2250 - CMSIS_VERSION not found: check if there is a RefParameter without a condition.
2026-06-05 15:25:13,044 [WARN] IP:2250 - LWIP_NETIF_HOSTNAME_NAME not found: check if there is a RefParameter without a condition.
2026-06-05 15:25:14,058 [WARN] IP:2250 - CMSIS_VERSION not found: check if there is a RefParameter without a condition.
2026-06-05 15:25:14,063 [WARN] IP:2250 - LWIP_NETIF_HOSTNAME_NAME not found: check if there is a RefParameter without a condition.
2026-06-05 15:25:17,130 [WARN] IP:2250 - CMSIS_VERSION not found: check if there is a RefParameter without a condition.
2026-06-05 15:25:17,136 [WARN] IP:2250 - LWIP_NETIF_HOSTNAME_NAME not found: check if there is a RefParameter without a condition.
2026-06-05 15:25:19,503 [WARN] IP:2250 - CMSIS_VERSION not found: check if there is a RefParameter without a condition.
2026-06-05 15:25:19,507 [WARN] IP:2250 - LWIP_NETIF_HOSTNAME_NAME not found: check if there is a RefParameter without a condition.
2026-06-05 15:25:21,606 [WARN] IP:2250 - CMSIS_VERSION not found: check if there is a RefParameter without a condition.
2026-06-05 15:25:21,609 [WARN] IP:2250 - LWIP_NETIF_HOSTNAME_NAME not found: check if there is a RefParameter without a condition.
2026-06-05 15:25:22,805 [WARN] IP:2250 - CMSIS_VERSION not found: check if there is a RefParameter without a condition.
2026-06-05 15:25:22,808 [WARN] IP:2250 - LWIP_NETIF_HOSTNAME_NAME not found: check if there is a RefParameter without a condition.
2026-06-05 15:25:23,745 [WARN] IP:2250 - CMSIS_VERSION not found: check if there is a RefParameter without a condition.
2026-06-05 15:25:23,749 [WARN] IP:2250 - LWIP_NETIF_HOSTNAME_NAME not found: check if there is a RefParameter without a condition.
2026-06-05 15:25:35,206 [WARN] IP:2250 - CMSIS_VERSION not found: check if there is a RefParameter without a condition.
2026-06-05 15:25:35,213 [WARN] IP:2250 - LWIP_NETIF_HOSTNAME_NAME not found: check if there is a RefParameter without a condition.
2026-06-05 15:25:40,002 [WARN] IP:2250 - CMSIS_VERSION not found: check if there is a RefParameter without a condition.
2026-06-05 15:25:40,008 [WARN] IP:2250 - LWIP_NETIF_HOSTNAME_NAME not found: check if there is a RefParameter without a condition.
2026-06-05 15:25:41,614 [WARN] IP:2250 - CMSIS_VERSION not found: check if there is a RefParameter without a condition.
2026-06-05 15:25:41,621 [WARN] IP:2250 - LWIP_NETIF_HOSTNAME_NAME not found: check if there is a RefParameter without a condition.
2026-06-05 15:25:43,082 [WARN] IP:2250 - CMSIS_VERSION not found: check if there is a RefParameter without a condition.
2026-06-05 15:25:43,086 [WARN] IP:2250 - LWIP_NETIF_HOSTNAME_NAME not found: check if there is a RefParameter without a condition.
2026-06-05 15:25:45,173 [WARN] IP:2250 - CMSIS_VERSION not found: check if there is a RefParameter without a condition.
2026-06-05 15:25:45,179 [WARN] IP:2250 - LWIP_NETIF_HOSTNAME_NAME not found: check if there is a RefParameter without a condition.
2026-06-05 15:25:48,764 [WARN] IP:2250 - CMSIS_VERSION not found: check if there is a RefParameter without a condition.
2026-06-05 15:25:48,769 [WARN] IP:2250 - LWIP_NETIF_HOSTNAME_NAME not found: check if there is a RefParameter without a condition.
2026-06-05 15:28:42,772 [WARN] IP:2250 - CMSIS_VERSION not found: check if there is a RefParameter without a condition.
2026-06-05 15:28:42,782 [WARN] IP:2250 - LWIP_NETIF_HOSTNAME_NAME not found: check if there is a RefParameter without a condition.
2026-06-05 15:29:09,849 [WARN] IP:2250 - CMSIS_VERSION not found: check if there is a RefParameter without a condition.
2026-06-05 15:29:09,859 [WARN] IP:2250 - LWIP_NETIF_HOSTNAME_NAME not found: check if there is a RefParameter without a condition.
2026-06-05 15:29:13,415 [WARN] IP:2250 - CMSIS_VERSION not found: check if there is a RefParameter without a condition.
2026-06-05 15:29:13,419 [WARN] IP:2250 - LWIP_NETIF_HOSTNAME_NAME not found: check if there is a RefParameter without a condition.
2026-06-05 15:29:15,776 [WARN] IP:2250 - CMSIS_VERSION not found: check if there is a RefParameter without a condition.
2026-06-05 15:29:15,781 [WARN] IP:2250 - LWIP_NETIF_HOSTNAME_NAME not found: check if there is a RefParameter without a condition.
2026-06-05 15:29:18,449 [WARN] IP:2250 - CMSIS_VERSION not found: check if there is a RefParameter without a condition.
2026-06-05 15:29:18,453 [WARN] IP:2250 - LWIP_NETIF_HOSTNAME_NAME not found: check if there is a RefParameter without a condition.
2026-06-05 15:29:19,638 [WARN] IP:2250 - CMSIS_VERSION not found: check if there is a RefParameter without a condition.
2026-06-05 15:29:19,642 [WARN] IP:2250 - LWIP_NETIF_HOSTNAME_NAME not found: check if there is a RefParameter without a condition.
2026-06-05 15:29:20,834 [WARN] IP:2250 - CMSIS_VERSION not found: check if there is a RefParameter without a condition.
2026-06-05 15:29:20,837 [WARN] IP:2250 - LWIP_NETIF_HOSTNAME_NAME not found: check if there is a RefParameter without a condition.
2026-06-05 15:29:21,995 [WARN] IP:2250 - CMSIS_VERSION not found: check if there is a RefParameter without a condition.
2026-06-05 15:29:21,998 [WARN] IP:2250 - LWIP_NETIF_HOSTNAME_NAME not found: check if there is a RefParameter without a condition.
2026-06-05 15:29:23,724 [WARN] IP:2250 - CMSIS_VERSION not found: check if there is a RefParameter without a condition.
2026-06-05 15:29:23,728 [WARN] IP:2250 - LWIP_NETIF_HOSTNAME_NAME not found: check if there is a RefParameter without a condition.
2026-06-05 15:29:24,846 [WARN] IP:2250 - CMSIS_VERSION not found: check if there is a RefParameter without a condition.
2026-06-05 15:29:24,850 [WARN] IP:2250 - LWIP_NETIF_HOSTNAME_NAME not found: check if there is a RefParameter without a condition.
2026-06-05 15:29:27,180 [WARN] IP:2250 - CMSIS_VERSION not found: check if there is a RefParameter without a condition.
2026-06-05 15:29:27,186 [WARN] IP:2250 - LWIP_NETIF_HOSTNAME_NAME not found: check if there is a RefParameter without a condition.
2026-06-05 15:29:28,758 [WARN] IP:2250 - CMSIS_VERSION not found: check if there is a RefParameter without a condition.
2026-06-05 15:29:28,763 [WARN] IP:2250 - LWIP_NETIF_HOSTNAME_NAME not found: check if there is a RefParameter without a condition.
2026-06-05 15:29:30,300 [WARN] IP:2250 - CMSIS_VERSION not found: check if there is a RefParameter without a condition.
2026-06-05 15:29:30,305 [WARN] IP:2250 - LWIP_NETIF_HOSTNAME_NAME not found: check if there is a RefParameter without a condition.
2026-06-05 15:29:32,133 [WARN] IP:2250 - CMSIS_VERSION not found: check if there is a RefParameter without a condition.
2026-06-05 15:29:32,137 [WARN] IP:2250 - LWIP_NETIF_HOSTNAME_NAME not found: check if there is a RefParameter without a condition.
2026-06-05 15:31:47,779 [WARN] IP:2250 - CMSIS_VERSION not found: check if there is a RefParameter without a condition.
2026-06-05 15:31:47,783 [WARN] IP:2250 - LWIP_NETIF_HOSTNAME_NAME not found: check if there is a RefParameter without a condition.
2026-06-05 15:31:53,595 [WARN] IP:2250 - CMSIS_VERSION not found: check if there is a RefParameter without a condition.
2026-06-05 15:31:53,600 [WARN] IP:2250 - LWIP_NETIF_HOSTNAME_NAME not found: check if there is a RefParameter without a condition.
2026-06-05 15:31:56,441 [WARN] IP:2250 - CMSIS_VERSION not found: check if there is a RefParameter without a condition.
2026-06-05 15:31:56,445 [WARN] IP:2250 - LWIP_NETIF_HOSTNAME_NAME not found: check if there is a RefParameter without a condition.
2026-06-05 15:32:46,252 [WARN] IP:2250 - CMSIS_VERSION not found: check if there is a RefParameter without a condition.
2026-06-05 15:32:46,257 [WARN] IP:2250 - LWIP_NETIF_HOSTNAME_NAME not found: check if there is a RefParameter without a condition.
2026-06-05 15:32:47,658 [WARN] IP:2250 - CMSIS_VERSION not found: check if there is a RefParameter without a condition.
2026-06-05 15:32:47,662 [WARN] IP:2250 - LWIP_NETIF_HOSTNAME_NAME not found: check if there is a RefParameter without a condition.
2026-06-05 15:33:17,516 [WARN] IP:2250 - CMSIS_VERSION not found: check if there is a RefParameter without a condition.
2026-06-05 15:33:17,522 [WARN] IP:2250 - LWIP_NETIF_HOSTNAME_NAME not found: check if there is a RefParameter without a condition.
2026-06-05 15:33:18,818 [WARN] IP:2250 - CMSIS_VERSION not found: check if there is a RefParameter without a condition.
2026-06-05 15:33:18,823 [WARN] IP:2250 - LWIP_NETIF_HOSTNAME_NAME not found: check if there is a RefParameter without a condition.
2026-06-05 15:33:19,791 [WARN] IP:2250 - CMSIS_VERSION not found: check if there is a RefParameter without a condition.
2026-06-05 15:33:19,797 [WARN] IP:2250 - LWIP_NETIF_HOSTNAME_NAME not found: check if there is a RefParameter without a condition.
2026-06-05 15:33:21,960 [WARN] IP:2250 - CMSIS_VERSION not found: check if there is a RefParameter without a condition.
2026-06-05 15:33:21,964 [WARN] IP:2250 - LWIP_NETIF_HOSTNAME_NAME not found: check if there is a RefParameter without a condition.
2026-06-05 15:33:23,064 [WARN] IP:2250 - CMSIS_VERSION not found: check if there is a RefParameter without a condition.
2026-06-05 15:33:23,068 [WARN] IP:2250 - LWIP_NETIF_HOSTNAME_NAME not found: check if there is a RefParameter without a condition.
2026-06-05 15:33:24,010 [WARN] IP:2250 - CMSIS_VERSION not found: check if there is a RefParameter without a condition.
2026-06-05 15:33:24,017 [WARN] IP:2250 - LWIP_NETIF_HOSTNAME_NAME not found: check if there is a RefParameter without a condition.
2026-06-05 15:33:25,051 [WARN] IP:2250 - CMSIS_VERSION not found: check if there is a RefParameter without a condition.
2026-06-05 15:33:25,055 [WARN] IP:2250 - LWIP_NETIF_HOSTNAME_NAME not found: check if there is a RefParameter without a condition.
2026-06-05 15:33:27,397 [WARN] IP:2250 - CMSIS_VERSION not found: check if there is a RefParameter without a condition.
2026-06-05 15:33:27,402 [WARN] IP:2250 - LWIP_NETIF_HOSTNAME_NAME not found: check if there is a RefParameter without a condition.
2026-06-05 15:33:30,296 [WARN] IP:2250 - CMSIS_VERSION not found: check if there is a RefParameter without a condition.
2026-06-05 15:33:30,302 [WARN] IP:2250 - LWIP_NETIF_HOSTNAME_NAME not found: check if there is a RefParameter without a condition.
2026-06-05 15:33:31,558 [WARN] IP:2250 - CMSIS_VERSION not found: check if there is a RefParameter without a condition.
2026-06-05 15:33:31,563 [WARN] IP:2250 - LWIP_NETIF_HOSTNAME_NAME not found: check if there is a RefParameter without a condition.
2026-06-05 15:33:32,708 [WARN] IP:2250 - CMSIS_VERSION not found: check if there is a RefParameter without a condition.
2026-06-05 15:33:32,712 [WARN] IP:2250 - LWIP_NETIF_HOSTNAME_NAME not found: check if there is a RefParameter without a condition.
2026-06-05 15:34:03,123 [WARN] IP:2250 - CMSIS_VERSION not found: check if there is a RefParameter without a condition.
2026-06-05 15:34:03,127 [WARN] IP:2250 - LWIP_NETIF_HOSTNAME_NAME not found: check if there is a RefParameter without a condition.
2026-06-05 15:34:16,612 [WARN] IP:2250 - CMSIS_VERSION not found: check if there is a RefParameter without a condition.
2026-06-05 15:34:16,615 [WARN] IP:2250 - LWIP_NETIF_HOSTNAME_NAME not found: check if there is a RefParameter without a condition.
2026-06-05 15:34:18,575 [WARN] IP:2250 - CMSIS_VERSION not found: check if there is a RefParameter without a condition.
2026-06-05 15:34:18,577 [WARN] IP:2250 - LWIP_NETIF_HOSTNAME_NAME not found: check if there is a RefParameter without a condition.
2026-06-05 15:34:21,343 [WARN] IP:2250 - CMSIS_VERSION not found: check if there is a RefParameter without a condition.
2026-06-05 15:34:21,347 [WARN] IP:2250 - LWIP_NETIF_HOSTNAME_NAME not found: check if there is a RefParameter without a condition.
2026-06-05 15:34:22,499 [WARN] IP:2250 - CMSIS_VERSION not found: check if there is a RefParameter without a condition.
2026-06-05 15:34:22,502 [WARN] IP:2250 - LWIP_NETIF_HOSTNAME_NAME not found: check if there is a RefParameter without a condition.
2026-06-05 15:34:24,595 [WARN] IP:2250 - CMSIS_VERSION not found: check if there is a RefParameter without a condition.
2026-06-05 15:34:24,598 [WARN] IP:2250 - LWIP_NETIF_HOSTNAME_NAME not found: check if there is a RefParameter without a condition.
2026-06-05 15:34:26,334 [WARN] IP:2250 - CMSIS_VERSION not found: check if there is a RefParameter without a condition.
2026-06-05 15:34:26,337 [WARN] IP:2250 - LWIP_NETIF_HOSTNAME_NAME not found: check if there is a RefParameter without a condition.
2026-06-05 15:34:27,615 [WARN] IP:2250 - CMSIS_VERSION not found: check if there is a RefParameter without a condition.
2026-06-05 15:34:27,617 [WARN] IP:2250 - LWIP_NETIF_HOSTNAME_NAME not found: check if there is a RefParameter without a condition.
2026-06-05 15:34:28,852 [WARN] IP:2250 - CMSIS_VERSION not found: check if there is a RefParameter without a condition.
2026-06-05 15:34:28,856 [WARN] IP:2250 - LWIP_NETIF_HOSTNAME_NAME not found: check if there is a RefParameter without a condition.
2026-06-05 15:34:30,772 [WARN] IP:2250 - CMSIS_VERSION not found: check if there is a RefParameter without a condition.
2026-06-05 15:34:30,775 [WARN] IP:2250 - LWIP_NETIF_HOSTNAME_NAME not found: check if there is a RefParameter without a condition.
2026-06-05 15:37:05,866 [INFO] WebApp:194 - Connection lost
2026-06-05 15:37:07,703 [INFO] WebApp:191 - Connection restablished
2026-06-05 15:48:27,527 [WARN] IP:2250 - CMSIS_VERSION not found: check if there is a RefParameter without a condition.
2026-06-05 15:48:27,538 [WARN] IP:2250 - LWIP_NETIF_HOSTNAME_NAME not found: check if there is a RefParameter without a condition.
2026-06-05 15:48:29,753 [WARN] IP:2250 - CMSIS_VERSION not found: check if there is a RefParameter without a condition.
2026-06-05 15:48:29,763 [WARN] IP:2250 - LWIP_NETIF_HOSTNAME_NAME not found: check if there is a RefParameter without a condition.
2026-06-05 15:48:45,375 [WARN] IP:2250 - CMSIS_VERSION not found: check if there is a RefParameter without a condition.
2026-06-05 15:48:45,377 [WARN] IP:2250 - LWIP_NETIF_HOSTNAME_NAME not found: check if there is a RefParameter without a condition.
2026-06-05 15:48:45,403 [WARN] IP:2250 - CMSIS_VERSION not found: check if there is a RefParameter without a condition.
2026-06-05 15:48:45,406 [WARN] IP:2250 - LWIP_NETIF_HOSTNAME_NAME not found: check if there is a RefParameter without a condition.
2026-06-05 15:48:45,480 [WARN] IP:2250 - CMSIS_VERSION not found: check if there is a RefParameter without a condition.
2026-06-05 15:48:45,484 [WARN] IP:2250 - LWIP_NETIF_HOSTNAME_NAME not found: check if there is a RefParameter without a condition.
2026-06-05 15:49:17,887 [WARN] IP:2250 - CMSIS_VERSION not found: check if there is a RefParameter without a condition.
2026-06-05 15:49:17,890 [WARN] IP:2250 - LWIP_NETIF_HOSTNAME_NAME not found: check if there is a RefParameter without a condition.
2026-06-05 15:49:17,914 [WARN] IP:2250 - CMSIS_VERSION not found: check if there is a RefParameter without a condition.
2026-06-05 15:49:17,917 [WARN] IP:2250 - LWIP_NETIF_HOSTNAME_NAME not found: check if there is a RefParameter without a condition.
2026-06-05 15:49:17,993 [WARN] IP:2250 - CMSIS_VERSION not found: check if there is a RefParameter without a condition.
2026-06-05 15:49:17,998 [WARN] IP:2250 - LWIP_NETIF_HOSTNAME_NAME not found: check if there is a RefParameter without a condition.
2026-06-05 15:49:38,665 [WARN] IP:2250 - CMSIS_VERSION not found: check if there is a RefParameter without a condition.
2026-06-05 15:49:38,668 [WARN] IP:2250 - LWIP_NETIF_HOSTNAME_NAME not found: check if there is a RefParameter without a condition.
2026-06-05 15:49:38,700 [WARN] IP:2250 - CMSIS_VERSION not found: check if there is a RefParameter without a condition.
2026-06-05 15:49:38,702 [WARN] IP:2250 - LWIP_NETIF_HOSTNAME_NAME not found: check if there is a RefParameter without a condition.
2026-06-05 15:49:38,773 [WARN] IP:2250 - CMSIS_VERSION not found: check if there is a RefParameter without a condition.
2026-06-05 15:49:38,777 [WARN] IP:2250 - LWIP_NETIF_HOSTNAME_NAME not found: check if there is a RefParameter without a condition.
2026-06-05 15:50:18,924 [WARN] IP:2250 - CMSIS_VERSION not found: check if there is a RefParameter without a condition.
2026-06-05 15:50:18,927 [WARN] IP:2250 - LWIP_NETIF_HOSTNAME_NAME not found: check if there is a RefParameter without a condition.
2026-06-05 15:50:28,009 [WARN] IP:2250 - CMSIS_VERSION not found: check if there is a RefParameter without a condition.
2026-06-05 15:50:28,012 [WARN] IP:2250 - LWIP_NETIF_HOSTNAME_NAME not found: check if there is a RefParameter without a condition.
2026-06-05 15:51:42,222 [WARN] IP:2250 - CMSIS_VERSION not found: check if there is a RefParameter without a condition.
2026-06-05 15:51:42,225 [WARN] IP:2250 - LWIP_NETIF_HOSTNAME_NAME not found: check if there is a RefParameter without a condition.
2026-06-05 15:51:43,223 [WARN] IP:2250 - CMSIS_VERSION not found: check if there is a RefParameter without a condition.
2026-06-05 15:51:43,226 [WARN] IP:2250 - LWIP_NETIF_HOSTNAME_NAME not found: check if there is a RefParameter without a condition.
2026-06-05 15:52:05,462 [WARN] IP:2250 - CMSIS_VERSION not found: check if there is a RefParameter without a condition.
2026-06-05 15:52:05,464 [WARN] IP:2250 - LWIP_NETIF_HOSTNAME_NAME not found: check if there is a RefParameter without a condition.
2026-06-05 15:52:05,497 [WARN] IP:2250 - CMSIS_VERSION not found: check if there is a RefParameter without a condition.
2026-06-05 15:52:05,500 [WARN] IP:2250 - LWIP_NETIF_HOSTNAME_NAME not found: check if there is a RefParameter without a condition.
2026-06-05 15:52:05,598 [WARN] IP:2250 - CMSIS_VERSION not found: check if there is a RefParameter without a condition.
2026-06-05 15:52:05,604 [WARN] IP:2250 - LWIP_NETIF_HOSTNAME_NAME not found: check if there is a RefParameter without a condition.
2026-06-05 15:53:21,187 [INFO] UtilMem:75 - End SaveConfig() Used Memory: 719939976 Bytes (1073741824)
2026-06-05 15:53:28,826 [INFO] UtilMem:75 - End SaveConfig() Used Memory: 973695368 Bytes (1073741824)
2026-06-05 15:53:30,081 [INFO] BlockDiagram:2775 - set Specific Code input for plugin: TIM6_7F2
2026-06-05 15:53:30,082 [INFO] BlockDiagram:2775 - set Specific Code input for plugin: SYS
2026-06-05 15:53:30,082 [INFO] BlockDiagram:2775 - set Specific Code input for plugin: RCC
2026-06-05 15:53:30,082 [INFO] BlockDiagram:2775 - set Specific Code input for plugin: USB_OTG_FS
2026-06-05 15:53:30,082 [INFO] BlockDiagram:2775 - set Specific Code input for plugin: NVIC
2026-06-05 15:53:30,083 [INFO] BlockDiagram:2775 - set Specific Code input for plugin: LWIP
2026-06-05 15:53:30,083 [INFO] BlockDiagram:2775 - set Specific Code input for plugin: USART
2026-06-05 15:53:30,087 [INFO] BlockDiagram:2775 - set Specific Code input for plugin: GPIO
2026-06-05 15:53:30,089 [INFO] BlockDiagram:2775 - set Specific Code input for plugin: ETH
2026-06-05 15:53:30,093 [INFO] CodeGenerator:892 - code generatio: config db path: C:\ST\STM32CubeIDE_1.19.0\STM32CubeIDE\plugins\com.st.stm32cube.common.mx_6.15.0.202507011659\\db\
2026-06-05 15:53:30,112 [WARN] IP:2250 - CMSIS_VERSION not found: check if there is a RefParameter without a condition.
2026-06-05 15:53:30,124 [WARN] IP:2250 - LWIP_NETIF_HOSTNAME_NAME not found: check if there is a RefParameter without a condition.
2026-06-05 15:53:30,263 [WARN] IP:2250 - lpm_enable not found: check if there is a RefParameter without a condition.
2026-06-05 15:53:30,518 [INFO] CodeEngine:265 - oldGeneratedFile, C:\Users\ASUS\STM32CubeIDE\workspace_ETH_LWIP\LWIP_ETH\MXTmpFiles\license.tmp_save
2026-06-05 15:53:31,364 [INFO] CodeEngine:289 - Generated code: C:\Users\ASUS\STM32CubeIDE\workspace_ETH_LWIP\LWIP_ETH\MXTmpFiles\license.tmp
2026-06-05 15:53:31,723 [INFO] CodeEngine:265 - oldGeneratedFile, C:\Users\ASUS\STM32CubeIDE\workspace_ETH_LWIP\LWIP_ETH\MXTmpFiles\gpio.tmp_save
2026-06-05 15:53:32,223 [INFO] CodeEngine:289 - Generated code: C:\Users\ASUS\STM32CubeIDE\workspace_ETH_LWIP\LWIP_ETH\MXTmpFiles\gpio.tmp
2026-06-05 15:53:32,608 [INFO] CodeEngine:265 - oldGeneratedFile, C:\Users\ASUS\STM32CubeIDE\workspace_ETH_LWIP\LWIP_ETH\MXTmpFiles\eth_vars.tmp_save
2026-06-05 15:53:32,895 [INFO] CodeEngine:289 - Generated code: C:\Users\ASUS\STM32CubeIDE\workspace_ETH_LWIP\LWIP_ETH\MXTmpFiles\eth_vars.tmp
2026-06-05 15:53:32,915 [INFO] CodeEngine:265 - oldGeneratedFile, C:\Users\ASUS\STM32CubeIDE\workspace_ETH_LWIP\LWIP_ETH\MXTmpFiles\eth_inc.tmp_save
2026-06-05 15:53:33,213 [INFO] CodeEngine:289 - Generated code: C:\Users\ASUS\STM32CubeIDE\workspace_ETH_LWIP\LWIP_ETH\MXTmpFiles\eth_inc.tmp
2026-06-05 15:53:33,242 [INFO] CodeEngine:265 - oldGeneratedFile, C:\Users\ASUS\STM32CubeIDE\workspace_ETH_LWIP\LWIP_ETH\MXTmpFiles\eth_HalInit.tmp_save
2026-06-05 15:53:33,520 [INFO] CodeEngine:289 - Generated code: C:\Users\ASUS\STM32CubeIDE\workspace_ETH_LWIP\LWIP_ETH\MXTmpFiles\eth_HalInit.tmp
2026-06-05 15:53:33,539 [INFO] CodeEngine:265 - oldGeneratedFile, C:\Users\ASUS\STM32CubeIDE\workspace_ETH_LWIP\LWIP_ETH\MXTmpFiles\eth_Msp.tmp_save
2026-06-05 15:53:33,839 [INFO] CodeEngine:289 - Generated code: C:\Users\ASUS\STM32CubeIDE\workspace_ETH_LWIP\LWIP_ETH\MXTmpFiles\eth_Msp.tmp
2026-06-05 15:53:34,604 [INFO] Middleware:1452 - No code input for Bsp Dependency
2026-06-05 15:53:34,664 [INFO] Middleware:1452 - No code input for Bsp Dependency
2026-06-05 15:53:34,714 [INFO] CodeEngine:265 - oldGeneratedFile, C:\Users\ASUS\STM32CubeIDE\workspace_ETH_LWIP\LWIP_ETH\LWIP\App\lwip.c_save
2026-06-05 15:53:35,008 [INFO] CodeEngine:289 - Generated code: C:\Users\ASUS\STM32CubeIDE\workspace_ETH_LWIP\LWIP_ETH\LWIP\App\lwip.c
2026-06-05 15:53:35,028 [INFO] CodeEngine:265 - oldGeneratedFile, C:\Users\ASUS\STM32CubeIDE\workspace_ETH_LWIP\LWIP_ETH\LWIP\App\lwip.h_save
2026-06-05 15:53:35,284 [INFO] CodeEngine:289 - Generated code: C:\Users\ASUS\STM32CubeIDE\workspace_ETH_LWIP\LWIP_ETH\LWIP\App\lwip.h
2026-06-05 15:53:35,323 [INFO] CodeEngine:265 - oldGeneratedFile, C:\Users\ASUS\STM32CubeIDE\workspace_ETH_LWIP\LWIP_ETH\LWIP\Target\lwipopts.h_save
2026-06-05 15:53:36,153 [INFO] CodeEngine:289 - Generated code: C:\Users\ASUS\STM32CubeIDE\workspace_ETH_LWIP\LWIP_ETH\LWIP\Target\lwipopts.h
2026-06-05 15:53:36,180 [INFO] CodeEngine:265 - oldGeneratedFile, C:\Users\ASUS\STM32CubeIDE\workspace_ETH_LWIP\LWIP_ETH\LWIP\Target\ethernetif.c_save
2026-06-05 15:53:36,444 [INFO] CodeEngine:289 - Generated code: C:\Users\ASUS\STM32CubeIDE\workspace_ETH_LWIP\LWIP_ETH\LWIP\Target\ethernetif.c
2026-06-05 15:53:36,469 [INFO] CodeEngine:265 - oldGeneratedFile, C:\Users\ASUS\STM32CubeIDE\workspace_ETH_LWIP\LWIP_ETH\LWIP\Target\ethernetif.h_save
2026-06-05 15:53:36,686 [INFO] CodeEngine:289 - Generated code: C:\Users\ASUS\STM32CubeIDE\workspace_ETH_LWIP\LWIP_ETH\LWIP\Target\ethernetif.h
2026-06-05 15:53:36,754 [INFO] CodeEngine:265 - oldGeneratedFile, C:\Users\ASUS\STM32CubeIDE\workspace_ETH_LWIP\LWIP_ETH\Core\Src\stm32f2xx_it.c_save
2026-06-05 15:53:37,604 [INFO] CodeEngine:289 - Generated code: C:\Users\ASUS\STM32CubeIDE\workspace_ETH_LWIP\LWIP_ETH\Core\Src\stm32f2xx_it.c
2026-06-05 15:53:37,657 [INFO] CodeEngine:265 - oldGeneratedFile, C:\Users\ASUS\STM32CubeIDE\workspace_ETH_LWIP\LWIP_ETH\Core\Inc\stm32f2xx_it.h_save
2026-06-05 15:53:37,854 [INFO] CodeEngine:289 - Generated code: C:\Users\ASUS\STM32CubeIDE\workspace_ETH_LWIP\LWIP_ETH\Core\Inc\stm32f2xx_it.h
2026-06-05 15:53:37,916 [INFO] CodeEngine:265 - oldGeneratedFile, C:\Users\ASUS\STM32CubeIDE\workspace_ETH_LWIP\LWIP_ETH\Core\Src\stm32f2xx_hal_msp.c_save
2026-06-05 15:53:38,247 [INFO] CodeEngine:289 - Generated code: C:\Users\ASUS\STM32CubeIDE\workspace_ETH_LWIP\LWIP_ETH\Core\Src\stm32f2xx_hal_msp.c
2026-06-05 15:53:38,266 [INFO] CodeEngine:265 - oldGeneratedFile, C:\Users\ASUS\STM32CubeIDE\workspace_ETH_LWIP\LWIP_ETH\MXTmpFiles\system.tmp_save
2026-06-05 15:53:38,444 [INFO] CodeEngine:289 - Generated code: C:\Users\ASUS\STM32CubeIDE\workspace_ETH_LWIP\LWIP_ETH\MXTmpFiles\system.tmp
2026-06-05 15:53:38,535 [INFO] CodeEngine:321 - oldGeneratedFile, C:\Users\ASUS\STM32CubeIDE\workspace_ETH_LWIP\LWIP_ETH\Core\Inc\stm32f2xx_hal_conf.h_save
2026-06-05 15:53:38,886 [INFO] CodeEngine:345 - Generated code: C:\Users\ASUS\STM32CubeIDE\workspace_ETH_LWIP\LWIP_ETH\Core\Inc\stm32f2xx_hal_conf.h
2026-06-05 15:53:39,045 [INFO] ApiDbMcu:532 - Load IP Config File for TIM6
2026-06-05 15:53:39,061 [WARN] IPConfigManager:3811 - IP not found : TIM
2026-06-05 15:53:39,062 [WARN] IPConfigManager:3811 - IP not found : USB_OTG
2026-06-05 15:53:39,065 [WARN] CodeGenerator:4259 - IP not found : null
2026-06-05 15:53:39,066 [WARN] CodeGenerator:4259 - IP not found : null
2026-06-05 15:53:39,124 [INFO] CodeEngine:265 - oldGeneratedFile, C:\Users\ASUS\STM32CubeIDE\workspace_ETH_LWIP\LWIP_ETH\Core\Inc\main.h_save
2026-06-05 15:53:39,563 [INFO] CodeEngine:289 - Generated code: C:\Users\ASUS\STM32CubeIDE\workspace_ETH_LWIP\LWIP_ETH\Core\Inc\main.h
2026-06-05 15:53:39,601 [INFO] CodeEngine:265 - oldGeneratedFile, C:\Users\ASUS\STM32CubeIDE\workspace_ETH_LWIP\LWIP_ETH\Core\Src\main.c_save
2026-06-05 15:53:40,179 [INFO] CodeEngine:289 - Generated code: C:\Users\ASUS\STM32CubeIDE\workspace_ETH_LWIP\LWIP_ETH\Core\Src\main.c
2026-06-05 15:53:42,597 [INFO] ProjectBuilder:3606 - Time for Copy HAL[1] : 1279mS.
2026-06-05 15:53:42,639 [INFO] ProjectBuilder:5216 - Project Generator version: 4.7.0-B52
2026-06-05 15:53:42,886 [INFO] ConfigFileManager:1595 - The Die is : DIE411
2026-06-05 15:53:49,200 [INFO] ProjectBuilder:5496 - Time for Generating toolchain IDE Files: 6560mS.
2026-06-05 15:53:49,202 [INFO] ProjectBuilder:3463 - Time for Copy CMSIS : 1mS.
2026-06-05 15:53:49,354 [INFO] ProjectBuilder:3463 - Time for Copy CMSIS : 1mS.
2026-06-05 15:58:47,785 [INFO] WebApp:194 - Connection lost
2026-06-05 15:58:48,289 [INFO] WebApp:191 - Connection restablished
2026-06-05 15:58:53,649 [INFO] WebApp:194 - Connection lost
2026-06-05 15:58:53,829 [INFO] WebApp:191 - Connection restablished
2026-06-05 15:59:48,513 [INFO] WebApp:194 - Connection lost
2026-06-05 15:59:48,736 [INFO] WebApp:191 - Connection restablished
2026-06-05 15:59:51,823 [INFO] WebApp:194 - Connection lost
2026-06-05 15:59:52,220 [INFO] WebApp:191 - Connection restablished
2026-06-05 16:02:19,613 [INFO] WebApp:194 - Connection lost
2026-06-05 16:02:20,121 [INFO] WebApp:191 - Connection restablished
2026-06-05 16:02:20,719 [INFO] WebApp:194 - Connection lost
2026-06-05 16:02:20,976 [INFO] WebApp:191 - Connection restablished
2026-06-05 16:02:26,647 [INFO] WebApp:194 - Connection lost
2026-06-05 16:02:26,846 [INFO] WebApp:191 - Connection restablished
2026-06-05 16:07:02,949 [INFO] WebApp:194 - Connection lost
2026-06-05 16:07:03,447 [INFO] WebApp:191 - Connection restablished
2026-06-05 16:07:08,042 [INFO] WebApp:194 - Connection lost
2026-06-05 16:07:08,270 [INFO] WebApp:191 - Connection restablished
2026-06-05 16:07:24,920 [INFO] WebApp:194 - Connection lost
2026-06-05 16:07:25,136 [INFO] WebApp:191 - Connection restablished
2026-06-05 16:07:32,545 [INFO] WebApp:194 - Connection lost
2026-06-05 16:07:32,786 [INFO] WebApp:191 - Connection restablished
2026-06-05 16:09:53,622 [INFO] WebApp:194 - Connection lost
2026-06-05 16:09:54,025 [INFO] WebApp:191 - Connection restablished
2026-06-05 16:09:59,113 [INFO] WebApp:194 - Connection lost
2026-06-05 16:09:59,341 [INFO] WebApp:191 - Connection restablished
2026-06-05 16:10:05,733 [INFO] WebApp:194 - Connection lost
2026-06-05 16:10:05,965 [INFO] WebApp:191 - Connection restablished
2026-06-05 16:10:15,091 [INFO] WebApp:194 - Connection lost
2026-06-05 16:10:15,306 [INFO] WebApp:191 - Connection restablished
2026-06-05 16:11:56,202 [INFO] WebApp:194 - Connection lost
2026-06-05 16:11:56,439 [INFO] WebApp:191 - Connection restablished
2026-06-05 16:12:11,558 [INFO] WebApp:194 - Connection lost
2026-06-05 16:12:11,782 [INFO] WebApp:191 - Connection restablished
2026-06-05 16:12:42,353 [INFO] WebApp:194 - Connection lost
2026-06-05 16:12:42,593 [INFO] WebApp:191 - Connection restablished
2026-06-05 16:12:49,554 [INFO] WebApp:194 - Connection lost
2026-06-05 16:12:49,755 [INFO] WebApp:191 - Connection restablished
2026-06-05 16:15:36,055 [INFO] NvicIntPanel:101 - NVIC parent = com.st.microxplorer.plugins.ip.nvic.MultiNvicIntPanel[,0,0,0x0,invalid,layout=javax.swing.BoxLayout,alignmentX=0.0,alignmentY=0.0,border=,flags=9,maximumSize=,minimumSize=,preferredSize=]
2026-06-05 16:15:41,239 [INFO] NvicIntPanel:101 - NVIC parent = com.st.microxplorer.plugins.ip.nvic.MultiNvicIntPanel[,0,0,0x0,invalid,layout=javax.swing.BoxLayout,alignmentX=0.0,alignmentY=0.0,border=,flags=9,maximumSize=,minimumSize=,preferredSize=]
2026-06-05 16:15:45,917 [INFO] NvicIntPanel:101 - NVIC parent = com.st.microxplorer.plugins.ip.nvic.MultiNvicIntPanel[,0,0,0x0,invalid,layout=javax.swing.BoxLayout,alignmentX=0.0,alignmentY=0.0,border=,flags=9,maximumSize=,minimumSize=,preferredSize=]
2026-06-05 16:15:50,038 [INFO] Gpio:278 - dependency for GPIO [ETH, RCC, SYS, USART3, USB_OTG_FS]
2026-06-05 16:16:05,038 [INFO] NvicIntPanel:101 - NVIC parent = com.st.microxplorer.plugins.ip.nvic.MultiNvicIntPanel[,0,0,0x0,invalid,layout=javax.swing.BoxLayout,alignmentX=0.0,alignmentY=0.0,border=,flags=9,maximumSize=,minimumSize=,preferredSize=]
2026-06-05 16:16:25,302 [INFO] UtilMem:75 - End SaveConfig() Used Memory: 908189072 Bytes (1073741824)
2026-06-05 16:16:31,394 [INFO] UtilMem:75 - End SaveConfig() Used Memory: 741029952 Bytes (1073741824)
2026-06-05 16:16:32,382 [INFO] BlockDiagram:2775 - set Specific Code input for plugin: SYS
2026-06-05 16:16:32,382 [INFO] BlockDiagram:2775 - set Specific Code input for plugin: RCC
2026-06-05 16:16:32,383 [INFO] BlockDiagram:2775 - set Specific Code input for plugin: USB_OTG_FS
2026-06-05 16:16:32,383 [INFO] BlockDiagram:2775 - set Specific Code input for plugin: NVIC
2026-06-05 16:16:32,384 [INFO] BlockDiagram:2775 - set Specific Code input for plugin: LWIP
2026-06-05 16:16:32,384 [INFO] BlockDiagram:2775 - set Specific Code input for plugin: USART
2026-06-05 16:16:32,386 [INFO] BlockDiagram:2775 - set Specific Code input for plugin: GPIO
2026-06-05 16:16:32,386 [INFO] BlockDiagram:2775 - set Specific Code input for plugin: ETH
2026-06-05 16:16:32,389 [INFO] CodeGenerator:892 - code generatio: config db path: C:\ST\STM32CubeIDE_1.19.0\STM32CubeIDE\plugins\com.st.stm32cube.common.mx_6.15.0.202507011659\\db\
2026-06-05 16:16:32,404 [WARN] IP:2250 - CMSIS_VERSION not found: check if there is a RefParameter without a condition.
2026-06-05 16:16:32,414 [WARN] IP:2250 - LWIP_NETIF_HOSTNAME_NAME not found: check if there is a RefParameter without a condition.
2026-06-05 16:16:32,512 [WARN] IP:2250 - lpm_enable not found: check if there is a RefParameter without a condition.
2026-06-05 16:16:32,798 [INFO] CodeEngine:265 - oldGeneratedFile, C:\Users\ASUS\STM32CubeIDE\workspace_ETH_LWIP\LWIP_ETH\MXTmpFiles\license.tmp_save
2026-06-05 16:16:33,892 [INFO] CodeEngine:289 - Generated code: C:\Users\ASUS\STM32CubeIDE\workspace_ETH_LWIP\LWIP_ETH\MXTmpFiles\license.tmp
2026-06-05 16:16:34,338 [INFO] CodeEngine:265 - oldGeneratedFile, C:\Users\ASUS\STM32CubeIDE\workspace_ETH_LWIP\LWIP_ETH\MXTmpFiles\gpio.tmp_save
2026-06-05 16:16:35,060 [INFO] CodeEngine:289 - Generated code: C:\Users\ASUS\STM32CubeIDE\workspace_ETH_LWIP\LWIP_ETH\MXTmpFiles\gpio.tmp
2026-06-05 16:16:35,564 [INFO] CodeEngine:265 - oldGeneratedFile, C:\Users\ASUS\STM32CubeIDE\workspace_ETH_LWIP\LWIP_ETH\MXTmpFiles\eth_vars.tmp_save
2026-06-05 16:16:36,243 [INFO] CodeEngine:289 - Generated code: C:\Users\ASUS\STM32CubeIDE\workspace_ETH_LWIP\LWIP_ETH\MXTmpFiles\eth_vars.tmp
2026-06-05 16:16:36,269 [INFO] CodeEngine:265 - oldGeneratedFile, C:\Users\ASUS\STM32CubeIDE\workspace_ETH_LWIP\LWIP_ETH\MXTmpFiles\eth_inc.tmp_save
2026-06-05 16:16:36,757 [INFO] CodeEngine:289 - Generated code: C:\Users\ASUS\STM32CubeIDE\workspace_ETH_LWIP\LWIP_ETH\MXTmpFiles\eth_inc.tmp
2026-06-05 16:16:36,800 [INFO] CodeEngine:265 - oldGeneratedFile, C:\Users\ASUS\STM32CubeIDE\workspace_ETH_LWIP\LWIP_ETH\MXTmpFiles\eth_HalInit.tmp_save
2026-06-05 16:16:37,330 [INFO] CodeEngine:289 - Generated code: C:\Users\ASUS\STM32CubeIDE\workspace_ETH_LWIP\LWIP_ETH\MXTmpFiles\eth_HalInit.tmp
2026-06-05 16:16:37,448 [INFO] CodeEngine:265 - oldGeneratedFile, C:\Users\ASUS\STM32CubeIDE\workspace_ETH_LWIP\LWIP_ETH\MXTmpFiles\eth_Msp.tmp_save
2026-06-05 16:16:37,911 [INFO] CodeEngine:289 - Generated code: C:\Users\ASUS\STM32CubeIDE\workspace_ETH_LWIP\LWIP_ETH\MXTmpFiles\eth_Msp.tmp
2026-06-05 16:16:38,606 [INFO] Middleware:1452 - No code input for Bsp Dependency
2026-06-05 16:16:38,690 [INFO] Middleware:1452 - No code input for Bsp Dependency
2026-06-05 16:16:38,781 [INFO] CodeEngine:265 - oldGeneratedFile, C:\Users\ASUS\STM32CubeIDE\workspace_ETH_LWIP\LWIP_ETH\LWIP\App\lwip.c_save
2026-06-05 16:16:39,223 [INFO] CodeEngine:289 - Generated code: C:\Users\ASUS\STM32CubeIDE\workspace_ETH_LWIP\LWIP_ETH\LWIP\App\lwip.c
2026-06-05 16:16:39,261 [INFO] CodeEngine:265 - oldGeneratedFile, C:\Users\ASUS\STM32CubeIDE\workspace_ETH_LWIP\LWIP_ETH\LWIP\App\lwip.h_save
2026-06-05 16:16:39,629 [INFO] CodeEngine:289 - Generated code: C:\Users\ASUS\STM32CubeIDE\workspace_ETH_LWIP\LWIP_ETH\LWIP\App\lwip.h
2026-06-05 16:16:39,664 [INFO] CodeEngine:265 - oldGeneratedFile, C:\Users\ASUS\STM32CubeIDE\workspace_ETH_LWIP\LWIP_ETH\LWIP\Target\lwipopts.h_save
2026-06-05 16:16:40,537 [INFO] CodeEngine:289 - Generated code: C:\Users\ASUS\STM32CubeIDE\workspace_ETH_LWIP\LWIP_ETH\LWIP\Target\lwipopts.h
2026-06-05 16:16:40,574 [INFO] CodeEngine:265 - oldGeneratedFile, C:\Users\ASUS\STM32CubeIDE\workspace_ETH_LWIP\LWIP_ETH\LWIP\Target\ethernetif.c_save
2026-06-05 16:16:40,908 [INFO] CodeEngine:289 - Generated code: C:\Users\ASUS\STM32CubeIDE\workspace_ETH_LWIP\LWIP_ETH\LWIP\Target\ethernetif.c
2026-06-05 16:16:40,950 [INFO] CodeEngine:265 - oldGeneratedFile, C:\Users\ASUS\STM32CubeIDE\workspace_ETH_LWIP\LWIP_ETH\LWIP\Target\ethernetif.h_save
2026-06-05 16:16:41,251 [INFO] CodeEngine:289 - Generated code: C:\Users\ASUS\STM32CubeIDE\workspace_ETH_LWIP\LWIP_ETH\LWIP\Target\ethernetif.h
2026-06-05 16:16:41,320 [INFO] CodeEngine:265 - oldGeneratedFile, C:\Users\ASUS\STM32CubeIDE\workspace_ETH_LWIP\LWIP_ETH\Core\Src\stm32f2xx_it.c_save
2026-06-05 16:16:42,202 [INFO] CodeEngine:289 - Generated code: C:\Users\ASUS\STM32CubeIDE\workspace_ETH_LWIP\LWIP_ETH\Core\Src\stm32f2xx_it.c
2026-06-05 16:16:42,313 [INFO] CodeEngine:265 - oldGeneratedFile, C:\Users\ASUS\STM32CubeIDE\workspace_ETH_LWIP\LWIP_ETH\Core\Inc\stm32f2xx_it.h_save
2026-06-05 16:16:42,669 [INFO] CodeEngine:289 - Generated code: C:\Users\ASUS\STM32CubeIDE\workspace_ETH_LWIP\LWIP_ETH\Core\Inc\stm32f2xx_it.h
2026-06-05 16:16:42,787 [INFO] CodeEngine:265 - oldGeneratedFile, C:\Users\ASUS\STM32CubeIDE\workspace_ETH_LWIP\LWIP_ETH\Core\Src\stm32f2xx_hal_msp.c_save
2026-06-05 16:16:43,195 [INFO] CodeEngine:289 - Generated code: C:\Users\ASUS\STM32CubeIDE\workspace_ETH_LWIP\LWIP_ETH\Core\Src\stm32f2xx_hal_msp.c
2026-06-05 16:16:43,217 [INFO] CodeEngine:265 - oldGeneratedFile, C:\Users\ASUS\STM32CubeIDE\workspace_ETH_LWIP\LWIP_ETH\MXTmpFiles\system.tmp_save
2026-06-05 16:16:43,412 [INFO] CodeEngine:289 - Generated code: C:\Users\ASUS\STM32CubeIDE\workspace_ETH_LWIP\LWIP_ETH\MXTmpFiles\system.tmp
2026-06-05 16:16:43,465 [INFO] CodeEngine:321 - oldGeneratedFile, C:\Users\ASUS\STM32CubeIDE\workspace_ETH_LWIP\LWIP_ETH\Core\Inc\stm32f2xx_hal_conf.h_save
2026-06-05 16:16:43,716 [INFO] CodeEngine:345 - Generated code: C:\Users\ASUS\STM32CubeIDE\workspace_ETH_LWIP\LWIP_ETH\Core\Inc\stm32f2xx_hal_conf.h
2026-06-05 16:16:43,809 [WARN] IPConfigManager:3811 - IP not found : USB_OTG
2026-06-05 16:16:43,814 [WARN] CodeGenerator:4259 - IP not found : null
2026-06-05 16:16:43,853 [INFO] CodeEngine:265 - oldGeneratedFile, C:\Users\ASUS\STM32CubeIDE\workspace_ETH_LWIP\LWIP_ETH\Core\Inc\main.h_save
2026-06-05 16:16:44,174 [INFO] CodeEngine:289 - Generated code: C:\Users\ASUS\STM32CubeIDE\workspace_ETH_LWIP\LWIP_ETH\Core\Inc\main.h
2026-06-05 16:16:44,203 [INFO] CodeEngine:265 - oldGeneratedFile, C:\Users\ASUS\STM32CubeIDE\workspace_ETH_LWIP\LWIP_ETH\Core\Src\main.c_save
2026-06-05 16:16:44,596 [INFO] CodeEngine:289 - Generated code: C:\Users\ASUS\STM32CubeIDE\workspace_ETH_LWIP\LWIP_ETH\Core\Src\main.c
2026-06-05 16:16:48,046 [INFO] ProjectBuilder:3606 - Time for Copy HAL[1] : 2139mS.
2026-06-05 16:16:48,089 [INFO] ProjectBuilder:5216 - Project Generator version: 4.7.0-B52
2026-06-05 16:16:48,356 [INFO] ConfigFileManager:1595 - The Die is : DIE411
2026-06-05 16:16:55,008 [INFO] ProjectBuilder:5496 - Time for Generating toolchain IDE Files: 6919mS.
2026-06-05 16:16:55,011 [INFO] ProjectBuilder:3463 - Time for Copy CMSIS : 2mS.
2026-06-05 16:16:55,125 [INFO] ProjectBuilder:3463 - Time for Copy CMSIS : 0mS.
2026-06-05 16:20:23,697 [INFO] WebApp:194 - Connection lost
2026-06-05 16:20:25,131 [INFO] WebApp:191 - Connection restablished
2026-06-05 16:20:28,184 [INFO] WebApp:194 - Connection lost
2026-06-05 16:20:28,430 [INFO] WebApp:191 - Connection restablished
2026-06-05 16:20:55,067 [INFO] WebApp:194 - Connection lost
2026-06-05 16:20:55,316 [INFO] WebApp:191 - Connection restablished
2026-06-05 16:21:02,598 [INFO] WebApp:194 - Connection lost
2026-06-05 16:21:02,900 [INFO] WebApp:191 - Connection restablished
2026-06-05 16:21:47,235 [INFO] WebApp:194 - Connection lost
2026-06-05 16:21:47,448 [INFO] WebApp:191 - Connection restablished
2026-06-05 16:21:58,567 [INFO] WebApp:194 - Connection lost
2026-06-05 16:21:58,762 [INFO] WebApp:191 - Connection restablished
2026-06-05 16:31:16,905 [INFO] WebApp:194 - Connection lost
2026-06-05 16:31:18,007 [INFO] WebApp:191 - Connection restablished
2026-06-05 16:31:21,314 [INFO] WebApp:194 - Connection lost
2026-06-05 16:31:21,536 [INFO] WebApp:191 - Connection restablished
2026-06-05 16:31:26,175 [INFO] WebApp:194 - Connection lost
2026-06-05 16:31:26,396 [INFO] WebApp:191 - Connection restablished
2026-06-05 16:31:33,878 [INFO] WebApp:194 - Connection lost
2026-06-05 16:31:34,111 [INFO] WebApp:191 - Connection restablished
2026-06-05 16:31:36,993 [INFO] WebApp:194 - Connection lost
2026-06-05 16:31:37,193 [INFO] WebApp:191 - Connection restablished
2026-06-05 16:31:39,654 [INFO] WebApp:194 - Connection lost
2026-06-05 16:31:39,882 [INFO] WebApp:191 - Connection restablished
2026-06-05 16:35:40,259 [INFO] WebApp:194 - Connection lost
2026-06-05 16:35:41,149 [INFO] WebApp:191 - Connection restablished
2026-06-05 16:35:45,025 [INFO] WebApp:194 - Connection lost
2026-06-05 16:35:45,284 [INFO] WebApp:191 - Connection restablished
2026-06-05 16:35:49,544 [INFO] WebApp:194 - Connection lost
2026-06-05 16:35:49,759 [INFO] WebApp:191 - Connection restablished
2026-06-05 16:35:58,719 [INFO] WebApp:194 - Connection lost
2026-06-05 16:35:58,980 [INFO] WebApp:191 - Connection restablished
2026-06-05 16:36:02,585 [INFO] WebApp:194 - Connection lost
2026-06-05 16:36:02,884 [INFO] WebApp:191 - Connection restablished
2026-06-05 16:36:07,116 [INFO] WebApp:194 - Connection lost
2026-06-05 16:36:07,387 [INFO] WebApp:191 - Connection restablished
2026-06-05 16:36:13,187 [INFO] WebApp:194 - Connection lost
2026-06-05 16:36:13,470 [INFO] WebApp:191 - Connection restablished
2026-06-05 16:37:32,152 [INFO] WebApp:194 - Connection lost
2026-06-05 16:37:32,491 [INFO] WebApp:191 - Connection restablished
2026-06-05 16:37:37,278 [INFO] WebApp:194 - Connection lost
2026-06-05 16:37:37,556 [INFO] WebApp:191 - Connection restablished
2026-06-05 16:37:40,343 [INFO] WebApp:194 - Connection lost
2026-06-05 16:37:40,549 [INFO] WebApp:191 - Connection restablished
2026-06-05 16:37:47,332 [INFO] WebApp:194 - Connection lost
2026-06-05 16:37:47,570 [INFO] WebApp:191 - Connection restablished
2026-06-05 16:37:52,341 [INFO] WebApp:194 - Connection lost
2026-06-05 16:37:52,788 [INFO] WebApp:191 - Connection restablished
2026-06-05 16:37:58,074 [INFO] WebApp:194 - Connection lost
2026-06-05 16:37:58,321 [INFO] WebApp:191 - Connection restablished
2026-06-05 16:38:46,438 [INFO] WebApp:194 - Connection lost
2026-06-05 16:38:46,810 [INFO] WebApp:191 - Connection restablished
2026-06-05 16:38:51,585 [INFO] WebApp:194 - Connection lost
2026-06-05 16:38:51,935 [INFO] WebApp:191 - Connection restablished
2026-06-05 16:53:46,374 [INFO] WebApp:194 - Connection lost
2026-06-05 16:53:47,425 [INFO] WebApp:191 - Connection restablished
2026-06-05 17:53:45,662 [INFO] WebApp:194 - Connection lost
2026-06-05 17:53:47,327 [INFO] WebApp:191 - Connection restablished
2026-06-05 17:53:47,537 [INFO] WebApp:194 - Connection lost
2026-06-05 17:53:47,922 [INFO] WebApp:191 - Connection restablished
2026-06-05 17:54:33,038 [ERROR] LogOutputStream:75 - [STDERR_REDIRECT] 
