2026-06-10 10:10:29,562 [INFO] Activator:176 - 


2026-06-10 10:10:29,582 [INFO] Activator:177 - !SESSION log4j initialized
2026-06-10 10:10:56,311 [INFO] LogOutputStream:77 - [STDOUT_REDIRECT] 
2026-06-10 10:11:05,962 [INFO] ApplicationProperties:184 - Using Application install path: C:\ST\STM32CubeIDE_1.19.0\STM32CubeIDE\plugins\com.st.stm32cube.common.mx_6.15.0.202507011659
2026-06-10 10:11:06,084 [INFO] DbMcusXml:78 - Set database path to: C:\ST\STM32CubeIDE_1.19.0\STM32CubeIDE\plugins\com.st.stm32cube.common.mx_6.15.0.202507011659\\db\/mcu/
2026-06-10 10:11:06,085 [INFO] ApiDb:274 - Set plugin database path to: C:\ST\STM32CubeIDE_1.19.0\STM32CubeIDE\plugins\com.st.stm32cube.common.mx_6.15.0.202507011659\\db\/plugins/boardmanager/
2026-06-10 10:11:06,087 [WARN] ApiDb:259 - Overriding images path with different value:  => C:\ST\STM32CubeIDE_1.19.0\STM32CubeIDE\plugins\com.st.stm32cube.common.mx_6.15.0.202507011659\\db\/plugins/mcufinder/images/
2026-06-10 10:11:06,123 [INFO] ApiDb:250 - Set database path to: C:\Users\ASUS\.stmcufinder\plugins\mcufinder//mcu/
2026-06-10 10:11:06,129 [INFO] DbMcusAds:125 - Set database path to: C:\Users\ASUS\.stmcufinder\plugins\mcufinder//mcu/
2026-06-10 10:11:06,140 [INFO] CrossReferenceDbSqlite:203 - Set database path to: C:\Users\ASUS\.stmcufinder\plugins\mcufinder//mcu/cs/
2026-06-10 10:11:07,176 [INFO] RulesReader:64 - Compatibility file has been processed (317 Rules)
2026-06-10 10:11:07,925 [INFO] DbMcusXml:78 - Set database path to: C:\ST\STM32CubeIDE_1.19.0\STM32CubeIDE\plugins\com.st.stm32cube.common.mx_6.15.0.202507011659\\db\/mcu/
2026-06-10 10:11:07,925 [INFO] ApiDb:274 - Set plugin database path to: C:\ST\STM32CubeIDE_1.19.0\STM32CubeIDE\plugins\com.st.stm32cube.common.mx_6.15.0.202507011659\\db\/plugins/boardmanager/
2026-06-10 10:11:07,929 [INFO] ApiDb:261 - Set plugin images path to: C:\ST\STM32CubeIDE_1.19.0\STM32CubeIDE\plugins\com.st.stm32cube.common.mx_6.15.0.202507011659\\db\/plugins/mcufinder/images/
2026-06-10 10:11:07,931 [WARN] DbFile:41 - Overriding database path with different value: C:\Users\ASUS\.stmcufinder\plugins\mcufinder/ => C:\Users\ASUS\.stmcufinder\plugins\mcufinder
2026-06-10 10:11:07,931 [INFO] ApiDb:250 - Set database path to: C:\Users\ASUS\.stmcufinder\plugins\mcufinder//mcu/
2026-06-10 10:11:07,932 [WARN] DbFile:41 - Overriding database path with different value: C:\Users\ASUS\.stmcufinder\plugins\mcufinder/ => C:\Users\ASUS\.stmcufinder\plugins\mcufinder
2026-06-10 10:11:07,933 [INFO] DbMcusAds:125 - Set database path to: C:\Users\ASUS\.stmcufinder\plugins\mcufinder//mcu/
2026-06-10 10:11:07,934 [WARN] DbFile:41 - Overriding database path with different value: C:\Users\ASUS\.stmcufinder\plugins\mcufinder/ => C:\Users\ASUS\.stmcufinder\plugins\mcufinder
2026-06-10 10:11:07,934 [WARN] DbFile:41 - Overriding database path with different value: C:\Users\ASUS\.stmcufinder\plugins\mcufinder/ => C:\Users\ASUS\.stmcufinder\plugins\mcufinder
2026-06-10 10:11:07,936 [INFO] CrossReferenceDbSqlite:203 - Set database path to: C:\Users\ASUS\.stmcufinder\plugins\mcufinder//mcu/cs/
2026-06-10 10:11:08,975 [INFO] MainPanel:274 - HeapMemory: 268435456
2026-06-10 10:11:09,962 [INFO] DbMcusXml:78 - Set database path to: C:\ST\STM32CubeIDE_1.19.0\STM32CubeIDE\plugins\com.st.stm32cube.common.mx_6.15.0.202507011659\\db\/mcu/
2026-06-10 10:11:09,963 [INFO] ApiDb:274 - Set plugin database path to: C:\ST\STM32CubeIDE_1.19.0\STM32CubeIDE\plugins\com.st.stm32cube.common.mx_6.15.0.202507011659\\db\/plugins/boardmanager/
2026-06-10 10:11:09,964 [INFO] ApiDb:261 - Set plugin images path to: C:\ST\STM32CubeIDE_1.19.0\STM32CubeIDE\plugins\com.st.stm32cube.common.mx_6.15.0.202507011659\\db\/plugins/mcufinder/images/
2026-06-10 10:11:09,966 [WARN] DbFile:41 - Overriding database path with different value: C:\Users\ASUS\.stmcufinder\plugins\mcufinder/ => C:\Users\ASUS\.stmcufinder\plugins\mcufinder
2026-06-10 10:11:09,967 [INFO] ApiDb:250 - Set database path to: C:\Users\ASUS\.stmcufinder\plugins\mcufinder//mcu/
2026-06-10 10:11:09,967 [WARN] DbFile:41 - Overriding database path with different value: C:\Users\ASUS\.stmcufinder\plugins\mcufinder/ => C:\Users\ASUS\.stmcufinder\plugins\mcufinder
2026-06-10 10:11:09,968 [INFO] DbMcusAds:125 - Set database path to: C:\Users\ASUS\.stmcufinder\plugins\mcufinder//mcu/
2026-06-10 10:11:09,969 [WARN] DbFile:41 - Overriding database path with different value: C:\Users\ASUS\.stmcufinder\plugins\mcufinder/ => C:\Users\ASUS\.stmcufinder\plugins\mcufinder
2026-06-10 10:11:09,969 [WARN] DbFile:41 - Overriding database path with different value: C:\Users\ASUS\.stmcufinder\plugins\mcufinder/ => C:\Users\ASUS\.stmcufinder\plugins\mcufinder
2026-06-10 10:11:09,980 [INFO] CrossReferenceDbSqlite:203 - Set database path to: C:\Users\ASUS\.stmcufinder\plugins\mcufinder//mcu/cs/
2026-06-10 10:11:10,083 [INFO] ApplicationProperties:184 - Using Application install path: C:\ST\STM32CubeIDE_1.19.0\STM32CubeIDE\plugins\com.st.stm32cube.common.mx_6.15.0.202507011659
2026-06-10 10:11:10,091 [INFO] PluginManage:196 - Search for loadable plugins [exclusion list=, ]
2026-06-10 10:11:10,124 [INFO] PluginManage:310 - Check plugin analytics
2026-06-10 10:11:12,470 [INFO] AnalyticsPlugin:253 - Accepted Software Licenses: 
2026-06-10 10:11:12,474 [INFO] AnalyticsPlugin:255 - Accepted CMSIS Pack Licenses: 
2026-06-10 10:11:12,479 [INFO] AnalyticsPlugin:257 - Accepted Firmware Licenses: FW.F4.1.28.0,FW.C0.1.4.0
2026-06-10 10:11:12,521 [INFO] PluginManage:359 - Loaded plugin analytics (category:tool,tabindex:-1)
2026-06-10 10:11:12,526 [INFO] PluginManage:310 - Check plugin cadmodel
2026-06-10 10:11:12,565 [INFO] CADModel:105 - Init CAD model plugin
2026-06-10 10:11:12,566 [INFO] PluginManage:359 - Loaded plugin cadmodel (category:power,tabindex:5)
2026-06-10 10:11:12,568 [INFO] PluginManage:310 - Check plugin clock
2026-06-10 10:11:12,657 [INFO] PluginManage:359 - Loaded plugin clock (category:base,tabindex:2)
2026-06-10 10:11:12,660 [INFO] PluginManage:310 - Check plugin ddr
2026-06-10 10:11:12,690 [INFO] PluginManage:359 - Loaded plugin ddr (category:tool,tabindex:6)
2026-06-10 10:11:12,694 [INFO] PluginManage:310 - Check plugin filemanager
2026-06-10 10:11:14,236 [INFO] PluginManage:359 - Loaded plugin filemanager (category:base,tabindex:10)
2026-06-10 10:11:14,237 [INFO] PluginManage:310 - Check plugin ipmanager
2026-06-10 10:11:14,289 [INFO] PluginManage:359 - Loaded plugin ipmanager (category:base,tabindex:5)
2026-06-10 10:11:14,290 [INFO] PluginManage:310 - Check plugin lpbam
2026-06-10 10:11:14,336 [INFO] PluginManage:359 - Loaded plugin lpbam (category:base,tabindex:0)
2026-06-10 10:11:14,336 [INFO] PluginManage:310 - Check plugin memorymap
2026-06-10 10:11:14,448 [INFO] PluginManage:359 - Loaded plugin memorymap (category:base,tabindex:4)
2026-06-10 10:11:14,449 [INFO] PluginManage:310 - Check plugin pinoutandconfiguration
2026-06-10 10:11:14,567 [INFO] PluginManage:359 - Loaded plugin pinoutandconfiguration (category:base,tabindex:1)
2026-06-10 10:11:14,567 [INFO] PluginManage:310 - Check plugin pinoutconfig
2026-06-10 10:11:15,286 [WARN] SupportedApi:132 - Cannot load RTOS API schema: s4s-elt-must-match.1: The content of 'definitions' must match (annotation?, (simpleType | complexType)?, (unique | key | keyref)*)). A problem was found starting at: attribute.
2026-06-10 10:11:16,793 [INFO] PluginManage:359 - Loaded plugin pinoutconfig (category:base,tabindex:0)
2026-06-10 10:11:16,793 [INFO] PluginManage:310 - Check plugin power
2026-06-10 10:11:16,879 [INFO] PluginManage:359 - Loaded plugin power (category:power,tabindex:4)
2026-06-10 10:11:16,883 [INFO] PluginManage:310 - Check plugin projectmanager
2026-06-10 10:11:17,174 [INFO] PluginManage:359 - Loaded plugin projectmanager (category:projectmanager,tabindex:4)
2026-06-10 10:11:17,175 [INFO] PluginManage:310 - Check plugin rif
2026-06-10 10:11:17,225 [INFO] PluginManage:359 - Loaded plugin rif (category:base,tabindex:3)
2026-06-10 10:11:17,226 [INFO] PluginManage:310 - Check plugin thirdparty
2026-06-10 10:11:18,173 [WARN] IntegrityCheckThread:84 - waiting for thirdparty lock release [integrity check]
2026-06-10 10:11:18,174 [INFO] PluginManage:359 - Loaded plugin thirdparty (category:base,tabindex:-1)
2026-06-10 10:11:18,174 [INFO] IntegrityCheckThread:86 - entering critical section [integrity check]
2026-06-10 10:11:18,175 [INFO] PluginManage:310 - Check plugin tools
2026-06-10 10:11:18,176 [INFO] ThirdPartyUpdaterWithRetryManager:70 - Updater plugin not ready yet. [1/15]
2026-06-10 10:11:18,189 [INFO] PluginManage:359 - Loaded plugin tools (category:base,tabindex:7)
2026-06-10 10:11:18,190 [INFO] PluginManage:310 - Check plugin tutovideos
2026-06-10 10:11:19,514 [INFO] PluginManage:359 - Loaded plugin tutovideos (category:base,tabindex:-1)
2026-06-10 10:11:19,515 [INFO] PluginManage:310 - Check plugin updater
2026-06-10 10:11:19,670 [INFO] PluginManage:359 - Loaded plugin updater (category:base,tabindex:12)
2026-06-10 10:11:19,671 [INFO] PluginManage:310 - Check plugin userauth
2026-06-10 10:11:19,689 [INFO] UserAuth:118 - Init User Auth plugin
2026-06-10 10:11:19,694 [INFO] PluginManage:359 - Loaded plugin userauth (category:base,tabindex:14)
2026-06-10 10:11:19,698 [INFO] PluginManage:283 - PluginManage : Loaded plugins [18]
2026-06-10 10:11:21,204 [INFO] ThirdPartyUpdaterWithRetryManager:70 - Updater plugin not ready yet. [2/15]
2026-06-10 10:11:21,337 [INFO] PinOutPanel:1589 - setPackage(No Configuration,No Configuration)
2026-06-10 10:11:22,004 [INFO] CADModel:165 - CPN selected for project level
2026-06-10 10:11:22,004 [INFO] CADModel:114 - Register for checkConnection events
2026-06-10 10:11:22,086 [INFO] IPUIPlugin:80 - create IPUIPlugin
2026-06-10 10:11:22,087 [INFO] PluginManager:220 - loadIPPluginJar : add adc
2026-06-10 10:11:22,099 [INFO] IPUIPlugin:80 - create IPUIPlugin
2026-06-10 10:11:22,101 [INFO] PluginManager:220 - loadIPPluginJar : add aes
2026-06-10 10:11:22,121 [INFO] IPUIPlugin:80 - create IPUIPlugin
2026-06-10 10:11:22,121 [INFO] PluginManager:220 - loadIPPluginJar : add can
2026-06-10 10:11:22,135 [INFO] IPUIPlugin:80 - create IPUIPlugin
2026-06-10 10:11:22,136 [INFO] PluginManager:220 - loadIPPluginJar : add comp
2026-06-10 10:11:22,148 [INFO] IPUIPlugin:80 - create IPUIPlugin
2026-06-10 10:11:22,149 [INFO] PluginManager:220 - loadIPPluginJar : add cryp
2026-06-10 10:11:22,165 [INFO] IPUIPlugin:80 - create IPUIPlugin
2026-06-10 10:11:22,166 [INFO] PluginManager:220 - loadIPPluginJar : add ddr_ctrl_phy
2026-06-10 10:11:22,179 [INFO] IPUIPlugin:80 - create IPUIPlugin
2026-06-10 10:11:22,180 [INFO] PluginManager:220 - loadIPPluginJar : add dfsdm
2026-06-10 10:11:22,205 [INFO] IPUIPlugin:80 - create IPUIPlugin
2026-06-10 10:11:22,208 [INFO] PluginManager:220 - loadIPPluginJar : add dma
2026-06-10 10:11:22,224 [INFO] IPUIPlugin:80 - create IPUIPlugin
2026-06-10 10:11:22,224 [INFO] PluginManager:220 - loadIPPluginJar : add dma3
2026-06-10 10:11:22,239 [INFO] IPUIPlugin:80 - create IPUIPlugin
2026-06-10 10:11:22,240 [INFO] PluginManager:220 - loadIPPluginJar : add extmemmanager
2026-06-10 10:11:22,249 [INFO] IPUIPlugin:80 - create IPUIPlugin
2026-06-10 10:11:22,250 [INFO] PluginManager:220 - loadIPPluginJar : add fatfs
2026-06-10 10:11:22,271 [INFO] IPUIPlugin:80 - create IPUIPlugin
2026-06-10 10:11:22,271 [INFO] PluginManager:220 - loadIPPluginJar : add fmc
2026-06-10 10:11:22,319 [INFO] IPUIPlugin:80 - create IPUIPlugin
2026-06-10 10:11:22,319 [INFO] PluginManager:220 - loadIPPluginJar : add freertos
2026-06-10 10:11:22,335 [INFO] IPUIPlugin:80 - create IPUIPlugin
2026-06-10 10:11:22,339 [INFO] PluginManager:220 - loadIPPluginJar : add genericplugin
2026-06-10 10:11:22,380 [INFO] IPUIPlugin:80 - create IPUIPlugin
2026-06-10 10:11:22,381 [INFO] PluginManager:220 - loadIPPluginJar : add gfxmmu
2026-06-10 10:11:22,403 [INFO] IPUIPlugin:80 - create IPUIPlugin
2026-06-10 10:11:22,404 [INFO] PluginManager:220 - loadIPPluginJar : add gic
2026-06-10 10:11:22,423 [INFO] IPUIPlugin:80 - create IPUIPlugin
2026-06-10 10:11:22,424 [INFO] PluginManager:220 - loadIPPluginJar : add gpio
2026-06-10 10:11:22,441 [INFO] IPUIPlugin:80 - create IPUIPlugin
2026-06-10 10:11:22,441 [INFO] PluginManager:220 - loadIPPluginJar : add gtzc
2026-06-10 10:11:22,453 [INFO] IPUIPlugin:80 - create IPUIPlugin
2026-06-10 10:11:22,453 [INFO] PluginManager:220 - loadIPPluginJar : add hash
2026-06-10 10:11:22,465 [INFO] IPUIPlugin:80 - create IPUIPlugin
2026-06-10 10:11:22,465 [INFO] PluginManager:220 - loadIPPluginJar : add i2c
2026-06-10 10:11:22,480 [INFO] IPUIPlugin:80 - create IPUIPlugin
2026-06-10 10:11:22,481 [INFO] PluginManager:220 - loadIPPluginJar : add i2s
2026-06-10 10:11:22,497 [INFO] IPUIPlugin:80 - create IPUIPlugin
2026-06-10 10:11:22,498 [INFO] PluginManager:220 - loadIPPluginJar : add i3c
2026-06-10 10:11:22,514 [INFO] IPUIPlugin:80 - create IPUIPlugin
2026-06-10 10:11:22,514 [INFO] PluginManager:220 - loadIPPluginJar : add ipddr
2026-06-10 10:11:22,535 [INFO] IPUIPlugin:80 - create IPUIPlugin
2026-06-10 10:11:22,535 [INFO] PluginManager:220 - loadIPPluginJar : add linkedlist
2026-06-10 10:11:22,555 [INFO] IPUIPlugin:80 - create IPUIPlugin
2026-06-10 10:11:22,555 [INFO] PluginManager:220 - loadIPPluginJar : add lorawan
2026-06-10 10:11:22,564 [INFO] IPUIPlugin:80 - create IPUIPlugin
2026-06-10 10:11:22,564 [INFO] PluginManager:220 - loadIPPluginJar : add ltdc
2026-06-10 10:11:22,590 [INFO] IPUIPlugin:80 - create IPUIPlugin
2026-06-10 10:11:22,590 [INFO] PluginManager:220 - loadIPPluginJar : add mdma
2026-06-10 10:11:22,606 [INFO] IPUIPlugin:80 - create IPUIPlugin
2026-06-10 10:11:22,607 [INFO] PluginManager:220 - loadIPPluginJar : add nvic
2026-06-10 10:11:22,621 [INFO] IPUIPlugin:80 - create IPUIPlugin
2026-06-10 10:11:22,621 [INFO] PluginManager:220 - loadIPPluginJar : add opamp
2026-06-10 10:11:22,634 [INFO] IPUIPlugin:80 - create IPUIPlugin
2026-06-10 10:11:22,635 [INFO] PluginManager:220 - loadIPPluginJar : add openamp
2026-06-10 10:11:22,652 [INFO] IPUIPlugin:80 - create IPUIPlugin
2026-06-10 10:11:22,653 [INFO] PluginManager:220 - loadIPPluginJar : add pdm2pcm
2026-06-10 10:11:22,679 [INFO] IPUIPlugin:80 - create IPUIPlugin
2026-06-10 10:11:22,691 [INFO] PluginManager:220 - loadIPPluginJar : add plateformsettings
2026-06-10 10:11:22,701 [INFO] IPUIPlugin:80 - create IPUIPlugin
2026-06-10 10:11:22,701 [INFO] PluginManager:220 - loadIPPluginJar : add quadspi
2026-06-10 10:11:22,711 [INFO] IPUIPlugin:80 - create IPUIPlugin
2026-06-10 10:11:22,714 [INFO] PluginManager:220 - loadIPPluginJar : add radio
2026-06-10 10:11:22,729 [INFO] IPUIPlugin:80 - create IPUIPlugin
2026-06-10 10:11:22,730 [INFO] PluginManager:220 - loadIPPluginJar : add resmgrutility
2026-06-10 10:11:22,743 [INFO] IPUIPlugin:80 - create IPUIPlugin
2026-06-10 10:11:22,744 [INFO] PluginManager:220 - loadIPPluginJar : add sai
2026-06-10 10:11:22,757 [INFO] IPUIPlugin:80 - create IPUIPlugin
2026-06-10 10:11:22,757 [INFO] PluginManager:220 - loadIPPluginJar : add spi
2026-06-10 10:11:22,786 [INFO] IPUIPlugin:80 - create IPUIPlugin
2026-06-10 10:11:22,786 [INFO] PluginManager:220 - loadIPPluginJar : add stm32_wpan
2026-06-10 10:11:22,794 [INFO] IPUIPlugin:80 - create IPUIPlugin
2026-06-10 10:11:22,795 [INFO] PluginManager:220 - loadIPPluginJar : add tim
2026-06-10 10:11:22,809 [INFO] IPUIPlugin:80 - create IPUIPlugin
2026-06-10 10:11:22,810 [INFO] PluginManager:220 - loadIPPluginJar : add touchsensing
2026-06-10 10:11:22,820 [INFO] IPUIPlugin:80 - create IPUIPlugin
2026-06-10 10:11:22,820 [INFO] PluginManager:220 - loadIPPluginJar : add tracer_emb
2026-06-10 10:11:22,831 [INFO] IPUIPlugin:80 - create IPUIPlugin
2026-06-10 10:11:22,831 [INFO] PluginManager:220 - loadIPPluginJar : add ts
2026-06-10 10:11:22,841 [INFO] IPUIPlugin:80 - create IPUIPlugin
2026-06-10 10:11:22,842 [INFO] PluginManager:220 - loadIPPluginJar : add tsc
2026-06-10 10:11:22,851 [INFO] IPUIPlugin:80 - create IPUIPlugin
2026-06-10 10:11:22,851 [INFO] PluginManager:220 - loadIPPluginJar : add ucpd
2026-06-10 10:11:22,862 [INFO] IPUIPlugin:80 - create IPUIPlugin
2026-06-10 10:11:22,862 [INFO] PluginManager:220 - loadIPPluginJar : add usart
2026-06-10 10:11:22,876 [INFO] IPUIPlugin:80 - create IPUIPlugin
2026-06-10 10:11:22,876 [INFO] PluginManager:220 - loadIPPluginJar : add usbx
2026-06-10 10:11:23,280 [FATAL] Updater:351 - Updater called before beeing initialized
2026-06-10 10:11:23,420 [INFO] RulesReader:64 - Compatibility file has been processed (317 Rules)
2026-06-10 10:11:23,508 [INFO] RulesReader:64 - Compatibility file has been processed (317 Rules)
2026-06-10 10:11:23,540 [INFO] CADModel:165 - CPN selected for project level
2026-06-10 10:11:23,540 [INFO] CADModel:114 - Register for checkConnection events
2026-06-10 10:11:23,540 [FATAL] Updater:351 - Updater called before beeing initialized
2026-06-10 10:11:23,540 [ERROR] CADModel:125 - Updater not yet initialized, retry later 
2026-06-10 10:11:24,213 [INFO] ThirdPartyUpdaterWithRetryManager:70 - Updater plugin not ready yet. [3/15]
2026-06-10 10:11:24,366 [FATAL] Updater:351 - Updater called before beeing initialized
2026-06-10 10:11:24,375 [INFO] CADModel:165 - CPN selected for project level
2026-06-10 10:11:24,375 [INFO] CADModel:114 - Register for checkConnection events
2026-06-10 10:11:24,376 [FATAL] Updater:351 - Updater called before beeing initialized
2026-06-10 10:11:24,376 [ERROR] CADModel:125 - Updater not yet initialized, retry later 
2026-06-10 10:11:24,390 [FATAL] Updater:351 - Updater called before beeing initialized
2026-06-10 10:11:24,977 [FATAL] Updater:351 - Updater called before beeing initialized
2026-06-10 10:11:25,002 [INFO] DbMcusAds:53 - JSON generation date=Thu May 28 21:38:17 IST 2026 (1779984497073)
2026-06-10 10:11:25,003 [FATAL] Updater:351 - Updater called before beeing initialized
2026-06-10 10:11:25,166 [WARN] DetailPanel:346 - Failed to get advertising image, set to default
2026-06-10 10:11:25,765 [FATAL] Updater:351 - Updater called before beeing initialized
2026-06-10 10:11:25,779 [FATAL] Updater:351 - Updater called before beeing initialized
2026-06-10 10:11:25,779 [FATAL] Updater:351 - Updater called before beeing initialized
2026-06-10 10:11:25,779 [WARN] DetailPanel:346 - Failed to get advertising image, set to default
2026-06-10 10:11:25,783 [FATAL] Updater:351 - Updater called before beeing initialized
2026-06-10 10:11:26,080 [ERROR] Updater:1198 - MainUpdater not yet initialized. External WinMGr cannot be set.
2026-06-10 10:11:26,087 [INFO] Updater:1134 - Updater Version found : 6.15.0
2026-06-10 10:11:26,156 [INFO] ApplicationProperties:184 - Using Application install path: C:\ST\STM32CubeIDE_1.19.0\STM32CubeIDE\plugins\com.st.stm32cube.common.mx_6.15.0.202507011659
2026-06-10 10:11:27,222 [FATAL] Updater:351 - Updater called before beeing initialized
2026-06-10 10:11:27,222 [ERROR] IntegrityCheckThread:130 - Cannot retrieve database content from updater: error 21
2026-06-10 10:11:27,222 [INFO] ThirdParty:978 - Integrity check success = false
2026-06-10 10:11:27,222 [INFO] IntegrityCheckThread:100 - exiting critical section [integrity check]
2026-06-10 10:11:27,222 [INFO] IntegrityCheckThread:103 - End integrity checks thread
2026-06-10 10:11:27,835 [ERROR] LogOutputStream:75 - [STDERR_REDIRECT] Jun 10, 2026 10:11:27 AM java.util.prefs.WindowsPreferences <init>
2026-06-10 10:11:27,849 [ERROR] LogOutputStream:75 - [STDERR_REDIRECT] WARNING: Could not open/create prefs root node Software\JavaSoft\Prefs at root 0xffffffff80000002. Windows RegCreateKeyEx(...) returned error code 5.
2026-06-10 10:11:27,850 [ERROR] LogOutputStream:75 - [STDERR_REDIRECT] 
2026-06-10 10:11:29,908 [INFO] MainUpdater:2872 - connection check result : 10
2026-06-10 10:11:29,911 [INFO] MainUpdater:289 - Updater Check For Update Now.
2026-06-10 10:11:29,912 [INFO] MicroXplorer:498 - Change Database Version : DB.6.0.150
2026-06-10 10:11:29,957 [INFO] McuFinderGlobals:63 - Set McuFinder mode to 2 (CubeIDE integrated)
2026-06-10 10:11:29,963 [INFO] UserAuth:487 - Internet connection configuration mode: 1
2026-06-10 10:11:30,155 [INFO] JxBrowserEngine:152 - Initiate JxBrowser Engine with user profile folder
2026-06-10 10:11:30,836 [INFO] CheckServerUpdateThread:120 - End of CheckServer Thread
2026-06-10 10:11:38,175 [INFO] WebApp:169 - Instantiating new browser for Auth
2026-06-10 10:11:43,649 [INFO] WebApp:463 - Apply proxy settings
2026-06-10 10:11:43,649 [INFO] WebApp:548 - Chromium requires no authentication
2026-06-10 10:11:43,704 [INFO] WebApp:491 - Direct internet connection detected
2026-06-10 10:11:43,837 [INFO] WebApp:900 - Register for checkConnection events
2026-06-10 10:11:43,837 [INFO] WebApp:463 - Apply proxy settings
2026-06-10 10:11:43,837 [INFO] WebApp:548 - Chromium requires no authentication
2026-06-10 10:11:43,846 [INFO] WebApp:491 - Direct internet connection detected
2026-06-10 10:11:44,405 [INFO] WebApp:191 - Connection restablished
2026-06-10 10:11:45,626 [INFO] WebApp:225 - Starting web application
2026-06-10 10:11:45,627 [INFO] WebApp:593 - Web application path used C:\ST\STM32CubeIDE_1.19.0\STM32CubeIDE\plugins\com.st.stm32cube.common.mx_6.15.0.202507011659\db\plugins\mcufinder\reactClient1\index.html
2026-06-10 10:11:50,108 [INFO] UserAuth:487 - Internet connection configuration mode: 1
2026-06-10 10:16:05,231 [INFO] WebApp:194 - Connection lost
2026-06-10 10:16:06,785 [INFO] WebApp:191 - Connection restablished
2026-06-10 10:16:09,825 [INFO] WebApp:194 - Connection lost
2026-06-10 10:16:10,421 [INFO] WebApp:191 - Connection restablished
2026-06-10 10:16:14,451 [INFO] WebApp:194 - Connection lost
2026-06-10 10:16:14,783 [INFO] WebApp:191 - Connection restablished
2026-06-10 10:16:15,730 [INFO] WebApp:194 - Connection lost
2026-06-10 10:16:16,261 [INFO] WebApp:191 - Connection restablished
2026-06-10 10:37:54,408 [INFO] McuFinderGlobals:63 - Set McuFinder mode to 2 (CubeIDE integrated)
2026-06-10 10:37:54,432 [INFO] MainUpdater:2872 - connection check result : 10
2026-06-10 10:37:54,434 [INFO] MainUpdater:2872 - connection check result : 10
2026-06-10 10:37:54,621 [INFO] MicroXplorer:468 - Change Database Path : 
2026-06-10 10:37:54,621 [INFO] MicroXplorer:498 - Change Database Version : DB.6.0.150
2026-06-10 10:37:54,647 [WARN] ThirdParty:871 - waiting for thirdparty lock release [close project]
2026-06-10 10:37:54,647 [INFO] ThirdParty:873 - entering critical section [close project]
2026-06-10 10:37:54,660 [INFO] ThirdParty:883 - exiting critical section [close project]
2026-06-10 10:37:54,681 [INFO] PinOutPanel:1589 - setPackage(No Configuration,No Configuration)
2026-06-10 10:37:54,694 [INFO] UtilMem:75 - Begin LoadConfig() Used Memory: 777609880 Bytes (1073741824)
2026-06-10 10:37:54,709 [INFO] MicroXplorer:468 - Change Database Path : 
2026-06-10 10:37:54,710 [INFO] MicroXplorer:498 - Change Database Version : DB.6.0.150
2026-06-10 10:37:54,711 [INFO] OpenFileManager:355 - Change cursor
2026-06-10 10:37:54,902 [WARN] IntegrityCheckThread:84 - waiting for thirdparty lock release [integrity check]
2026-06-10 10:37:54,903 [INFO] IntegrityCheckThread:86 - entering critical section [integrity check]
2026-06-10 10:37:57,382 [WARN] PackLoader:240 - Cannot read IP mode file for STMicroelectronics.X-CUBE-AZRTOS-H7.3.5.0
2026-06-10 10:37:57,462 [WARN] PackLoader:240 - Cannot read IP mode file for STMicroelectronics.FP-ATR-ASTRA1.2.0.2
2026-06-10 10:37:57,526 [ERROR] Engine:466 - C:\Users\ASUS\.stm32cubemx\thirdparties\pdsc\STMicroelectronics.X-CUBE-SMBUS.2.1.1.pdsc: PDSC version is not supported
2026-06-10 10:37:57,547 [WARN] PackLoader:240 - Cannot read IP mode file for STMicroelectronics.X-CUBE-SMBUS.2.1.0
2026-06-10 10:37:57,674 [WARN] PackLoader:240 - Cannot read IP mode file for STMicroelectronics.X-CUBE-AZRTOS-F7.1.1.0
2026-06-10 10:37:57,720 [WARN] PackLoader:240 - Cannot read IP mode file for STMicroelectronics.FP-SNS-MOTENV1.5.1.0
2026-06-10 10:37:57,795 [WARN] PackLoader:240 - Cannot read IP mode file for WES.I-CUBE-Cesium.1.4.0
2026-06-10 10:37:57,971 [WARN] PackLoader:240 - Cannot read IP mode file for STMicroelectronics.X-CUBE-AZRTOS-H7.3.4.0
2026-06-10 10:37:58,041 [WARN] PackLoader:240 - Cannot read IP mode file for STMicroelectronics.X-CUBE-DISPLAY.3.0.0
2026-06-10 10:37:58,130 [WARN] PackLoader:240 - Cannot read IP mode file for STMicroelectronics.X-CUBE-GNSS1.7.1.1
2026-06-10 10:37:58,168 [WARN] PackLoader:240 - Cannot read IP mode file for STMicroelectronics.FP-SNS-MOTENVWB1.1.5.0
2026-06-10 10:37:58,210 [WARN] PackLoader:240 - Cannot read IP mode file for STMicroelectronics.X-CUBE-NFC10.1.0.0
2026-06-10 10:37:58,245 [WARN] PackLoader:240 - Cannot read IP mode file for STMicroelectronics.X-CUBE-ST60.1.1.0
2026-06-10 10:37:58,290 [WARN] PackLoader:240 - Cannot read IP mode file for emotas.I-CUBE-CANOPEN.1.3.0
2026-06-10 10:37:58,318 [WARN] PackLoader:240 - Cannot read IP mode file for STMicroelectronics.X-CUBE-GNSS1.7.1.0
2026-06-10 10:37:58,360 [WARN] PackLoader:240 - Cannot read IP mode file for STMicroelectronics.FP-SNS-STBOX1.2.1.0
2026-06-10 10:37:58,385 [WARN] PackLoader:240 - Cannot read IP mode file for STMicroelectronics.FP-SNS-SMARTAG2.1.2.0
2026-06-10 10:37:58,402 [WARN] PackLoader:240 - Cannot read IP mode file for STMicroelectronics.FP-SNS-FLIGHT1.5.1.0
2026-06-10 10:37:58,498 [INFO] LogOutputStream:77 - [STDOUT_REDIRECT] 1 : Invalid condition id : UX_CORESTACK_Condition cause : null
2026-06-10 10:37:58,507 [INFO] LogOutputStream:77 - [STDOUT_REDIRECT] 1 : Invalid condition id : UX_CORESTACK_Condition cause : null
2026-06-10 10:37:58,516 [INFO] LogOutputStream:77 - [STDOUT_REDIRECT] 1 : Invalid condition id : UX_CORESTACK_Condition cause : null
2026-06-10 10:37:58,525 [INFO] LogOutputStream:77 - [STDOUT_REDIRECT] 1 : Invalid condition id : UX_CORESTACK_Condition cause : null
2026-06-10 10:37:58,533 [INFO] LogOutputStream:77 - [STDOUT_REDIRECT] 1 : Invalid condition id : UX_CORESTACK_Condition cause : null
2026-06-10 10:37:58,542 [WARN] PackLoader:240 - Cannot read IP mode file for STMicroelectronics.X-CUBE-AZRTOS-WL.2.0.0
2026-06-10 10:37:58,601 [WARN] PackLoader:240 - Cannot read IP mode file for STMicroelectronics.X-CUBE-AZRTOS-H7RS.1.2.0
2026-06-10 10:37:58,628 [WARN] PackLoader:240 - Cannot read IP mode file for STMicroelectronics.X-CUBE-BLE2.3.3.0
2026-06-10 10:37:58,764 [WARN] PackLoader:240 - Cannot read IP mode file for Infineon.AIROC-Wi-Fi-Bluetooth-STM32.1.8.0
2026-06-10 10:37:58,799 [WARN] PackLoader:240 - Cannot read IP mode file for STMicroelectronics.X-CUBE-NFC9.1.0.0
2026-06-10 10:37:58,818 [WARN] PackLoader:240 - Cannot read IP mode file for STMicroelectronics.X-CUBE-BLE1.7.1.0
2026-06-10 10:37:58,833 [WARN] PackLoader:240 - Cannot read IP mode file for wolfSSL.I-CUBE-wolfMQTT.1.19.2
2026-06-10 10:37:58,850 [WARN] PackLoader:240 - Cannot read IP mode file for STMicroelectronics.X-CUBE-FREERTOS.1.4.0
2026-06-10 10:37:58,867 [WARN] PackLoader:240 - Cannot read IP mode file for STMicroelectronics.X-CUBE-EEPRMA1.5.2.0
2026-06-10 10:37:58,884 [WARN] PackLoader:240 - Cannot read IP mode file for wolfSSL.I-CUBE-wolfSSL.5.8.4
2026-06-10 10:37:58,900 [WARN] PackLoader:240 - Cannot read IP mode file for Cesanta.I-CUBE-Mongoose.7.20.0
2026-06-10 10:37:58,918 [WARN] PackLoader:240 - Cannot read IP mode file for STMicroelectronics.FP-SNS-STAIOTCFT.1.1.0
2026-06-10 10:37:59,044 [WARN] PackLoader:240 - Cannot read IP mode file for STMicroelectronics.X-CUBE-MEMS1.12.0.0
2026-06-10 10:37:59,366 [WARN] PackLoader:240 - Cannot read IP mode file for STMicroelectronics.X-CUBE-AZRTOS-G0.1.1.0
2026-06-10 10:37:59,389 [WARN] PackLoader:240 - Cannot read IP mode file for STMicroelectronics.X-CUBE-NFC4.3.0.0
2026-06-10 10:37:59,417 [WARN] PackLoader:240 - Cannot read IP mode file for EmbeddedOffice.I-CUBE-FS-RTOS.1.0.1
2026-06-10 10:37:59,433 [WARN] PackLoader:240 - Cannot read IP mode file for STMicroelectronics.X-CUBE-WB05N.2.0.0
2026-06-10 10:37:59,447 [WARN] PackLoader:240 - Cannot read IP mode file for wolfSSL.I-CUBE-wolfTPM.3.8.0
2026-06-10 10:37:59,464 [WARN] PackLoader:240 - Cannot read IP mode file for STMicroelectronics.X-CUBE-TCPP.4.2.0
2026-06-10 10:37:59,484 [WARN] PackLoader:240 - Cannot read IP mode file for RealThread.X-CUBE-RT-Thread_Nano.4.1.1
2026-06-10 10:37:59,499 [WARN] PackLoader:240 - Cannot read IP mode file for STMicroelectronics.FP-ATR-SIGFOX1.3.2.0
2026-06-10 10:37:59,514 [WARN] PackLoader:240 - Cannot read IP mode file for STMicroelectronics.X-CUBE-FREERTOS.1.5.0
2026-06-10 10:37:59,534 [WARN] PackLoader:240 - Cannot read IP mode file for ITTIA_DB.I-CUBE-ITTIADB.8.9.0
2026-06-10 10:37:59,555 [WARN] PackLoader:240 - Cannot read IP mode file for STMicroelectronics.X-CUBE-NFC6.3.2.0
2026-06-10 10:37:59,574 [WARN] PackLoader:240 - Cannot read IP mode file for STMicroelectronics.X-CUBE-AI.10.2.0
2026-06-10 10:37:59,687 [WARN] PackLoader:240 - Cannot read IP mode file for STMicroelectronics.X-CUBE-MEMS1.12.1.0
2026-06-10 10:37:59,980 [WARN] PackLoader:240 - Cannot read IP mode file for SEGGER.I-CUBE-embOS.1.3.1
2026-06-10 10:38:00,113 [WARN] PackLoader:240 - Cannot read IP mode file for STMicroelectronics.X-CUBE-ALGOBUILD.1.4.0
2026-06-10 10:38:00,130 [WARN] PackLoader:240 - Cannot read IP mode file for STMicroelectronics.X-CUBE-PM33A1.1.0.0
2026-06-10 10:38:00,177 [WARN] PackLoader:240 - Cannot read IP mode file for STMicroelectronics.X-CUBE-AZRTOS-F4.1.1.0
2026-06-10 10:38:00,207 [WARN] PackLoader:240 - Cannot read IP mode file for STMicroelectronics.X-CUBE-ISPU.2.1.0
2026-06-10 10:38:00,251 [WARN] PackLoader:240 - Cannot read IP mode file for STMicroelectronics.X-CUBE-IPS.3.2.0
2026-06-10 10:38:00,293 [WARN] PackLoader:240 - Cannot read IP mode file for STMicroelectronics.eDS-WB_DPC_TT-BIDIR.2.1.1
2026-06-10 10:38:00,315 [WARN] PackLoader:240 - Cannot read IP mode file for STMicroelectronics.X-CUBE-NFC12.1.0.0
2026-06-10 10:38:00,376 [WARN] PackLoader:240 - Cannot read IP mode file for STMicroelectronics.X-CUBE-AZRTOS-L5.2.0.0
2026-06-10 10:38:00,400 [WARN] PackLoader:240 - Cannot read IP mode file for STMicroelectronics.X-CUBE-ALGOBUILD.1.5.0
2026-06-10 10:38:00,416 [WARN] PackLoader:240 - Cannot read IP mode file for STMicroelectronics.eDS-WB_DPC_VIENNA.1.2.0
2026-06-10 10:38:00,428 [WARN] PackLoader:240 - Cannot read IP mode file for STMicroelectronics.eDS-WB_DPC_3PH2L-BIDIR.1.1.1
2026-06-10 10:38:00,436 [ERROR] Engine:466 - C:\Users\ASUS\.stm32cubemx\thirdparties\pdsc\STMicroelectronics.X-CUBE-ST67W61.1.3.0.pdsc: PDSC version is not supported
2026-06-10 10:38:00,454 [WARN] PackLoader:240 - Cannot read IP mode file for STMicroelectronics.X-CUBE-TOUCHGFX.4.26.0
2026-06-10 10:38:00,463 [WARN] PackLoader:240 - Cannot read IP mode file for STMicroelectronics.X-CUBE-TOUCHGFX.4.26.1
2026-06-10 10:38:00,475 [WARN] PackLoader:240 - Cannot read IP mode file for STMicroelectronics.FP-SNS-STAIOTCFT.1.0.0
2026-06-10 10:38:00,490 [WARN] PackLoader:240 - Cannot read IP mode file for STMicroelectronics.X-CUBE-DPower.1.3.0
2026-06-10 10:38:00,553 [WARN] ConditionMgr:438 - getConditionDescription Invalid condition id : LAN8742 Phy interface Condition cause : null
2026-06-10 10:38:00,556 [WARN] PackLoader:240 - Cannot read IP mode file for STMicroelectronics.X-CUBE-AZRTOS-L4.2.0.0
2026-06-10 10:38:00,560 [WARN] ConditionMgr:1044 - genDependencies : Invalid condition id : LAN8742 Phy interface Condition cause : null
2026-06-10 10:38:00,561 [WARN] ConditionMgr:1044 - genDependencies : Invalid condition id : LAN8742 Phy interface Condition cause : null
2026-06-10 10:38:00,563 [WARN] ConditionMgr:1044 - genDependencies : Invalid condition id : LAN8742 Phy interface Condition cause : null
2026-06-10 10:38:00,592 [WARN] PackLoader:240 - Cannot read IP mode file for STMicroelectronics.X-CUBE-SFXS2LP1.4.0.0
2026-06-10 10:38:00,609 [WARN] PackLoader:240 - Cannot read IP mode file for STMicroelectronics.X-CUBE-WB05N.2.1.0
2026-06-10 10:38:00,631 [WARN] PackLoader:240 - Cannot read IP mode file for STMicroelectronics.X-CUBE-ST67W61.1.2.0
2026-06-10 10:38:00,696 [WARN] PackLoader:240 - Cannot read IP mode file for STMicroelectronics.X-CUBE-BLEMGR.4.1.0
2026-06-10 10:38:00,756 [WARN] ConditionMgr:438 - getConditionDescription Invalid condition id : UX DEVICE CLASS RTOS Condition cause : null
2026-06-10 10:38:00,757 [WARN] ConditionMgr:438 - getConditionDescription Invalid condition id : UX DEVICE CLASS RTOS Condition cause : null
2026-06-10 10:38:00,761 [WARN] PackLoader:240 - Cannot read IP mode file for STMicroelectronics.X-CUBE-AZRTOS-WB.2.0.0
2026-06-10 10:38:00,762 [WARN] ConditionMgr:1044 - genDependencies : Invalid condition id : UX DEVICE CLASS RTOS Condition cause : null
2026-06-10 10:38:00,762 [WARN] ConditionMgr:1044 - genDependencies : Invalid condition id : UX DEVICE CLASS RTOS Condition cause : null
2026-06-10 10:38:00,763 [WARN] ConditionMgr:1044 - genDependencies : Invalid condition id : UX DEVICE CLASS RTOS Condition cause : null
2026-06-10 10:38:00,763 [WARN] ConditionMgr:1044 - genDependencies : Invalid condition id : UX DEVICE CLASS RTOS Condition cause : null
2026-06-10 10:38:00,764 [WARN] ConditionMgr:1044 - genDependencies : Invalid condition id : UX DEVICE CLASS RTOS Condition cause : null
2026-06-10 10:38:00,778 [WARN] ConditionMgr:438 - getConditionDescription Invalid condition id : Cortex-A Device cause : null
2026-06-10 10:38:00,804 [WARN] ConditionMgr:1044 - genDependencies : Invalid condition id : Cortex-A Device cause : null
2026-06-10 10:38:00,805 [WARN] ConditionMgr:1044 - genDependencies : Invalid condition id : Cortex-A Device cause : null
2026-06-10 10:38:00,805 [WARN] ConditionMgr:1044 - genDependencies : Invalid condition id : Cortex-A Device cause : null
2026-06-10 10:38:00,822 [WARN] PackLoader:240 - Cannot read IP mode file for STMicroelectronics.X-CUBE-STSE01.2.0.0
2026-06-10 10:38:00,850 [WARN] PackLoader:240 - Cannot read IP mode file for STMicroelectronics.X-CUBE-SUBG2.5.0.0
2026-06-10 10:38:00,898 [WARN] PackLoader:240 - Cannot read IP mode file for STMicroelectronics.X-CUBE-AZRTOS-G4.2.0.0
2026-06-10 10:38:00,916 [WARN] PackLoader:240 - Cannot read IP mode file for wolfSSL.I-CUBE-wolfSSH.1.4.20
2026-06-10 10:38:00,930 [WARN] PackLoader:240 - Cannot read IP mode file for STMicroelectronics.X-CUBE-NFC7.2.0.0
2026-06-10 10:38:00,955 [WARN] PackLoader:240 - Cannot read IP mode file for STMicroelectronics.X-CUBE-ALS.1.0.2
2026-06-10 10:38:01,094 [WARN] PackLoader:240 - Cannot read IP mode file for STMicroelectronics.X-CUBE-TOF1.3.4.3
2026-06-10 10:38:01,121 [INFO] ThirdParty:978 - Integrity check success = true
2026-06-10 10:38:01,122 [INFO] IntegrityCheckThread:100 - exiting critical section [integrity check]
2026-06-10 10:38:01,122 [INFO] IntegrityCheckThread:103 - End integrity checks thread
2026-06-10 10:38:01,313 [INFO] Mcu:2029 - Initializing MCU STM32F207Z(C-E-F-G)Tx STM32F207ZGTx STM32F207ZGT6
2026-06-10 10:38:09,839 [INFO] Context:786 - Trying to add GPIOservice into a context  which must be forbidden
2026-06-10 10:38:12,163 [INFO] ImportTextPane:234 - (OptionalMessage_ERROR) Pin31 (VP_RIF_VS_RIF1) cannot be retrieved for this MCU
2026-06-10 10:38:12,907 [INFO] RtosManager:558 - Registered RTOS mode: class=CMSIS, group=RTOS, mode=CMSIS_V1, owner=FREERTOS
2026-06-10 10:38:12,907 [INFO] RtosManager:558 - Registered RTOS mode: class=CMSIS, group=RTOS2, mode=CMSIS_V2, owner=FREERTOS
2026-06-10 10:38:12,907 [INFO] RtosManager:558 - Registered RTOS mode: class=RTOS, group=Core, mode=CMSIS_V1, owner=FREERTOS
2026-06-10 10:38:12,914 [INFO] RtosManager:558 - Registered RTOS mode: class=RTOS, group=Core, mode=CMSIS_V2, owner=FREERTOS
2026-06-10 10:38:12,914 [WARN] ModelIntegratedComponent:184 - Missing modes for component STMicroelectronics:FreeRTOS:0.0.1:STMicroelectronics:RTOS:FreeRTOS:Core:::10.2.0:
2026-06-10 10:38:12,977 [WARN] ModelIntegratedComponent:63 - No mode defined for component null
2026-06-10 10:38:12,977 [WARN] ModelIntegratedComponent:63 - No mode defined for component null
2026-06-10 10:38:12,977 [WARN] ModelIntegratedComponent:63 - No mode defined for component null
2026-06-10 10:38:12,977 [WARN] ModelIntegratedComponent:63 - No mode defined for component null
2026-06-10 10:38:12,977 [WARN] ModelIntegratedComponent:63 - No mode defined for component null
2026-06-10 10:38:12,977 [WARN] ModelIntegratedComponent:63 - No mode defined for component null
2026-06-10 10:38:12,977 [WARN] ModelIntegratedComponent:63 - No mode defined for component null
2026-06-10 10:38:12,977 [WARN] ModelIntegratedComponent:63 - No mode defined for component null
2026-06-10 10:38:12,977 [WARN] ModelIntegratedComponent:63 - No mode defined for component null
2026-06-10 10:38:12,977 [WARN] ModelIntegratedComponent:63 - No mode defined for component null
2026-06-10 10:38:12,977 [WARN] ModelIntegratedComponent:63 - No mode defined for component null
2026-06-10 10:38:12,977 [WARN] ModelIntegratedComponent:63 - No mode defined for component null
2026-06-10 10:38:12,977 [WARN] ModelIntegratedComponent:63 - No mode defined for component null
2026-06-10 10:38:12,977 [WARN] ModelIntegratedComponent:63 - No mode defined for component null
2026-06-10 10:38:12,977 [WARN] ModelIntegratedComponent:63 - No mode defined for component null
2026-06-10 10:38:12,977 [WARN] ModelIntegratedComponent:63 - No mode defined for component null
2026-06-10 10:38:12,977 [WARN] ModelIntegratedComponent:63 - No mode defined for component null
2026-06-10 10:38:12,977 [WARN] ModelIntegratedComponent:63 - No mode defined for component null
2026-06-10 10:38:12,977 [WARN] ModelIntegratedComponent:63 - No mode defined for component null
2026-06-10 10:38:12,977 [WARN] ModelIntegratedComponent:63 - No mode defined for component null
2026-06-10 10:38:12,977 [WARN] ModelIntegratedComponent:63 - No mode defined for component null
2026-06-10 10:38:12,977 [WARN] ModelIntegratedComponent:63 - No mode defined for component null
2026-06-10 10:38:12,977 [WARN] ModelIntegratedComponent:63 - No mode defined for component null
2026-06-10 10:38:12,977 [WARN] ModelIntegratedComponent:63 - No mode defined for component null
2026-06-10 10:38:12,977 [WARN] ModelIntegratedComponent:63 - No mode defined for component null
2026-06-10 10:38:12,977 [WARN] ModelIntegratedComponent:63 - No mode defined for component null
2026-06-10 10:38:12,977 [WARN] ModelIntegratedComponent:63 - No mode defined for component null
2026-06-10 10:38:12,977 [WARN] ModelIntegratedComponent:63 - No mode defined for component null
2026-06-10 10:38:12,986 [WARN] ModelIntegratedComponent:63 - No mode defined for component null
2026-06-10 10:38:12,986 [WARN] ModelIntegratedComponent:63 - No mode defined for component null
2026-06-10 10:38:12,986 [WARN] ModelIntegratedComponent:63 - No mode defined for component null
2026-06-10 10:38:12,986 [WARN] ModelIntegratedComponent:63 - No mode defined for component null
2026-06-10 10:38:12,988 [WARN] ModelIntegratedComponent:63 - No mode defined for component null
2026-06-10 10:38:12,988 [WARN] ModelIntegratedComponent:63 - No mode defined for component null
2026-06-10 10:38:12,988 [WARN] ModelIntegratedComponent:63 - No mode defined for component null
2026-06-10 10:38:12,988 [WARN] ModelPack:524 - Component already loaded: STMicroelectronics:HAL Drivers:0.0.0:STMicroelectronics:Device:STMicro_Driver:XSPI:HAL::0.0.1:HAL_XSPI
2026-06-10 10:38:13,211 [INFO] ThirdPartyModel:298 - Start build external matchings
2026-06-10 10:38:14,142 [INFO] ThirdPartyModel:316 - End build external matchings
2026-06-10 10:38:14,188 [INFO] RtosManager:1018 - Current active RTOS is FREERTOS [Cortex-M3NS]
2026-06-10 10:38:14,243 [WARN] IP:2250 - LWIP_NETIF_HOSTNAME_NAME not found: check if there is a RefParameter without a condition.
2026-06-10 10:38:14,351 [INFO] ImportTextPane:234 - (OptionalMessage_ERROR) IP (RCC) : Invalid parameter (ADC12outputFreq_Value)
2026-06-10 10:38:14,351 [INFO] ImportTextPane:234 - (OptionalMessage_ERROR) IP (RCC) : Invalid parameter (ADC34outputFreq_Value)
2026-06-10 10:38:14,352 [INFO] ImportTextPane:234 - (OptionalMessage_ERROR) IP (RCC) : Invalid parameter (FamilyName)
2026-06-10 10:38:14,352 [INFO] ImportTextPane:234 - (OptionalMessage_ERROR) IP (RCC) : Invalid parameter (I2C1Freq_Value)
2026-06-10 10:38:14,352 [INFO] ImportTextPane:234 - (OptionalMessage_ERROR) IP (RCC) : Invalid parameter (I2C2Freq_Value)
2026-06-10 10:38:14,353 [INFO] ImportTextPane:234 - (OptionalMessage_ERROR) IP (RCC) : Invalid parameter (I2C3Freq_Value)
2026-06-10 10:38:14,353 [INFO] ImportTextPane:234 - (OptionalMessage_ERROR) IP (RCC) : Invalid parameter (MCOFreq_Value)
2026-06-10 10:38:14,354 [INFO] ImportTextPane:234 - (OptionalMessage_ERROR) IP (RCC) : Invalid parameter (PLLMCOFreq_Value)
2026-06-10 10:38:14,355 [INFO] ImportTextPane:234 - (OptionalMessage_ERROR) IP (RCC) : Invalid parameter (PLLMUL)
2026-06-10 10:38:14,355 [INFO] ImportTextPane:234 - (OptionalMessage_ERROR) IP (RCC) : Invalid parameter (PRESCALERUSB)
2026-06-10 10:38:14,356 [INFO] ImportTextPane:234 - (OptionalMessage_ERROR) IP (RCC) : Parameter (RTCHSEDivFreq_Value) has invalid value (4000000)
2026-06-10 10:38:14,356 [INFO] ImportTextPane:234 - (OptionalMessage_ERROR) IP (RCC) : Invalid parameter (SYSCLKSourceVirtual)
2026-06-10 10:38:14,357 [INFO] ImportTextPane:234 - (OptionalMessage_ERROR) IP (RCC) : Invalid parameter (TIM15Freq_Value)
2026-06-10 10:38:14,357 [INFO] ImportTextPane:234 - (OptionalMessage_ERROR) IP (RCC) : Invalid parameter (TIM16Freq_Value)
2026-06-10 10:38:14,357 [INFO] ImportTextPane:234 - (OptionalMessage_ERROR) IP (RCC) : Invalid parameter (TIM17Freq_Value)
2026-06-10 10:38:14,357 [INFO] ImportTextPane:234 - (OptionalMessage_ERROR) IP (RCC) : Invalid parameter (TIM1Freq_Value)
2026-06-10 10:38:14,357 [INFO] ImportTextPane:234 - (OptionalMessage_ERROR) IP (RCC) : Invalid parameter (TIM20Freq_Value)
2026-06-10 10:38:14,357 [INFO] ImportTextPane:234 - (OptionalMessage_ERROR) IP (RCC) : Invalid parameter (TIM2Freq_Value)
2026-06-10 10:38:14,358 [INFO] ImportTextPane:234 - (OptionalMessage_ERROR) IP (RCC) : Invalid parameter (TIM3Freq_Value)
2026-06-10 10:38:14,358 [INFO] ImportTextPane:234 - (OptionalMessage_ERROR) IP (RCC) : Invalid parameter (TIM8Freq_Value)
2026-06-10 10:38:14,358 [INFO] ImportTextPane:234 - (OptionalMessage_ERROR) IP (RCC) : Invalid parameter (UART4Freq_Value)
2026-06-10 10:38:14,358 [INFO] ImportTextPane:234 - (OptionalMessage_ERROR) IP (RCC) : Invalid parameter (UART5Freq_Value)
2026-06-10 10:38:14,358 [INFO] ImportTextPane:234 - (OptionalMessage_ERROR) IP (RCC) : Invalid parameter (USART1Freq_Value)
2026-06-10 10:38:14,359 [INFO] ImportTextPane:234 - (OptionalMessage_ERROR) IP (RCC) : Invalid parameter (USART2Freq_Value)
2026-06-10 10:38:14,359 [INFO] ImportTextPane:234 - (OptionalMessage_ERROR) IP (RCC) : Invalid parameter (USART3Freq_Value)
2026-06-10 10:38:14,359 [INFO] ImportTextPane:234 - (OptionalMessage_ERROR) IP (RCC) : Invalid parameter (USBFreq_Value)
2026-06-10 10:38:14,360 [INFO] ImportTextPane:234 - (OptionalMessage_ERROR) IP (RCC) : Invalid parameter (VCOOutput2Freq_Value)
2026-06-10 10:38:14,362 [WARN] IP:2250 - lpm_enable not found: check if there is a RefParameter without a condition.
2026-06-10 10:38:16,444 [INFO] ApiDb:581 - Connected to CubeFinder SQLite database (C:\Users\ASUS\.stmcufinder\plugins\mcufinder\mcu\cube-finder-db.db)
2026-06-10 10:38:17,082 [INFO] ApiDb:668 - CubeFinder database Data Model version=2.1
2026-06-10 10:38:17,082 [INFO] ApiDb:669 - CubeFinder database Configuration version=3.0.42
2026-06-10 10:38:17,086 [INFO] ApiDb:670 - CubeFinder database generation date=2026-05-14 (1778746352)
2026-06-10 10:38:17,087 [INFO] ApiDb:671 - CubeFinder database FW Pack versions=[FP-ATR-ASTRA1_V2.0.0, FP-SNS-FLIGHT1_V5.1.0, FP-SNS-MOTENV1_V5.1.0, FP-SNS-MOTENVWB1_V1.5.0, FP-SNS-SMARTAG2_V1.2.0, FP-SNS-STBOX1_V2.1.0, STM32Cube_FW_C0_V1.4.0, STM32Cube_FW_F4_V1.28.3, STM32Cube_FW_F7_V1.17.4, STM32Cube_FW_G0_V1.6.3, STM32Cube_FW_G4_V1.6.2, STM32Cube_FW_H5_V1.6.0, STM32Cube_FW_H7RS_V1.3.0, STM32Cube_FW_H7_V1.13.0, STM32Cube_FW_L0_V1.12.2, STM32Cube_FW_L4_V1.18.2, STM32Cube_FW_L5_V1.6.0, STM32Cube_FW_N6_V1.3.0, STM32Cube_FW_U0_V1.3.0, STM32Cube_FW_U3_V1.3.0, STM32Cube_FW_U5_V1.8.0, STM32Cube_FW_WB0_V1.4.0, STM32Cube_FW_WBA_V1.9.0, STM32Cube_FW_WB_V1.24.0, STM32Cube_FW_WL3_V1.4.0, STM32Cube_FW_WL_V1.5.0, X-CUBE-ALGOBUILD_V1.4.0, X-CUBE-ALS_V1.0.2, X-CUBE-AZRTOS-F4_V1.1.0, X-CUBE-AZRTOS-F7_V1.1.0, X-CUBE-AZRTOS-G0_V1.1.0, X-CUBE-AZRTOS-G4_V2.0.0, X-CUBE-AZRTOS-H7RS_V1.1.0, X-CUBE-AZRTOS-H7_V3.5.0, X-CUBE-AZRTOS-L4_V2.0.0, X-CUBE-AZRTOS-L5_V2.0.0, X-CUBE-AZRTOS-WB_V2.0.0, X-CUBE-AZRTOS-WL_V2.0.0, X-CUBE-BLE1_V7.1.0, X-CUBE-BLE2_V3.3.0, X-CUBE-BLEMGR_V4.1.0, X-CUBE-EEPRMA1_V5.2.0, X-CUBE-FREERTOS_V1.5.0, X-CUBE-GNSS1_V7.1.1, X-CUBE-MEMS1_V12.1.0, X-CUBE-NFC4_V3.0.0, X-CUBE-NFC7_V2.0.0, X-CUBE-SFXS2LP1_V4.0.0, X-CUBE-ST67W61_V1.3.0, X-CUBE-SUBG2_V5.0.0, X-CUBE-TOF1_V3.4.3]
2026-06-10 10:38:17,482 [INFO] DbBoardsSqlite:226 - include board P-NUCLEO-WB55-NUCLEO as a kit item of type 'Nucleo-64'
2026-06-10 10:38:17,483 [INFO] DbBoardsSqlite:226 - include board P-NUCLEO-WB55-USBDONGLE as a kit item of type 'Nucleo USB Dongle'
2026-06-10 10:38:17,485 [INFO] DbBoardsSqlite:226 - include board STEVAL-IDP005V1 as a kit item of type 'Evaluation Board'
2026-06-10 10:38:17,486 [INFO] DbBoardsSqlite:226 - include board STEVAL-IDP005V2 as a kit item of type 'Evaluation Board'
2026-06-10 10:38:18,814 [INFO] ApiDb:240 - Found 880 in-development CPN: [B-G473E-ZEST1S, B-WB1M-WPAN1, B-WBA5M-WPAN, B-WL5M-SUBG1, NUCLEO-C031C6, NUCLEO-C051C8, NUCLEO-C071RB, NUCLEO-C092RC, NUCLEO-H503RB, NUCLEO-H533RE, NUCLEO-H563ZI, NUCLEO-H7S3L8, NUCLEO-N657X0-Q, NUCLEO-U031R8, NUCLEO-U083RC, NUCLEO-U385RG-Q, NUCLEO-U545RE-Q, NUCLEO-U5A5ZJ-Q, NUCLEO-WB05KZ, NUCLEO-WB07CC, NUCLEO-WB09KE, NUCLEO-WBA52CG, NUCLEO-WBA55CG, NUCLEO-WL33CC1, NUCLEO-WL33CC2, STEVAL-PROTEUS1, STEVAL-SMARTAG2, STEVAL-STWINBX1, STM320518-EVAL, STM32C0116-DK, STM32C011D6Y3TR, STM32C011D6Y6TR, STM32C011F4P3, STM32C011F4P6, STM32C011F4U3, STM32C011F4U6TR, STM32C011F6P3, STM32C011F6P6, STM32C011F6U3, STM32C011F6U6TR, STM32C011J4M3, STM32C011J4M6, STM32C011J6M3, STM32C011J6M6, STM32C0316-DK, STM32C031C4T3, STM32C031C4T6, STM32C031C4U3, STM32C031C4U6, STM32C031C6T3, STM32C031C6T6, STM32C031C6U3, STM32C031C6U6, STM32C031F4P3, STM32C031F4P6, STM32C031F6P3, STM32C031F6P6, STM32C031G4U3, STM32C031G4U6, STM32C031G6U3, STM32C031G6U6, STM32C031K4T3, STM32C031K4T6, STM32C031K4U3, STM32C031K4U6, STM32C031K6T3, STM32C031K6T6, STM32C031K6U3, STM32C031K6U6, STM32C051C6T6, STM32C051C6U6, STM32C051C8T6, STM32C051C8U6, STM32C051D8Y6TR, STM32C051F6P6, STM32C051F8P6, STM32C051G6U6, STM32C051G8U6, STM32C051K6T6, STM32C051K6U6, STM32C051K8T6, STM32C071C8T6, STM32C071C8T6N, STM32C071C8U6, STM32C071C8U6N, STM32C071CBT6, STM32C071CBT6N, STM32C071CBU6, STM32C071CBU6N, STM32C071F8P6, STM32C071F8P6N, STM32C071FBP6, STM32C071FBP6N, STM32C071FBY6TR, STM32C071G8U6, STM32C071G8U6N, STM32C071GBU6, STM32C071GBU6N, STM32C071K8T6, STM32C071K8T6N, STM32C071K8U6, STM32C071K8U6N, STM32C071KBT6, STM32C071KBT6N, STM32C071KBU6, STM32C071KBU6N, STM32C071R8T6, STM32C071R8T6N, STM32C071RBI6N, STM32C071RBT6, STM32C071RBT6N, STM32C091CBT6, STM32C091CBU6, STM32C091CCT6, STM32C091CCU6, STM32C091ECY6TR, STM32C091FBP6, STM32C091FCP6, STM32C091GBU6, STM32C091GCU6, STM32C091KBT6, STM32C091KBU6, STM32C091KCT6, STM32C091KCU6, STM32C091RBT6, STM32C091RCI6, STM32C091RCT6, STM32C092CBT6, STM32C092CBU6, STM32C092CCT6, STM32C092CCU6, STM32C092ECY6TR, STM32C092FBP6, STM32C092FCP6, STM32C092GBU6, STM32C092GCU6, STM32C092KBT6, STM32C092KBU6, STM32C092KCT6, STM32C092KCU6, STM32C092RBT6, STM32C092RCI6, STM32C092RCT6, STM32G071K8TXN, STM32G071K8UXN, STM32G081GBU6N, STM32G081KBT6N, STM32G081KBUXN, STM32G0B1CCT6N, STM32G0B1KCT6, STM32G0B1NEY6TR, STM32G0B1RCT6N, STM32G0C1CCT6, STM32G0C1CCT6N, STM32G0C1CCU6N, STM32G0C1CET6N, STM32G0C1CEU6N, STM32G0C1KCT6, STM32G0C1NEY6TR, STM32G0C1RCI6N, STM32G0C1RCT6N, STM32G0C1REI6N, STM32G0C1RET6N, STM32G0C1VCI6, STM32G0C1VEI6, STM32G411C6T3, STM32G411C6T6, STM32G411C6U3, STM32G411C6U6, STM32G411C8T3, STM32G411C8T6, STM32G411C8U3, STM32G411C8U6, STM32G411CBT3, STM32G411CBT6, STM32G411CBU3, STM32G411CBU6, STM32G411K6T3, STM32G411K6T6, STM32G411K6U3, STM32G411K6U6, STM32G411K8T3, STM32G411K8T6, STM32G411K8U3, STM32G411K8U6, STM32G411KBT3, STM32G411KBT6, STM32G411KBU3, STM32G411KBU6, STM32G411M6T3, STM32G411M6T6, STM32G411M8T3, STM32G411M8T6, STM32G411MBT3, STM32G411MBT6, STM32G411R6T3, STM32G411R6T6, STM32G411R8T3, STM32G411R8T6, STM32G411RBT3, STM32G411RBT6, STM32G414CBT3, STM32G414CBT6, STM32G414CBU3, STM32G414CBU6, STM32G414CCT3, STM32G414CCT6, STM32G414CCU3, STM32G414CCU6, STM32G414MBT3, STM32G414MBT6, STM32G414MCT3, STM32G414MCT6, STM32G414RBT3, STM32G414RBT6, STM32G414RCT3, STM32G414RCT6, STM32G414VBT3, STM32G414VBT6, STM32G414VCT3, STM32G414VCT6, STM32G431CBT3Z, STM32G431RBT3Z, STM32G471CCT6, STM32G471CCU6, STM32G471CET3, STM32G471CET6, STM32G471CEU3, STM32G471CEU6, STM32G471MCT6, STM32G471MET3, STM32G471MET6, STM32G471MEY6TR, STM32G471QCT6, STM32G471QET3, STM32G471RCT6, STM32G471RET3, STM32G471RET6, STM32G471VCH6, STM32G471VCI6, STM32G471VCT6, STM32G471VEH3, STM32G471VEH6, STM32G471VEI3, STM32G471VEI6, STM32G471VET3, STM32G471VET6, STM32G473QET3Z, STM32G473RET3Z, STM32G474CCT6, STM32G491RET3Z, STM32H503CBT6, STM32H503CBU6, STM32H503EBY6TR, STM32H503KBU6, STM32H503RBT6, STM32H523CCT6, STM32H523CCU6, STM32H523CET6, STM32H523CEU6, STM32H523HEY6TR, STM32H523RCT6, STM32H523RET6, STM32H523VCI6, STM32H523VCT6, STM32H523VEI6, STM32H523VET6, STM32H523ZCJ6, STM32H523ZCT6, STM32H523ZEJ6, STM32H523ZET6, STM32H533CET6, STM32H533CEU6, STM32H533HEY6TR, STM32H533RET6, STM32H533VEI6, STM32H533VET6, STM32H533ZEJ6, STM32H533ZET6, STM32H562AGI6, STM32H562AII6, STM32H562IGK6, STM32H562IGT6, STM32H562IIK6, STM32H562IIT6, STM32H562RGT6, STM32H562RGV6, STM32H562RIT6, STM32H562RIV6, STM32H562VGT6, STM32H562VIT6, STM32H562ZGT6, STM32H562ZIT6, STM32H563AGI6, STM32H563AII3Q, STM32H563AII6, STM32H563IGK6, STM32H563IGT6, STM32H563IIK3Q, STM32H563IIK6, STM32H563IIT3Q, STM32H563IIT6, STM32H563MIY3QTR, STM32H563RGT6, STM32H563RGV6, STM32H563RIT6, STM32H563RIV6, STM32H563VGT6, STM32H563VIT3Q, STM32H563VIT6, STM32H563ZGT6, STM32H563ZIT3Q, STM32H563ZIT6, STM32H573AII3Q, STM32H573AII6, STM32H573I-DK, STM32H573IIK3Q, STM32H573IIK6, STM32H573IIT3Q, STM32H573IIT6, STM32H573MIY3QTR, STM32H573RIT6, STM32H573RIV6, STM32H573VIT3Q, STM32H573VIT6, STM32H573ZIT3Q, STM32H573ZIT6, STM32H7R3A8I6, STM32H7R3I8K6, STM32H7R3I8T6, STM32H7R3L8H6, STM32H7R3L8H6H, STM32H7R3R8V6, STM32H7R3V8H6, STM32H7R3V8T6, STM32H7R3V8Y6TR, STM32H7R3Z8J6, STM32H7R3Z8T6, STM32H7R7A8I6, STM32H7R7I8K6, STM32H7R7I8T6, STM32H7R7L8H6, STM32H7R7L8H6H, STM32H7R7Z8J6, STM32H7S3A8I6, STM32H7S3I8K6, STM32H7S3I8T6, STM32H7S3L8H6, STM32H7S3L8H6H, STM32H7S3R8V6, STM32H7S3V8H6, STM32H7S3V8T6, STM32H7S3V8Y6TR, STM32H7S3Z8J6, STM32H7S3Z8T6, STM32H7S78-DK, STM32H7S7A8I6, STM32H7S7I8K6, STM32H7S7I8T6, STM32H7S7L8H6, STM32H7S7L8H6H, STM32H7S7Z8J6, STM32L4R5QGI6STR, STM32MP131AAE3, STM32MP131AAF3, STM32MP131AAG3, STM32MP131CAE3, STM32MP131CAF3, STM32MP131CAG3, STM32MP131DAE7, STM32MP131DAF7, STM32MP131DAG7, STM32MP131FAE7, STM32MP131FAF7, STM32MP131FAG7, STM32MP133AAE3, STM32MP133AAF3, STM32MP133AAG3, STM32MP133CAE3, STM32MP133CAF3, STM32MP133CAG3, STM32MP133DAE7, STM32MP133DAF7, STM32MP133DAG7, STM32MP133FAE7, STM32MP133FAF7, STM32MP133FAG7, STM32MP135AAE3, STM32MP135AAF3, STM32MP135AAG3, STM32MP135CAE3, STM32MP135CAF3, STM32MP135CAG3, STM32MP135DAE7, STM32MP135DAF7, STM32MP135DAG7, STM32MP135F-DK, STM32MP135FAE7, STM32MP135FAF7, STM32MP135FAF7T, STM32MP135FAF7U, STM32MP135FAG7, STM32MP211AAL3, STM32MP211AAM3, STM32MP211AAN3, STM32MP211AAO3, STM32MP211CAL3, STM32MP211CAM3, STM32MP211CAN3, STM32MP211CAO3, STM32MP211DAL3, STM32MP211DAM3, STM32MP211DAN3, STM32MP211DAO3, STM32MP211FAL3, STM32MP211FAM3, STM32MP211FAN3, STM32MP211FAO3, STM32MP213AAL3, STM32MP213AAM3, STM32MP213AAN3, STM32MP213AAO3, STM32MP213CAL3, STM32MP213CAM3, STM32MP213CAN3, STM32MP213CAO3, STM32MP213DAL3, STM32MP213DAM3, STM32MP213DAN3, STM32MP213DAO3, STM32MP213FAL3, STM32MP213FAM3, STM32MP213FAN3, STM32MP213FAO3, STM32MP215AAL3, STM32MP215AAM3, STM32MP215AAN3, STM32MP215AAO3, STM32MP215CAL3, STM32MP215CAM3, STM32MP215CAN3, STM32MP215CAO3, STM32MP215DAL3, STM32MP215DAM3, STM32MP215DAN3, STM32MP215DAO3, STM32MP215F-DK, STM32MP215FAL3, STM32MP215FAM3, STM32MP215FAN3, STM32MP215FAO3, STM32MP231AAJ3, STM32MP231AAK3, STM32MP231AAL3, STM32MP231CAJ3, STM32MP231CAK3, STM32MP231CAL3, STM32MP231DAJ3, STM32MP231DAK3, STM32MP231DAL3, STM32MP231FAJ3, STM32MP231FAK3, STM32MP231FAL3, STM32MP233AAJ3, STM32MP233AAK3, STM32MP233AAL3, STM32MP233CAJ3, STM32MP233CAK3, STM32MP233CAL3, STM32MP233DAJ3, STM32MP233DAK3, STM32MP233DAL3, STM32MP233FAJ3, STM32MP233FAK3, STM32MP233FAL3, STM32MP235AAJ3, STM32MP235AAK3, STM32MP235AAL3, STM32MP235CAJ3, STM32MP235CAK3, STM32MP235CAL3, STM32MP235DAJ3, STM32MP235DAK3, STM32MP235DAL3, STM32MP235FAJ3, STM32MP235FAK3, STM32MP235FAL3, STM32MP251AAI3, STM32MP251AAK3, STM32MP251AAL3, STM32MP251CAI3, STM32MP251CAK3, STM32MP251CAL3, STM32MP251DAI3, STM32MP251DAK3, STM32MP251DAL3, STM32MP251FAI3, STM32MP251FAK3, STM32MP251FAL3, STM32MP253AAI3, STM32MP253AAK3, STM32MP253AAL3, STM32MP253CAI3, STM32MP253CAK3, STM32MP253CAL3, STM32MP253DAI3, STM32MP253DAK3, STM32MP253DAL3, STM32MP253FAI3, STM32MP253FAK3, STM32MP253FAL3, STM32MP255AAI3, STM32MP255AAK3, STM32MP255AAL3, STM32MP255CAI3, STM32MP255CAK3, STM32MP255CAL3, STM32MP255DAI3, STM32MP255DAK3, STM32MP255DAL3, STM32MP255FAI3, STM32MP255FAK3, STM32MP255FAL3, STM32MP257AAI3, STM32MP257AAK3, STM32MP257AAL3, STM32MP257CAI3, STM32MP257CAK3, STM32MP257CAL3, STM32MP257DAI3, STM32MP257DAK3, STM32MP257DAL3, STM32MP257F-DK, STM32MP257F-EV1, STM32MP257FAI3, STM32MP257FAK3, STM32MP257FAL3, STM32N645A0H3Q, STM32N645B0H3Q, STM32N645I0H3Q, STM32N645L0H3Q, STM32N645X0H3Q, STM32N645Z0H3Q, STM32N647A0H3Q, STM32N647B0H3Q, STM32N647I0H3Q, STM32N647L0H3Q, STM32N647X0H3Q, STM32N647Z0H3Q, STM32N655A0H3Q, STM32N655B0H3Q, STM32N655I0H3Q, STM32N655L0H3Q, STM32N655X0H3Q, STM32N655Z0H3Q, STM32N6570-DK, STM32N657A0H3Q, STM32N657B0H3Q, STM32N657I0H3Q, STM32N657L0H3Q, STM32N657X0H3Q, STM32N657Z0H3Q, STM32U031C6T6, STM32U031C6U6, STM32U031C8T6, STM32U031C8U6, STM32U031F4P6, STM32U031F6P6, STM32U031F8P6, STM32U031G6Y6TR, STM32U031G8Y6TR, STM32U031K4U6, STM32U031K6U6, STM32U031K8U6, STM32U031R6I6, STM32U031R6T6, STM32U031R8I6, STM32U031R8T6, STM32U073C8T6, STM32U073C8U6, STM32U073CBT6, STM32U073CBU6, STM32U073CCT6, STM32U073CCU6, STM32U073H8Y6TR, STM32U073HBY6TR, STM32U073HCY6TR, STM32U073K8U6, STM32U073KBU6, STM32U073KCU6, STM32U073M8I6, STM32U073M8T6, STM32U073MBI6, STM32U073MBT6, STM32U073MCI6, STM32U073MCT6, STM32U073R8I6, STM32U073R8T6, STM32U073RBI6, STM32U073RBT6, STM32U073RCI6, STM32U073RCT6, STM32U083C-DK, STM32U083CCT6, STM32U083CCU6, STM32U083HCY6TR, STM32U083KCU6, STM32U083MCI6, STM32U083MCT6, STM32U083RCI6, STM32U083RCT6, STM32U375CET6, STM32U375CET6Q, STM32U375CEU6, STM32U375CEU6Q, STM32U375CEY6QTR, STM32U375CGT6, STM32U375CGT6Q, STM32U375CGU6, STM32U375CGU6Q, STM32U375CGY6QTR, STM32U375KEU6, STM32U375KGU6, STM32U375REI6, STM32U375REI6Q, STM32U375RET6, STM32U375RET6Q, STM32U375REY6GTR, STM32U375REY6QTR, STM32U375RGI6, STM32U375RGI6Q, STM32U375RGT6, STM32U375RGT6Q, STM32U375RGY6GTR, STM32U375RGY6QTR, STM32U375VEI6, STM32U375VEI6Q, STM32U375VET6, STM32U375VET6Q, STM32U375VGI6, STM32U375VGI6Q, STM32U375VGT6, STM32U375VGT6Q, STM32U385CGT6, STM32U385CGT6Q, STM32U385CGU6, STM32U385CGU6Q, STM32U385CGY6QTR, STM32U385KGU6, STM32U385RGI6, STM32U385RGI6Q, STM32U385RGT6, STM32U385RGT6Q, STM32U385RGY6GTR, STM32U385RGY6QTR, STM32U385VGI6, STM32U385VGI6Q, STM32U385VGT6, STM32U385VGT6Q, STM32U535CBT6, STM32U535CBT6Q, STM32U535CBU6, STM32U535CBU6Q, STM32U535CCT6, STM32U535CCT6Q, STM32U535CCU6, STM32U535CCU6Q, STM32U535CET6, STM32U535CET6Q, STM32U535CEU6, STM32U535CEU6Q, STM32U535JEY6QTR, STM32U535NCY6QTR, STM32U535NEY6QTR, STM32U535RBI6, STM32U535RBI6Q, STM32U535RBT6, STM32U535RBT6Q, STM32U535RCI6, STM32U535RCI6Q, STM32U535RCT6, STM32U535RCT6Q, STM32U535REI6, STM32U535REI6Q, STM32U535RET6, STM32U535RET6Q, STM32U535VCI6, STM32U535VCI6Q, STM32U535VCT6, STM32U535VCT6Q, STM32U535VEI6, STM32U535VEI6Q, STM32U535VET6, STM32U535VET6Q, STM32U545CET6, STM32U545CET6Q, STM32U545CEU6, STM32U545CEU6Q, STM32U545JEY6QTR, STM32U545NEY6QTR, STM32U545REI6, STM32U545REI6Q, STM32U545RET6, STM32U545RET6Q, STM32U545VEI6, STM32U545VEI6Q, STM32U545VET6, STM32U545VET6Q, STM32U595AIH6, STM32U595AIH6Q, STM32U595AJH6, STM32U595AJH6Q, STM32U595QII6, STM32U595QII6Q, STM32U595QJI6, STM32U595QJI6Q, STM32U595RIT6, STM32U595RIT6Q, STM32U595RJT6, STM32U595RJT6Q, STM32U595VIT6, STM32U595VIT6Q, STM32U595VJT6, STM32U595VJT6Q, STM32U595ZIT6, STM32U595ZIT6Q, STM32U595ZIY6QTR, STM32U595ZJT6, STM32U595ZJT6Q, STM32U595ZJY6QTR, STM32U599BJY6QTR, STM32U599NIH6Q, STM32U599NJH6Q, STM32U599VIT6Q, STM32U599VJT6, STM32U599VJT6Q, STM32U599ZIT6Q, STM32U599ZIY6QTR, STM32U599ZJT6Q, STM32U599ZJY6QTR, STM32U5A5AJH6, STM32U5A5AJH6Q, STM32U5A5QII3Q , STM32U5A5QJI6, STM32U5A5QJI6Q, STM32U5A5RJT6, STM32U5A5RJT6Q, STM32U5A5VJT6, STM32U5A5VJT6Q, STM32U5A5ZJT6, STM32U5A5ZJT6Q, STM32U5A5ZJY6QTR, STM32U5A9BJY6QTR, STM32U5A9J-DK, STM32U5A9NJH6Q, STM32U5A9VJT6Q, STM32U5A9ZJT6Q, STM32U5A9ZJY6QTR, STM32U5F7VIT6, STM32U5F7VIT6Q, STM32U5F7VJT6, STM32U5F7VJT6Q, STM32U5F9BJY6QTR, STM32U5F9NJH6Q, STM32U5F9VIT6Q, STM32U5F9VJT6Q, STM32U5F9ZIJ6QTR, STM32U5F9ZIT6Q, STM32U5F9ZJJ6QTR, STM32U5F9ZJT6Q, STM32U5G7VJT6, STM32U5G7VJT6Q, STM32U5G9BJY6QTR, STM32U5G9J-DK1, STM32U5G9J-DK2, STM32U5G9NJH6Q, STM32U5G9VJT6Q, STM32U5G9ZJJ6QTR, STM32U5G9ZJT6Q, STM32WB05KZV6TR, STM32WB05KZV7TR, STM32WB05TZF6TR, STM32WB05TZF7TR, STM32WB06CCF6TR, STM32WB06CCF7TR, STM32WB06CCV6TR, STM32WB06CCV7TR, STM32WB06KCV6TR, STM32WB06KCV7TR, STM32WB07CCF6TR, STM32WB07CCF7TR, STM32WB07CCV6TR, STM32WB07CCV7TR, STM32WB07KCV6TR, STM32WB07KCV7TR, STM32WB09KEV6TR, STM32WB09KEV7TR, STM32WB09TEF6TR, STM32WB09TEF7TR, STM32WB1MMCH6, STM32WBA50KGU6, STM32WBA50KGU6TR, STM32WBA52CEU6, STM32WBA52CEU6TR, STM32WBA52CEU7, STM32WBA52CEU7TR, STM32WBA52CGU6, STM32WBA52CGU6TR, STM32WBA52CGU6U, STM32WBA52CGU7, STM32WBA52CGU7TR, STM32WBA52KEU6, STM32WBA52KEU6TR, STM32WBA52KGU6, STM32WBA52KGU6TR, STM32WBA54CEU6, STM32WBA54CEU6TR, STM32WBA54CEU7, STM32WBA54CEU7TR, STM32WBA54CGU6, STM32WBA54CGU6TR, STM32WBA54CGU7, STM32WBA54CGU7TR, STM32WBA54KEU6, STM32WBA54KEU6TR, STM32WBA54KEU7, STM32WBA54KEU7TR, STM32WBA54KGU6, STM32WBA54KGU6TR, STM32WBA54KGU7, STM32WBA54KGU7TR, STM32WBA55CEU6, STM32WBA55CEU6TR, STM32WBA55CEU7, STM32WBA55CEU7TR, STM32WBA55CGU6, STM32WBA55CGU6TR, STM32WBA55CGU6U, STM32WBA55CGU7, STM32WBA55CGU7TR, STM32WBA55G-DK1, STM32WBA55HEF6, STM32WBA55HEF7, STM32WBA55HGF6, STM32WBA55HGF7, STM32WBA55UEI6, STM32WBA55UEI6TR, STM32WBA55UEI7, STM32WBA55UEI7TR, STM32WBA55UGI6, STM32WBA55UGI6TR, STM32WBA55UGI7, STM32WBA55UGI7TR, STM32WBA5MMGH6TR, STM32WBA62MGF6, STM32WBA62MIF6, STM32WBA65MGF7, STM32WBA65MIF6, STM32WBA65MIF7, STM32WL30K8V6, STM32WL30KBV6, STM32WL31C8V6, STM32WL31CBV6, STM32WL31K8V6, STM32WL31KBV6, STM32WL33C8V6, STM32WL33C8V6X, STM32WL33CBV6, STM32WL33CBV6X, STM32WL33CCV6, STM32WL33CCV6A, STM32WL33CCV6X, STM32WL33K8V7, STM32WL33K8V7X, STM32WL33KBV7 , STM32WL33KBV7X, STM32WL33KCV7, STM32WL33KCV7X, STM32WL5MOCH6, STM32WL5MOCH6TR]
2026-06-10 10:38:18,822 [INFO] ApiDb:668 - CubeFinder database Data Model version=2.1
2026-06-10 10:38:18,823 [INFO] ApiDb:669 - CubeFinder database Configuration version=3.0.42
2026-06-10 10:38:18,823 [INFO] ApiDb:670 - CubeFinder database generation date=2026-05-14 (1778746352)
2026-06-10 10:38:18,823 [INFO] ApiDb:671 - CubeFinder database FW Pack versions=[FP-ATR-ASTRA1_V2.0.0, FP-SNS-FLIGHT1_V5.1.0, FP-SNS-MOTENV1_V5.1.0, FP-SNS-MOTENVWB1_V1.5.0, FP-SNS-SMARTAG2_V1.2.0, FP-SNS-STBOX1_V2.1.0, STM32Cube_FW_C0_V1.4.0, STM32Cube_FW_F4_V1.28.3, STM32Cube_FW_F7_V1.17.4, STM32Cube_FW_G0_V1.6.3, STM32Cube_FW_G4_V1.6.2, STM32Cube_FW_H5_V1.6.0, STM32Cube_FW_H7RS_V1.3.0, STM32Cube_FW_H7_V1.13.0, STM32Cube_FW_L0_V1.12.2, STM32Cube_FW_L4_V1.18.2, STM32Cube_FW_L5_V1.6.0, STM32Cube_FW_N6_V1.3.0, STM32Cube_FW_U0_V1.3.0, STM32Cube_FW_U3_V1.3.0, STM32Cube_FW_U5_V1.8.0, STM32Cube_FW_WB0_V1.4.0, STM32Cube_FW_WBA_V1.9.0, STM32Cube_FW_WB_V1.24.0, STM32Cube_FW_WL3_V1.4.0, STM32Cube_FW_WL_V1.5.0, X-CUBE-ALGOBUILD_V1.4.0, X-CUBE-ALS_V1.0.2, X-CUBE-AZRTOS-F4_V1.1.0, X-CUBE-AZRTOS-F7_V1.1.0, X-CUBE-AZRTOS-G0_V1.1.0, X-CUBE-AZRTOS-G4_V2.0.0, X-CUBE-AZRTOS-H7RS_V1.1.0, X-CUBE-AZRTOS-H7_V3.5.0, X-CUBE-AZRTOS-L4_V2.0.0, X-CUBE-AZRTOS-L5_V2.0.0, X-CUBE-AZRTOS-WB_V2.0.0, X-CUBE-AZRTOS-WL_V2.0.0, X-CUBE-BLE1_V7.1.0, X-CUBE-BLE2_V3.3.0, X-CUBE-BLEMGR_V4.1.0, X-CUBE-EEPRMA1_V5.2.0, X-CUBE-FREERTOS_V1.5.0, X-CUBE-GNSS1_V7.1.1, X-CUBE-MEMS1_V12.1.0, X-CUBE-NFC4_V3.0.0, X-CUBE-NFC7_V2.0.0, X-CUBE-SFXS2LP1_V4.0.0, X-CUBE-ST67W61_V1.3.0, X-CUBE-SUBG2_V5.0.0, X-CUBE-TOF1_V3.4.3]
2026-06-10 10:38:23,903 [INFO] ApiDb:240 - Found 880 in-development CPN: [B-G473E-ZEST1S, B-WB1M-WPAN1, B-WBA5M-WPAN, B-WL5M-SUBG1, NUCLEO-C031C6, NUCLEO-C051C8, NUCLEO-C071RB, NUCLEO-C092RC, NUCLEO-H503RB, NUCLEO-H533RE, NUCLEO-H563ZI, NUCLEO-H7S3L8, NUCLEO-N657X0-Q, NUCLEO-U031R8, NUCLEO-U083RC, NUCLEO-U385RG-Q, NUCLEO-U545RE-Q, NUCLEO-U5A5ZJ-Q, NUCLEO-WB05KZ, NUCLEO-WB07CC, NUCLEO-WB09KE, NUCLEO-WBA52CG, NUCLEO-WBA55CG, NUCLEO-WL33CC1, NUCLEO-WL33CC2, STEVAL-PROTEUS1, STEVAL-SMARTAG2, STEVAL-STWINBX1, STM320518-EVAL, STM32C0116-DK, STM32C011D6Y3TR, STM32C011D6Y6TR, STM32C011F4P3, STM32C011F4P6, STM32C011F4U3, STM32C011F4U6TR, STM32C011F6P3, STM32C011F6P6, STM32C011F6U3, STM32C011F6U6TR, STM32C011J4M3, STM32C011J4M6, STM32C011J6M3, STM32C011J6M6, STM32C0316-DK, STM32C031C4T3, STM32C031C4T6, STM32C031C4U3, STM32C031C4U6, STM32C031C6T3, STM32C031C6T6, STM32C031C6U3, STM32C031C6U6, STM32C031F4P3, STM32C031F4P6, STM32C031F6P3, STM32C031F6P6, STM32C031G4U3, STM32C031G4U6, STM32C031G6U3, STM32C031G6U6, STM32C031K4T3, STM32C031K4T6, STM32C031K4U3, STM32C031K4U6, STM32C031K6T3, STM32C031K6T6, STM32C031K6U3, STM32C031K6U6, STM32C051C6T6, STM32C051C6U6, STM32C051C8T6, STM32C051C8U6, STM32C051D8Y6TR, STM32C051F6P6, STM32C051F8P6, STM32C051G6U6, STM32C051G8U6, STM32C051K6T6, STM32C051K6U6, STM32C051K8T6, STM32C071C8T6, STM32C071C8T6N, STM32C071C8U6, STM32C071C8U6N, STM32C071CBT6, STM32C071CBT6N, STM32C071CBU6, STM32C071CBU6N, STM32C071F8P6, STM32C071F8P6N, STM32C071FBP6, STM32C071FBP6N, STM32C071FBY6TR, STM32C071G8U6, STM32C071G8U6N, STM32C071GBU6, STM32C071GBU6N, STM32C071K8T6, STM32C071K8T6N, STM32C071K8U6, STM32C071K8U6N, STM32C071KBT6, STM32C071KBT6N, STM32C071KBU6, STM32C071KBU6N, STM32C071R8T6, STM32C071R8T6N, STM32C071RBI6N, STM32C071RBT6, STM32C071RBT6N, STM32C091CBT6, STM32C091CBU6, STM32C091CCT6, STM32C091CCU6, STM32C091ECY6TR, STM32C091FBP6, STM32C091FCP6, STM32C091GBU6, STM32C091GCU6, STM32C091KBT6, STM32C091KBU6, STM32C091KCT6, STM32C091KCU6, STM32C091RBT6, STM32C091RCI6, STM32C091RCT6, STM32C092CBT6, STM32C092CBU6, STM32C092CCT6, STM32C092CCU6, STM32C092ECY6TR, STM32C092FBP6, STM32C092FCP6, STM32C092GBU6, STM32C092GCU6, STM32C092KBT6, STM32C092KBU6, STM32C092KCT6, STM32C092KCU6, STM32C092RBT6, STM32C092RCI6, STM32C092RCT6, STM32G071K8TXN, STM32G071K8UXN, STM32G081GBU6N, STM32G081KBT6N, STM32G081KBUXN, STM32G0B1CCT6N, STM32G0B1KCT6, STM32G0B1NEY6TR, STM32G0B1RCT6N, STM32G0C1CCT6, STM32G0C1CCT6N, STM32G0C1CCU6N, STM32G0C1CET6N, STM32G0C1CEU6N, STM32G0C1KCT6, STM32G0C1NEY6TR, STM32G0C1RCI6N, STM32G0C1RCT6N, STM32G0C1REI6N, STM32G0C1RET6N, STM32G0C1VCI6, STM32G0C1VEI6, STM32G411C6T3, STM32G411C6T6, STM32G411C6U3, STM32G411C6U6, STM32G411C8T3, STM32G411C8T6, STM32G411C8U3, STM32G411C8U6, STM32G411CBT3, STM32G411CBT6, STM32G411CBU3, STM32G411CBU6, STM32G411K6T3, STM32G411K6T6, STM32G411K6U3, STM32G411K6U6, STM32G411K8T3, STM32G411K8T6, STM32G411K8U3, STM32G411K8U6, STM32G411KBT3, STM32G411KBT6, STM32G411KBU3, STM32G411KBU6, STM32G411M6T3, STM32G411M6T6, STM32G411M8T3, STM32G411M8T6, STM32G411MBT3, STM32G411MBT6, STM32G411R6T3, STM32G411R6T6, STM32G411R8T3, STM32G411R8T6, STM32G411RBT3, STM32G411RBT6, STM32G414CBT3, STM32G414CBT6, STM32G414CBU3, STM32G414CBU6, STM32G414CCT3, STM32G414CCT6, STM32G414CCU3, STM32G414CCU6, STM32G414MBT3, STM32G414MBT6, STM32G414MCT3, STM32G414MCT6, STM32G414RBT3, STM32G414RBT6, STM32G414RCT3, STM32G414RCT6, STM32G414VBT3, STM32G414VBT6, STM32G414VCT3, STM32G414VCT6, STM32G431CBT3Z, STM32G431RBT3Z, STM32G471CCT6, STM32G471CCU6, STM32G471CET3, STM32G471CET6, STM32G471CEU3, STM32G471CEU6, STM32G471MCT6, STM32G471MET3, STM32G471MET6, STM32G471MEY6TR, STM32G471QCT6, STM32G471QET3, STM32G471RCT6, STM32G471RET3, STM32G471RET6, STM32G471VCH6, STM32G471VCI6, STM32G471VCT6, STM32G471VEH3, STM32G471VEH6, STM32G471VEI3, STM32G471VEI6, STM32G471VET3, STM32G471VET6, STM32G473QET3Z, STM32G473RET3Z, STM32G474CCT6, STM32G491RET3Z, STM32H503CBT6, STM32H503CBU6, STM32H503EBY6TR, STM32H503KBU6, STM32H503RBT6, STM32H523CCT6, STM32H523CCU6, STM32H523CET6, STM32H523CEU6, STM32H523HEY6TR, STM32H523RCT6, STM32H523RET6, STM32H523VCI6, STM32H523VCT6, STM32H523VEI6, STM32H523VET6, STM32H523ZCJ6, STM32H523ZCT6, STM32H523ZEJ6, STM32H523ZET6, STM32H533CET6, STM32H533CEU6, STM32H533HEY6TR, STM32H533RET6, STM32H533VEI6, STM32H533VET6, STM32H533ZEJ6, STM32H533ZET6, STM32H562AGI6, STM32H562AII6, STM32H562IGK6, STM32H562IGT6, STM32H562IIK6, STM32H562IIT6, STM32H562RGT6, STM32H562RGV6, STM32H562RIT6, STM32H562RIV6, STM32H562VGT6, STM32H562VIT6, STM32H562ZGT6, STM32H562ZIT6, STM32H563AGI6, STM32H563AII3Q, STM32H563AII6, STM32H563IGK6, STM32H563IGT6, STM32H563IIK3Q, STM32H563IIK6, STM32H563IIT3Q, STM32H563IIT6, STM32H563MIY3QTR, STM32H563RGT6, STM32H563RGV6, STM32H563RIT6, STM32H563RIV6, STM32H563VGT6, STM32H563VIT3Q, STM32H563VIT6, STM32H563ZGT6, STM32H563ZIT3Q, STM32H563ZIT6, STM32H573AII3Q, STM32H573AII6, STM32H573I-DK, STM32H573IIK3Q, STM32H573IIK6, STM32H573IIT3Q, STM32H573IIT6, STM32H573MIY3QTR, STM32H573RIT6, STM32H573RIV6, STM32H573VIT3Q, STM32H573VIT6, STM32H573ZIT3Q, STM32H573ZIT6, STM32H7R3A8I6, STM32H7R3I8K6, STM32H7R3I8T6, STM32H7R3L8H6, STM32H7R3L8H6H, STM32H7R3R8V6, STM32H7R3V8H6, STM32H7R3V8T6, STM32H7R3V8Y6TR, STM32H7R3Z8J6, STM32H7R3Z8T6, STM32H7R7A8I6, STM32H7R7I8K6, STM32H7R7I8T6, STM32H7R7L8H6, STM32H7R7L8H6H, STM32H7R7Z8J6, STM32H7S3A8I6, STM32H7S3I8K6, STM32H7S3I8T6, STM32H7S3L8H6, STM32H7S3L8H6H, STM32H7S3R8V6, STM32H7S3V8H6, STM32H7S3V8T6, STM32H7S3V8Y6TR, STM32H7S3Z8J6, STM32H7S3Z8T6, STM32H7S78-DK, STM32H7S7A8I6, STM32H7S7I8K6, STM32H7S7I8T6, STM32H7S7L8H6, STM32H7S7L8H6H, STM32H7S7Z8J6, STM32L4R5QGI6STR, STM32MP131AAE3, STM32MP131AAF3, STM32MP131AAG3, STM32MP131CAE3, STM32MP131CAF3, STM32MP131CAG3, STM32MP131DAE7, STM32MP131DAF7, STM32MP131DAG7, STM32MP131FAE7, STM32MP131FAF7, STM32MP131FAG7, STM32MP133AAE3, STM32MP133AAF3, STM32MP133AAG3, STM32MP133CAE3, STM32MP133CAF3, STM32MP133CAG3, STM32MP133DAE7, STM32MP133DAF7, STM32MP133DAG7, STM32MP133FAE7, STM32MP133FAF7, STM32MP133FAG7, STM32MP135AAE3, STM32MP135AAF3, STM32MP135AAG3, STM32MP135CAE3, STM32MP135CAF3, STM32MP135CAG3, STM32MP135DAE7, STM32MP135DAF7, STM32MP135DAG7, STM32MP135F-DK, STM32MP135FAE7, STM32MP135FAF7, STM32MP135FAF7T, STM32MP135FAF7U, STM32MP135FAG7, STM32MP211AAL3, STM32MP211AAM3, STM32MP211AAN3, STM32MP211AAO3, STM32MP211CAL3, STM32MP211CAM3, STM32MP211CAN3, STM32MP211CAO3, STM32MP211DAL3, STM32MP211DAM3, STM32MP211DAN3, STM32MP211DAO3, STM32MP211FAL3, STM32MP211FAM3, STM32MP211FAN3, STM32MP211FAO3, STM32MP213AAL3, STM32MP213AAM3, STM32MP213AAN3, STM32MP213AAO3, STM32MP213CAL3, STM32MP213CAM3, STM32MP213CAN3, STM32MP213CAO3, STM32MP213DAL3, STM32MP213DAM3, STM32MP213DAN3, STM32MP213DAO3, STM32MP213FAL3, STM32MP213FAM3, STM32MP213FAN3, STM32MP213FAO3, STM32MP215AAL3, STM32MP215AAM3, STM32MP215AAN3, STM32MP215AAO3, STM32MP215CAL3, STM32MP215CAM3, STM32MP215CAN3, STM32MP215CAO3, STM32MP215DAL3, STM32MP215DAM3, STM32MP215DAN3, STM32MP215DAO3, STM32MP215F-DK, STM32MP215FAL3, STM32MP215FAM3, STM32MP215FAN3, STM32MP215FAO3, STM32MP231AAJ3, STM32MP231AAK3, STM32MP231AAL3, STM32MP231CAJ3, STM32MP231CAK3, STM32MP231CAL3, STM32MP231DAJ3, STM32MP231DAK3, STM32MP231DAL3, STM32MP231FAJ3, STM32MP231FAK3, STM32MP231FAL3, STM32MP233AAJ3, STM32MP233AAK3, STM32MP233AAL3, STM32MP233CAJ3, STM32MP233CAK3, STM32MP233CAL3, STM32MP233DAJ3, STM32MP233DAK3, STM32MP233DAL3, STM32MP233FAJ3, STM32MP233FAK3, STM32MP233FAL3, STM32MP235AAJ3, STM32MP235AAK3, STM32MP235AAL3, STM32MP235CAJ3, STM32MP235CAK3, STM32MP235CAL3, STM32MP235DAJ3, STM32MP235DAK3, STM32MP235DAL3, STM32MP235FAJ3, STM32MP235FAK3, STM32MP235FAL3, STM32MP251AAI3, STM32MP251AAK3, STM32MP251AAL3, STM32MP251CAI3, STM32MP251CAK3, STM32MP251CAL3, STM32MP251DAI3, STM32MP251DAK3, STM32MP251DAL3, STM32MP251FAI3, STM32MP251FAK3, STM32MP251FAL3, STM32MP253AAI3, STM32MP253AAK3, STM32MP253AAL3, STM32MP253CAI3, STM32MP253CAK3, STM32MP253CAL3, STM32MP253DAI3, STM32MP253DAK3, STM32MP253DAL3, STM32MP253FAI3, STM32MP253FAK3, STM32MP253FAL3, STM32MP255AAI3, STM32MP255AAK3, STM32MP255AAL3, STM32MP255CAI3, STM32MP255CAK3, STM32MP255CAL3, STM32MP255DAI3, STM32MP255DAK3, STM32MP255DAL3, STM32MP255FAI3, STM32MP255FAK3, STM32MP255FAL3, STM32MP257AAI3, STM32MP257AAK3, STM32MP257AAL3, STM32MP257CAI3, STM32MP257CAK3, STM32MP257CAL3, STM32MP257DAI3, STM32MP257DAK3, STM32MP257DAL3, STM32MP257F-DK, STM32MP257F-EV1, STM32MP257FAI3, STM32MP257FAK3, STM32MP257FAL3, STM32N645A0H3Q, STM32N645B0H3Q, STM32N645I0H3Q, STM32N645L0H3Q, STM32N645X0H3Q, STM32N645Z0H3Q, STM32N647A0H3Q, STM32N647B0H3Q, STM32N647I0H3Q, STM32N647L0H3Q, STM32N647X0H3Q, STM32N647Z0H3Q, STM32N655A0H3Q, STM32N655B0H3Q, STM32N655I0H3Q, STM32N655L0H3Q, STM32N655X0H3Q, STM32N655Z0H3Q, STM32N6570-DK, STM32N657A0H3Q, STM32N657B0H3Q, STM32N657I0H3Q, STM32N657L0H3Q, STM32N657X0H3Q, STM32N657Z0H3Q, STM32U031C6T6, STM32U031C6U6, STM32U031C8T6, STM32U031C8U6, STM32U031F4P6, STM32U031F6P6, STM32U031F8P6, STM32U031G6Y6TR, STM32U031G8Y6TR, STM32U031K4U6, STM32U031K6U6, STM32U031K8U6, STM32U031R6I6, STM32U031R6T6, STM32U031R8I6, STM32U031R8T6, STM32U073C8T6, STM32U073C8U6, STM32U073CBT6, STM32U073CBU6, STM32U073CCT6, STM32U073CCU6, STM32U073H8Y6TR, STM32U073HBY6TR, STM32U073HCY6TR, STM32U073K8U6, STM32U073KBU6, STM32U073KCU6, STM32U073M8I6, STM32U073M8T6, STM32U073MBI6, STM32U073MBT6, STM32U073MCI6, STM32U073MCT6, STM32U073R8I6, STM32U073R8T6, STM32U073RBI6, STM32U073RBT6, STM32U073RCI6, STM32U073RCT6, STM32U083C-DK, STM32U083CCT6, STM32U083CCU6, STM32U083HCY6TR, STM32U083KCU6, STM32U083MCI6, STM32U083MCT6, STM32U083RCI6, STM32U083RCT6, STM32U375CET6, STM32U375CET6Q, STM32U375CEU6, STM32U375CEU6Q, STM32U375CEY6QTR, STM32U375CGT6, STM32U375CGT6Q, STM32U375CGU6, STM32U375CGU6Q, STM32U375CGY6QTR, STM32U375KEU6, STM32U375KGU6, STM32U375REI6, STM32U375REI6Q, STM32U375RET6, STM32U375RET6Q, STM32U375REY6GTR, STM32U375REY6QTR, STM32U375RGI6, STM32U375RGI6Q, STM32U375RGT6, STM32U375RGT6Q, STM32U375RGY6GTR, STM32U375RGY6QTR, STM32U375VEI6, STM32U375VEI6Q, STM32U375VET6, STM32U375VET6Q, STM32U375VGI6, STM32U375VGI6Q, STM32U375VGT6, STM32U375VGT6Q, STM32U385CGT6, STM32U385CGT6Q, STM32U385CGU6, STM32U385CGU6Q, STM32U385CGY6QTR, STM32U385KGU6, STM32U385RGI6, STM32U385RGI6Q, STM32U385RGT6, STM32U385RGT6Q, STM32U385RGY6GTR, STM32U385RGY6QTR, STM32U385VGI6, STM32U385VGI6Q, STM32U385VGT6, STM32U385VGT6Q, STM32U535CBT6, STM32U535CBT6Q, STM32U535CBU6, STM32U535CBU6Q, STM32U535CCT6, STM32U535CCT6Q, STM32U535CCU6, STM32U535CCU6Q, STM32U535CET6, STM32U535CET6Q, STM32U535CEU6, STM32U535CEU6Q, STM32U535JEY6QTR, STM32U535NCY6QTR, STM32U535NEY6QTR, STM32U535RBI6, STM32U535RBI6Q, STM32U535RBT6, STM32U535RBT6Q, STM32U535RCI6, STM32U535RCI6Q, STM32U535RCT6, STM32U535RCT6Q, STM32U535REI6, STM32U535REI6Q, STM32U535RET6, STM32U535RET6Q, STM32U535VCI6, STM32U535VCI6Q, STM32U535VCT6, STM32U535VCT6Q, STM32U535VEI6, STM32U535VEI6Q, STM32U535VET6, STM32U535VET6Q, STM32U545CET6, STM32U545CET6Q, STM32U545CEU6, STM32U545CEU6Q, STM32U545JEY6QTR, STM32U545NEY6QTR, STM32U545REI6, STM32U545REI6Q, STM32U545RET6, STM32U545RET6Q, STM32U545VEI6, STM32U545VEI6Q, STM32U545VET6, STM32U545VET6Q, STM32U595AIH6, STM32U595AIH6Q, STM32U595AJH6, STM32U595AJH6Q, STM32U595QII6, STM32U595QII6Q, STM32U595QJI6, STM32U595QJI6Q, STM32U595RIT6, STM32U595RIT6Q, STM32U595RJT6, STM32U595RJT6Q, STM32U595VIT6, STM32U595VIT6Q, STM32U595VJT6, STM32U595VJT6Q, STM32U595ZIT6, STM32U595ZIT6Q, STM32U595ZIY6QTR, STM32U595ZJT6, STM32U595ZJT6Q, STM32U595ZJY6QTR, STM32U599BJY6QTR, STM32U599NIH6Q, STM32U599NJH6Q, STM32U599VIT6Q, STM32U599VJT6, STM32U599VJT6Q, STM32U599ZIT6Q, STM32U599ZIY6QTR, STM32U599ZJT6Q, STM32U599ZJY6QTR, STM32U5A5AJH6, STM32U5A5AJH6Q, STM32U5A5QII3Q , STM32U5A5QJI6, STM32U5A5QJI6Q, STM32U5A5RJT6, STM32U5A5RJT6Q, STM32U5A5VJT6, STM32U5A5VJT6Q, STM32U5A5ZJT6, STM32U5A5ZJT6Q, STM32U5A5ZJY6QTR, STM32U5A9BJY6QTR, STM32U5A9J-DK, STM32U5A9NJH6Q, STM32U5A9VJT6Q, STM32U5A9ZJT6Q, STM32U5A9ZJY6QTR, STM32U5F7VIT6, STM32U5F7VIT6Q, STM32U5F7VJT6, STM32U5F7VJT6Q, STM32U5F9BJY6QTR, STM32U5F9NJH6Q, STM32U5F9VIT6Q, STM32U5F9VJT6Q, STM32U5F9ZIJ6QTR, STM32U5F9ZIT6Q, STM32U5F9ZJJ6QTR, STM32U5F9ZJT6Q, STM32U5G7VJT6, STM32U5G7VJT6Q, STM32U5G9BJY6QTR, STM32U5G9J-DK1, STM32U5G9J-DK2, STM32U5G9NJH6Q, STM32U5G9VJT6Q, STM32U5G9ZJJ6QTR, STM32U5G9ZJT6Q, STM32WB05KZV6TR, STM32WB05KZV7TR, STM32WB05TZF6TR, STM32WB05TZF7TR, STM32WB06CCF6TR, STM32WB06CCF7TR, STM32WB06CCV6TR, STM32WB06CCV7TR, STM32WB06KCV6TR, STM32WB06KCV7TR, STM32WB07CCF6TR, STM32WB07CCF7TR, STM32WB07CCV6TR, STM32WB07CCV7TR, STM32WB07KCV6TR, STM32WB07KCV7TR, STM32WB09KEV6TR, STM32WB09KEV7TR, STM32WB09TEF6TR, STM32WB09TEF7TR, STM32WB1MMCH6, STM32WBA50KGU6, STM32WBA50KGU6TR, STM32WBA52CEU6, STM32WBA52CEU6TR, STM32WBA52CEU7, STM32WBA52CEU7TR, STM32WBA52CGU6, STM32WBA52CGU6TR, STM32WBA52CGU6U, STM32WBA52CGU7, STM32WBA52CGU7TR, STM32WBA52KEU6, STM32WBA52KEU6TR, STM32WBA52KGU6, STM32WBA52KGU6TR, STM32WBA54CEU6, STM32WBA54CEU6TR, STM32WBA54CEU7, STM32WBA54CEU7TR, STM32WBA54CGU6, STM32WBA54CGU6TR, STM32WBA54CGU7, STM32WBA54CGU7TR, STM32WBA54KEU6, STM32WBA54KEU6TR, STM32WBA54KEU7, STM32WBA54KEU7TR, STM32WBA54KGU6, STM32WBA54KGU6TR, STM32WBA54KGU7, STM32WBA54KGU7TR, STM32WBA55CEU6, STM32WBA55CEU6TR, STM32WBA55CEU7, STM32WBA55CEU7TR, STM32WBA55CGU6, STM32WBA55CGU6TR, STM32WBA55CGU6U, STM32WBA55CGU7, STM32WBA55CGU7TR, STM32WBA55G-DK1, STM32WBA55HEF6, STM32WBA55HEF7, STM32WBA55HGF6, STM32WBA55HGF7, STM32WBA55UEI6, STM32WBA55UEI6TR, STM32WBA55UEI7, STM32WBA55UEI7TR, STM32WBA55UGI6, STM32WBA55UGI6TR, STM32WBA55UGI7, STM32WBA55UGI7TR, STM32WBA5MMGH6TR, STM32WBA62MGF6, STM32WBA62MIF6, STM32WBA65MGF7, STM32WBA65MIF6, STM32WBA65MIF7, STM32WL30K8V6, STM32WL30KBV6, STM32WL31C8V6, STM32WL31CBV6, STM32WL31K8V6, STM32WL31KBV6, STM32WL33C8V6, STM32WL33C8V6X, STM32WL33CBV6, STM32WL33CBV6X, STM32WL33CCV6, STM32WL33CCV6A, STM32WL33CCV6X, STM32WL33K8V7, STM32WL33K8V7X, STM32WL33KBV7 , STM32WL33KBV7X, STM32WL33KCV7, STM32WL33KCV7X, STM32WL5MOCH6, STM32WL5MOCH6TR]
2026-06-10 10:38:23,912 [INFO] DbMcus:218 - Found 5086 MCUs, 4968 are supported
2026-06-10 10:38:23,914 [INFO] ApiDb:423 - Load user favorites file C:\Users\ASUS/.stm32cubeide/favorites.mcus.txt: 1 item(s)
2026-06-10 10:38:23,915 [INFO] ApiDb:427 - User favorites MCUs=[STM32F446ZET6]
2026-06-10 10:38:23,915 [INFO] DbMcus:224 - Set 1 / 1 favorites MCUs
2026-06-10 10:38:25,822 [INFO] BoardInfo:889 - No configuration file found for board NUCLEO-H5E5ZJ
2026-06-10 10:38:25,826 [INFO] DbBoards:161 - Board is not supported: NUCLEO-H5E5ZJ
2026-06-10 10:38:25,993 [INFO] BoardInfo:889 - No configuration file found for board NUCLEO-U3C5ZI-Q
2026-06-10 10:38:25,996 [INFO] DbBoards:161 - Board is not supported: NUCLEO-U3C5ZI-Q
2026-06-10 10:38:26,038 [INFO] BoardInfo:889 - No configuration file found for board NUCLEO-WBA25CE1
2026-06-10 10:38:26,041 [INFO] DbBoards:161 - Board is not supported: NUCLEO-WBA25CE1
2026-06-10 10:38:26,068 [INFO] BoardInfo:889 - No configuration file found for board NUCLEO-WL3RKB1
2026-06-10 10:38:26,071 [INFO] DbBoards:161 - Board is not supported: NUCLEO-WL3RKB1
2026-06-10 10:38:26,074 [INFO] BoardInfo:889 - No configuration file found for board NUCLEO-WL3RKB2
2026-06-10 10:38:26,076 [INFO] DbBoards:161 - Board is not supported: NUCLEO-WL3RKB2
2026-06-10 10:38:26,098 [INFO] BoardInfo:889 - No configuration file found for board P-NUCLEO-WB55
2026-06-10 10:38:26,101 [INFO] DbBoards:161 - Kit is not supported: P-NUCLEO-WB55
2026-06-10 10:38:26,120 [INFO] BoardInfo:889 - No configuration file found for board STEVAL-BFA001V1B
2026-06-10 10:38:26,123 [INFO] DbBoards:161 - Kit is not supported: STEVAL-BFA001V1B
2026-06-10 10:38:26,125 [INFO] BoardInfo:889 - No configuration file found for board STEVAL-BFA001V2B
2026-06-10 10:38:26,128 [INFO] DbBoards:161 - Kit is not supported: STEVAL-BFA001V2B
2026-06-10 10:38:26,607 [INFO] BoardInfo:889 - No configuration file found for board STM32H5F5J-DK
2026-06-10 10:38:26,610 [INFO] DbBoards:161 - Board is not supported: STM32H5F5J-DK
2026-06-10 10:38:26,860 [INFO] DbBoards:168 - Found 218 boards, 209 are supported
2026-06-10 10:38:26,860 [INFO] DbBoards:169 - Found 218 boards, 43 of them is supported for  Bsp
2026-06-10 10:38:26,869 [INFO] ApiDb:423 - Load user favorites file C:\Users\ASUS/.stm32cubeide/favorites.boards.txt: 0 item(s)
2026-06-10 10:38:26,869 [INFO] ApiDb:427 - User favorites Boards=[]
2026-06-10 10:38:26,870 [INFO] DbBoards:198 - Set 0 / 0 favorites Boards
2026-06-10 10:38:26,921 [INFO] UtilMem:75 - End LoadConfig() Used Memory: 730844160 Bytes (1073741824)
2026-06-10 10:38:27,338 [WARN] ThirdParty:833 - waiting for thirdparty lock release [change project]
2026-06-10 10:38:27,338 [INFO] ThirdParty:835 - entering critical section [change project]
2026-06-10 10:38:27,339 [INFO] ThirdParty:1030 - CMSIS Pack Vendor :STMicroelectronics X-CUBE-AZRTOS-H7 3.5.0
2026-06-10 10:38:27,339 [INFO] ThirdParty:1030 - CMSIS Pack Vendor :STMicroelectronics X-CUBE-PM33A1 1.0.0
2026-06-10 10:38:27,339 [INFO] ThirdParty:1030 - CMSIS Pack Vendor :STMicroelectronics USBPD 4.1
2026-06-10 10:38:27,339 [INFO] ThirdParty:1030 - CMSIS Pack Vendor :STMicroelectronics X-CUBE-NFC9 1.0.0
2026-06-10 10:38:27,339 [INFO] ThirdParty:1030 - CMSIS Pack Vendor :STMicroelectronics USB_HOST 2.0.0
2026-06-10 10:38:27,340 [INFO] ThirdParty:1030 - CMSIS Pack Vendor :STMicroelectronics X-CUBE-AZRTOS-F4 1.1.0
2026-06-10 10:38:27,340 [INFO] ThirdParty:1030 - CMSIS Pack Vendor :STMicroelectronics LIBJPEG 8.0.0
2026-06-10 10:38:27,340 [INFO] ThirdParty:1030 - CMSIS Pack Vendor :STMicroelectronics FP-ATR-ASTRA1 2.0.2
2026-06-10 10:38:27,340 [INFO] ThirdParty:1030 - CMSIS Pack Vendor :STMicroelectronics X-CUBE-BLE1 7.1.0
2026-06-10 10:38:27,340 [INFO] ThirdParty:1030 - CMSIS Pack Vendor :STMicroelectronics X-CUBE-SMBUS 2.1.0
2026-06-10 10:38:27,340 [INFO] ThirdParty:1030 - CMSIS Pack Vendor :wolfSSL I-CUBE-wolfMQTT 1.19.2
2026-06-10 10:38:27,340 [INFO] ThirdParty:1030 - CMSIS Pack Vendor :STMicroelectronics USB_DEVICE 3.0.0
2026-06-10 10:38:27,340 [INFO] ThirdParty:1030 - CMSIS Pack Vendor :STMicroelectronics X-CUBE-ISPU 2.1.0
2026-06-10 10:38:27,341 [INFO] ThirdParty:1030 - CMSIS Pack Vendor :STMicroelectronics X-CUBE-FREERTOS 1.4.0
2026-06-10 10:38:27,341 [INFO] ThirdParty:1030 - CMSIS Pack Vendor :STMicroelectronics X-CUBE-EEPRMA1 5.2.0
2026-06-10 10:38:27,341 [INFO] ThirdParty:1030 - CMSIS Pack Vendor :STMicroelectronics X-CUBE-IPS 3.2.0
2026-06-10 10:38:27,341 [INFO] ThirdParty:1030 - CMSIS Pack Vendor :STMicroelectronics X-CUBE-BLEMGR 4.1.0
2026-06-10 10:38:27,341 [INFO] ThirdParty:1030 - CMSIS Pack Vendor :STMicroelectronics eDS-WB_DPC_TT-BIDIR 2.1.1
2026-06-10 10:38:27,341 [INFO] ThirdParty:1030 - CMSIS Pack Vendor :STMicroelectronics X-CUBE-AZRTOS-WB 2.0.0
2026-06-10 10:38:27,341 [INFO] ThirdParty:1030 - CMSIS Pack Vendor :wolfSSL I-CUBE-wolfSSL 5.8.4
2026-06-10 10:38:27,342 [INFO] ThirdParty:1030 - CMSIS Pack Vendor :Cesanta I-CUBE-Mongoose 7.20.0
2026-06-10 10:38:27,342 [INFO] ThirdParty:1030 - CMSIS Pack Vendor :STMicroelectronics X-CUBE-NFC12 1.0.0
2026-06-10 10:38:27,342 [INFO] ThirdParty:1030 - CMSIS Pack Vendor :STMicroelectronics X-CUBE-AZRTOS-F7 1.1.0
2026-06-10 10:38:27,342 [INFO] ThirdParty:1030 - CMSIS Pack Vendor :STMicroelectronics X-CUBE-AZRTOS-L5 2.0.0
2026-06-10 10:38:27,342 [INFO] ThirdParty:1030 - CMSIS Pack Vendor :STMicroelectronics USB_DEVICE 2.0.0
2026-06-10 10:38:27,342 [INFO] ThirdParty:1030 - CMSIS Pack Vendor :STMicroelectronics FP-SNS-STAIOTCFT 1.1.0
2026-06-10 10:38:27,342 [INFO] ThirdParty:1030 - CMSIS Pack Vendor :quantropi X-CUBE-qispace-sdk-base 2.1.0
2026-06-10 10:38:27,342 [INFO] ThirdParty:1030 - CMSIS Pack Vendor :STMicroelectronics X-CUBE-MEMS1 12.0.0
2026-06-10 10:38:27,342 [INFO] ThirdParty:1030 - CMSIS Pack Vendor :STMicroelectronics X-CUBE-STSE01 2.0.0
2026-06-10 10:38:27,343 [INFO] ThirdParty:1030 - CMSIS Pack Vendor :STMicroelectronics X-CUBE-ALGOBUILD 1.5.0
2026-06-10 10:38:27,343 [INFO] ThirdParty:1030 - CMSIS Pack Vendor :STMicroelectronics FP-SNS-MOTENV1 5.1.0
2026-06-10 10:38:27,343 [INFO] ThirdParty:1030 - CMSIS Pack Vendor :STMicroelectronics FreeRTOS 0.0.1
2026-06-10 10:38:27,343 [INFO] ThirdParty:1030 - CMSIS Pack Vendor :STMicroelectronics X-CUBE-AZRTOS-G0 1.1.0
2026-06-10 10:38:27,343 [INFO] ThirdParty:1030 - CMSIS Pack Vendor :STMicroelectronics X-CUBE-NFC4 3.0.0
2026-06-10 10:38:27,343 [INFO] ThirdParty:1030 - CMSIS Pack Vendor :STMicroelectronics X-CUBE-SUBG2 5.0.0
2026-06-10 10:38:27,344 [INFO] ThirdParty:1030 - CMSIS Pack Vendor :STMicroelectronics STM32_WPAN 1.0.0
2026-06-10 10:38:27,344 [INFO] ThirdParty:1030 - CMSIS Pack Vendor :STMicroelectronics eDS-WB_DPC_VIENNA 1.2.0
2026-06-10 10:38:27,344 [INFO] ThirdParty:1030 - CMSIS Pack Vendor :EmbeddedOffice I-CUBE-FS-RTOS 1.0.1
2026-06-10 10:38:27,344 [INFO] ThirdParty:1030 - CMSIS Pack Vendor :STMicroelectronics lwIP 2.0.3
2026-06-10 10:38:27,344 [INFO] ThirdParty:1030 - CMSIS Pack Vendor :WES I-CUBE-Cesium 1.4.0
2026-06-10 10:38:27,344 [INFO] ThirdParty:1030 - CMSIS Pack Vendor :STMicroelectronics eDS-WB_DPC_3PH2L-BIDIR 1.1.1
2026-06-10 10:38:27,344 [INFO] ThirdParty:1030 - CMSIS Pack Vendor :STMicroelectronics USB_HOST 1.0.0
2026-06-10 10:38:27,345 [INFO] ThirdParty:1030 - CMSIS Pack Vendor :STMicroelectronics X-CUBE-AZRTOS-G4 2.0.0
2026-06-10 10:38:27,345 [INFO] ThirdParty:1030 - CMSIS Pack Vendor :STMicroelectronics X-CUBE-WB05N 2.0.0
2026-06-10 10:38:27,345 [INFO] ThirdParty:1030 - CMSIS Pack Vendor :STMicroelectronics PDM2PCM 3.1.0
2026-06-10 10:38:27,345 [INFO] ThirdParty:1030 - CMSIS Pack Vendor :STMicroelectronics PDM2PCM 3.3.0
2026-06-10 10:38:27,345 [INFO] ThirdParty:1030 - CMSIS Pack Vendor :wolfSSL I-CUBE-wolfTPM 3.8.0
2026-06-10 10:38:27,345 [INFO] ThirdParty:1030 - CMSIS Pack Vendor :STMicroelectronics X-CUBE-AZRTOS-H7 3.4.0
2026-06-10 10:38:27,345 [INFO] ThirdParty:1030 - CMSIS Pack Vendor :STMicroelectronics X-CUBE-DISPLAY 3.0.0
2026-06-10 10:38:27,346 [INFO] ThirdParty:1030 - CMSIS Pack Vendor :wolfSSL I-CUBE-wolfSSH 1.4.20
2026-06-10 10:38:27,346 [INFO] ThirdParty:1030 - CMSIS Pack Vendor :STMicroelectronics X-CUBE-NFC7 2.0.0
2026-06-10 10:38:27,346 [INFO] ThirdParty:1030 - CMSIS Pack Vendor :STMicroelectronics X-CUBE-GNSS1 7.1.1
2026-06-10 10:38:27,346 [INFO] ThirdParty:1030 - CMSIS Pack Vendor :STMicroelectronics FP-SNS-MOTENVWB1 1.5.0
2026-06-10 10:38:27,347 [INFO] ThirdParty:1030 - CMSIS Pack Vendor :STMicroelectronics X-CUBE-TCPP 4.2.0
2026-06-10 10:38:27,348 [INFO] ThirdParty:1030 - CMSIS Pack Vendor :RealThread X-CUBE-RT-Thread_Nano 4.1.1
2026-06-10 10:38:27,348 [INFO] ThirdParty:1030 - CMSIS Pack Vendor :STMicroelectronics FP-ATR-SIGFOX1 3.2.0
2026-06-10 10:38:27,349 [INFO] ThirdParty:1030 - CMSIS Pack Vendor :STMicroelectronics X-CUBE-NFC10 1.0.0
2026-06-10 10:38:27,349 [INFO] ThirdParty:1030 - CMSIS Pack Vendor :STMicroelectronics HAL Drivers 0.0.0
2026-06-10 10:38:27,349 [INFO] ThirdParty:1030 - CMSIS Pack Vendor :STMicroelectronics X-CUBE-FREERTOS 1.5.0
2026-06-10 10:38:27,349 [INFO] ThirdParty:1030 - CMSIS Pack Vendor :STMicroelectronics MBEDTLS 2.16.2
2026-06-10 10:38:27,350 [INFO] ThirdParty:1030 - CMSIS Pack Vendor :STMicroelectronics X-CUBE-ST60 1.1.0
2026-06-10 10:38:27,350 [INFO] ThirdParty:1030 - CMSIS Pack Vendor :STMicroelectronics X-CUBE-ALS 1.0.2
2026-06-10 10:38:27,350 [INFO] ThirdParty:1030 - CMSIS Pack Vendor :emotas I-CUBE-CANOPEN 1.3.0
2026-06-10 10:38:27,350 [INFO] ThirdParty:1030 - CMSIS Pack Vendor :STMicroelectronics MBEDTLS 2.14.1
2026-06-10 10:38:27,350 [INFO] ThirdParty:1030 - CMSIS Pack Vendor :STMicroelectronics X-CUBE-GNSS1 7.1.0
2026-06-10 10:38:27,350 [INFO] ThirdParty:1030 - CMSIS Pack Vendor :ITTIA_DB I-CUBE-ITTIADB 8.9.0
2026-06-10 10:38:27,350 [INFO] ThirdParty:1030 - CMSIS Pack Vendor :STMicroelectronics X-CUBE-TOUCHGFX 4.26.0
2026-06-10 10:38:27,351 [INFO] ThirdParty:1030 - CMSIS Pack Vendor :STMicroelectronics X-CUBE-TOUCHGFX 4.26.1
2026-06-10 10:38:27,351 [INFO] ThirdParty:1030 - CMSIS Pack Vendor :STMicroelectronics X-CUBE-NFC6 3.2.0
2026-06-10 10:38:27,351 [INFO] ThirdParty:1030 - CMSIS Pack Vendor :STMicroelectronics FP-SNS-STBOX1 2.1.0
2026-06-10 10:38:27,351 [INFO] ThirdParty:1030 - CMSIS Pack Vendor :STMicroelectronics X-CUBE-AI 10.2.0
2026-06-10 10:38:27,351 [INFO] ThirdParty:1030 - CMSIS Pack Vendor :STMicroelectronics FP-SNS-STAIOTCFT 1.0.0
2026-06-10 10:38:27,351 [INFO] ThirdParty:1030 - CMSIS Pack Vendor :STMicroelectronics ThreadX 1.0.0
2026-06-10 10:38:27,351 [INFO] ThirdParty:1030 - CMSIS Pack Vendor :STMicroelectronics FP-SNS-SMARTAG2 1.2.0
2026-06-10 10:38:27,352 [INFO] ThirdParty:1030 - CMSIS Pack Vendor :STMicroelectronics X-CUBE-MEMS1 12.1.0
2026-06-10 10:38:27,352 [INFO] ThirdParty:1030 - CMSIS Pack Vendor :STMicroelectronics FP-SNS-FLIGHT1 5.1.0
2026-06-10 10:38:27,352 [INFO] ThirdParty:1030 - CMSIS Pack Vendor :STMicroelectronics X-CUBE-AZRTOS-WL 2.0.0
2026-06-10 10:38:27,352 [INFO] ThirdParty:1030 - CMSIS Pack Vendor :SEGGER I-CUBE-embOS 1.3.1
2026-06-10 10:38:27,352 [INFO] ThirdParty:1030 - CMSIS Pack Vendor :STMicroelectronics X-CUBE-ALGOBUILD 1.4.0
2026-06-10 10:38:27,352 [INFO] ThirdParty:1030 - CMSIS Pack Vendor :STMicroelectronics X-CUBE-DPower 1.3.0
2026-06-10 10:38:27,352 [INFO] ThirdParty:1030 - CMSIS Pack Vendor :STMicroelectronics USB_DEVICE 1.0.0
2026-06-10 10:38:27,353 [INFO] ThirdParty:1030 - CMSIS Pack Vendor :STMicroelectronics X-CUBE-AZRTOS-H7RS 1.2.0
2026-06-10 10:38:27,353 [INFO] ThirdParty:1030 - CMSIS Pack Vendor :STMicroelectronics X-CUBE-AZRTOS-L4 2.0.0
2026-06-10 10:38:27,353 [INFO] ThirdParty:1030 - CMSIS Pack Vendor :STMicroelectronics ThreadX 0.0.2
2026-06-10 10:38:27,353 [INFO] ThirdParty:1030 - CMSIS Pack Vendor :STMicroelectronics lwIP 2.1.2
2026-06-10 10:38:27,353 [INFO] ThirdParty:1030 - CMSIS Pack Vendor :STMicroelectronics X-CUBE-SFXS2LP1 4.0.0
2026-06-10 10:38:27,353 [INFO] ThirdParty:1030 - CMSIS Pack Vendor :STMicroelectronics X-CUBE-BLE2 3.3.0
2026-06-10 10:38:27,353 [INFO] ThirdParty:1030 - CMSIS Pack Vendor :Avnet-IOTCONNECT X-CUBE-iotc-st67-sdk 1.0.0
2026-06-10 10:38:27,353 [INFO] ThirdParty:1030 - CMSIS Pack Vendor :STMicroelectronics X-CUBE-TOF1 3.4.3
2026-06-10 10:38:27,354 [INFO] ThirdParty:1030 - CMSIS Pack Vendor :Infineon AIROC-Wi-Fi-Bluetooth-STM32 1.8.0
2026-06-10 10:38:27,354 [INFO] ThirdParty:1030 - CMSIS Pack Vendor :STMicroelectronics PDM2PCM 3.2.0
2026-06-10 10:38:27,354 [INFO] ThirdParty:1030 - CMSIS Pack Vendor :STMicroelectronics X-CUBE-WB05N 2.1.0
2026-06-10 10:38:27,354 [INFO] ThirdParty:1030 - CMSIS Pack Vendor :STMicroelectronics X-CUBE-ST67W61 1.2.0
2026-06-10 10:38:27,354 [INFO] ThirdParty:841 - exiting critical section [change project]
2026-06-10 10:38:29,599 [INFO] PinOutPanel:1589 - setPackage(No Configuration,No Configuration)
2026-06-10 10:38:29,615 [INFO] PinOutPanel:1589 - setPackage(STM32F207ZGTx,LQFP144)
2026-06-10 10:38:31,452 [INFO] UtilMem:75 - Before build in PCC Used Memory: 662700032 Bytes (1073741824)
2026-06-10 10:38:35,332 [INFO] UtilMem:75 - After build in PCC Used Memory: 724043776 Bytes (1073741824)
2026-06-10 10:38:35,839 [INFO] ApiDbMcu:532 - Load IP Config File for FREERTOS
2026-06-10 10:38:35,870 [INFO] ApiDbMcu:532 - Load IP Config File for LWIP
2026-06-10 10:38:35,994 [INFO] IPUIPlugin:80 - create IPUIPlugin
2026-06-10 10:38:35,994 [INFO] IPUIPlugin:80 - create IPUIPlugin
2026-06-10 10:38:35,995 [INFO] IPUIPlugin:80 - create IPUIPlugin
2026-06-10 10:38:35,995 [INFO] IPUIPlugin:80 - create IPUIPlugin
2026-06-10 10:38:35,995 [INFO] IPUIPlugin:80 - create IPUIPlugin
2026-06-10 10:38:35,996 [INFO] IPUIPlugin:80 - create IPUIPlugin
2026-06-10 10:38:35,997 [INFO] IPUIPlugin:80 - create IPUIPlugin
2026-06-10 10:38:35,997 [INFO] IPUIPlugin:80 - create IPUIPlugin
2026-06-10 10:38:35,999 [INFO] IPUIPlugin:80 - create IPUIPlugin
2026-06-10 10:38:35,999 [INFO] IPUIPlugin:80 - create IPUIPlugin
2026-06-10 10:38:36,000 [INFO] IPUIPlugin:80 - create IPUIPlugin
2026-06-10 10:38:36,001 [INFO] IPUIPlugin:80 - create IPUIPlugin
2026-06-10 10:38:36,001 [INFO] IPUIPlugin:80 - create IPUIPlugin
2026-06-10 10:38:36,002 [INFO] IPUIPlugin:80 - create IPUIPlugin
2026-06-10 10:38:36,003 [INFO] IPUIPlugin:80 - create IPUIPlugin
2026-06-10 10:38:36,003 [INFO] IPUIPlugin:80 - create IPUIPlugin
2026-06-10 10:38:36,003 [INFO] IPUIPlugin:80 - create IPUIPlugin
2026-06-10 10:38:36,004 [INFO] IPUIPlugin:80 - create IPUIPlugin
2026-06-10 10:38:36,005 [INFO] IPUIPlugin:80 - create IPUIPlugin
2026-06-10 10:38:36,005 [INFO] IPUIPlugin:80 - create IPUIPlugin
2026-06-10 10:38:36,006 [INFO] IPUIPlugin:80 - create IPUIPlugin
2026-06-10 10:38:36,007 [INFO] IPUIPlugin:80 - create IPUIPlugin
2026-06-10 10:38:36,009 [INFO] IPUIPlugin:80 - create IPUIPlugin
2026-06-10 10:38:36,010 [INFO] IPUIPlugin:80 - create IPUIPlugin
2026-06-10 10:38:36,011 [INFO] IPUIPlugin:80 - create IPUIPlugin
2026-06-10 10:38:36,012 [INFO] IPUIPlugin:80 - create IPUIPlugin
2026-06-10 10:38:36,013 [INFO] IPUIPlugin:80 - create IPUIPlugin
2026-06-10 10:38:36,014 [INFO] IPUIPlugin:80 - create IPUIPlugin
2026-06-10 10:38:36,014 [INFO] IPUIPlugin:80 - create IPUIPlugin
2026-06-10 10:38:36,015 [INFO] IPUIPlugin:80 - create IPUIPlugin
2026-06-10 10:38:36,016 [INFO] IPUIPlugin:80 - create IPUIPlugin
2026-06-10 10:38:36,017 [INFO] IPUIPlugin:80 - create IPUIPlugin
2026-06-10 10:38:36,019 [INFO] IPUIPlugin:80 - create IPUIPlugin
2026-06-10 10:38:36,020 [INFO] IPUIPlugin:80 - create IPUIPlugin
2026-06-10 10:38:36,021 [INFO] IPUIPlugin:80 - create IPUIPlugin
2026-06-10 10:38:36,022 [INFO] IPUIPlugin:80 - create IPUIPlugin
2026-06-10 10:38:36,025 [INFO] IPUIPlugin:80 - create IPUIPlugin
2026-06-10 10:38:36,027 [INFO] IPUIPlugin:80 - create IPUIPlugin
2026-06-10 10:38:36,028 [INFO] IPUIPlugin:80 - create IPUIPlugin
2026-06-10 10:38:36,030 [INFO] IPUIPlugin:80 - create IPUIPlugin
2026-06-10 10:38:36,031 [INFO] IPUIPlugin:80 - create IPUIPlugin
2026-06-10 10:38:36,032 [INFO] IPUIPlugin:80 - create IPUIPlugin
2026-06-10 10:38:36,033 [INFO] IPUIPlugin:80 - create IPUIPlugin
2026-06-10 10:38:36,034 [INFO] IPUIPlugin:80 - create IPUIPlugin
2026-06-10 10:38:36,035 [INFO] IPUIPlugin:80 - create IPUIPlugin
2026-06-10 10:38:36,036 [INFO] IPUIPlugin:80 - create IPUIPlugin
2026-06-10 10:38:36,037 [INFO] IPUIPlugin:80 - create IPUIPlugin
2026-06-10 10:38:36,038 [INFO] IPUIPlugin:80 - create IPUIPlugin
2026-06-10 10:38:36,039 [INFO] IPUIPlugin:80 - create IPUIPlugin
2026-06-10 10:38:36,041 [INFO] IPUIPlugin:80 - create IPUIPlugin
2026-06-10 10:38:36,042 [INFO] IPUIPlugin:80 - create IPUIPlugin
2026-06-10 10:38:36,044 [INFO] IPUIPlugin:80 - create IPUIPlugin
2026-06-10 10:38:36,045 [INFO] IPUIPlugin:80 - create IPUIPlugin
2026-06-10 10:38:36,047 [INFO] IPUIPlugin:80 - create IPUIPlugin
2026-06-10 10:38:36,048 [INFO] IPUIPlugin:80 - create IPUIPlugin
2026-06-10 10:38:36,049 [INFO] IPUIPlugin:80 - create IPUIPlugin
2026-06-10 10:38:36,050 [INFO] IPUIPlugin:80 - create IPUIPlugin
2026-06-10 10:38:36,051 [INFO] IPUIPlugin:80 - create IPUIPlugin
2026-06-10 10:38:36,104 [INFO] ApiDbMcu:532 - Load IP Config File for PDM2PCM
2026-06-10 10:38:36,243 [WARN] FreeRTOS:1023 - Null or empty value: should not occur! (nothing added to the table)
2026-06-10 10:38:37,309 [INFO] CADModel:165 - CPN selected for project levelSTM32F207ZGT6
2026-06-10 10:38:37,309 [INFO] CADModel:114 - Register for checkConnection events
2026-06-10 10:38:37,317 [INFO] RtosManager:728 - Active RTOS found at IOC load: FREERTOS [Cortex-M3NS]
2026-06-10 10:38:37,392 [INFO] OpenFileManager:386 - Restore cursor
2026-06-10 10:38:38,061 [WARN] IP:2250 - lpm_enable not found: check if there is a RefParameter without a condition.
2026-06-10 10:38:38,062 [WARN] IP:2250 - lpm_enable not found: check if there is a RefParameter without a condition.
2026-06-10 10:38:38,114 [WARN] IP:2250 - LWIP_NETIF_HOSTNAME_NAME not found: check if there is a RefParameter without a condition.
2026-06-10 10:38:38,227 [WARN] IP:2250 - LWIP_NETIF_HOSTNAME_NAME not found: check if there is a RefParameter without a condition.
2026-06-10 10:38:50,211 [WARN] IP:2250 - LWIP_NETIF_HOSTNAME_NAME not found: check if there is a RefParameter without a condition.
2026-06-10 10:39:17,795 [WARN] IP:2250 - LWIP_NETIF_HOSTNAME_NAME not found: check if there is a RefParameter without a condition.
2026-06-10 10:39:17,833 [WARN] IP:2250 - LWIP_NETIF_HOSTNAME_NAME not found: check if there is a RefParameter without a condition.
2026-06-10 10:39:17,959 [WARN] IP:2250 - LWIP_NETIF_HOSTNAME_NAME not found: check if there is a RefParameter without a condition.
2026-06-10 10:41:19,912 [INFO] UtilMem:75 - End SaveConfig() Used Memory: 891727920 Bytes (1073741824)
2026-06-10 10:41:23,778 [INFO] UtilMem:75 - End SaveConfig() Used Memory: 924233776 Bytes (1073741824)
2026-06-10 10:41:30,396 [INFO] UtilMem:75 - End SaveConfig() Used Memory: 763796208 Bytes (1073741824)
2026-06-10 10:41:34,562 [INFO] BlockDiagram:2775 - set Specific Code input for plugin: FREERTOS
2026-06-10 10:41:34,563 [INFO] BlockDiagram:2775 - set Specific Code input for plugin: SYS
2026-06-10 10:41:34,564 [INFO] BlockDiagram:2775 - set Specific Code input for plugin: RCC
2026-06-10 10:41:34,564 [INFO] BlockDiagram:2775 - set Specific Code input for plugin: USB_OTG_FS
2026-06-10 10:41:34,565 [INFO] BlockDiagram:2775 - set Specific Code input for plugin: NVIC
2026-06-10 10:41:34,566 [INFO] BlockDiagram:2775 - set Specific Code input for plugin: LWIP
2026-06-10 10:41:34,568 [INFO] BlockDiagram:2775 - set Specific Code input for plugin: USART
2026-06-10 10:41:34,572 [INFO] BlockDiagram:2775 - set Specific Code input for plugin: GPIO
2026-06-10 10:41:34,572 [INFO] BlockDiagram:2775 - set Specific Code input for plugin: ETH
2026-06-10 10:41:34,580 [INFO] CodeGenerator:892 - code generatio: config db path: C:\ST\STM32CubeIDE_1.19.0\STM32CubeIDE\plugins\com.st.stm32cube.common.mx_6.15.0.202507011659\\db\
2026-06-10 10:41:34,661 [WARN] IP:2250 - LWIP_NETIF_HOSTNAME_NAME not found: check if there is a RefParameter without a condition.
2026-06-10 10:41:34,836 [WARN] IP:2250 - lpm_enable not found: check if there is a RefParameter without a condition.
2026-06-10 10:41:35,418 [INFO] CodeEngine:265 - oldGeneratedFile, C:\Users\ASUS\STM32CubeIDE\workspace_ETH_LWIP\LWIP_ETH\MXTmpFiles\license.tmp_save
2026-06-10 10:41:37,563 [INFO] CodeEngine:289 - Generated code: C:\Users\ASUS\STM32CubeIDE\workspace_ETH_LWIP\LWIP_ETH\MXTmpFiles\license.tmp
2026-06-10 10:41:38,204 [INFO] CodeEngine:265 - oldGeneratedFile, C:\Users\ASUS\STM32CubeIDE\workspace_ETH_LWIP\LWIP_ETH\MXTmpFiles\gpio.tmp_save
2026-06-10 10:41:38,998 [INFO] CodeEngine:289 - Generated code: C:\Users\ASUS\STM32CubeIDE\workspace_ETH_LWIP\LWIP_ETH\MXTmpFiles\gpio.tmp
2026-06-10 10:41:39,851 [INFO] CodeEngine:265 - oldGeneratedFile, C:\Users\ASUS\STM32CubeIDE\workspace_ETH_LWIP\LWIP_ETH\MXTmpFiles\eth_vars.tmp_save
2026-06-10 10:41:40,556 [INFO] CodeEngine:289 - Generated code: C:\Users\ASUS\STM32CubeIDE\workspace_ETH_LWIP\LWIP_ETH\MXTmpFiles\eth_vars.tmp
2026-06-10 10:41:40,627 [INFO] CodeEngine:265 - oldGeneratedFile, C:\Users\ASUS\STM32CubeIDE\workspace_ETH_LWIP\LWIP_ETH\MXTmpFiles\eth_inc.tmp_save
2026-06-10 10:41:41,289 [INFO] CodeEngine:289 - Generated code: C:\Users\ASUS\STM32CubeIDE\workspace_ETH_LWIP\LWIP_ETH\MXTmpFiles\eth_inc.tmp
2026-06-10 10:41:41,326 [INFO] CodeEngine:265 - oldGeneratedFile, C:\Users\ASUS\STM32CubeIDE\workspace_ETH_LWIP\LWIP_ETH\MXTmpFiles\eth_HalInit.tmp_save
2026-06-10 10:41:41,866 [INFO] CodeEngine:289 - Generated code: C:\Users\ASUS\STM32CubeIDE\workspace_ETH_LWIP\LWIP_ETH\MXTmpFiles\eth_HalInit.tmp
2026-06-10 10:41:41,905 [INFO] CodeEngine:265 - oldGeneratedFile, C:\Users\ASUS\STM32CubeIDE\workspace_ETH_LWIP\LWIP_ETH\MXTmpFiles\eth_Msp.tmp_save
2026-06-10 10:41:43,172 [INFO] CodeEngine:289 - Generated code: C:\Users\ASUS\STM32CubeIDE\workspace_ETH_LWIP\LWIP_ETH\MXTmpFiles\eth_Msp.tmp
2026-06-10 10:41:44,913 [INFO] Middleware:1452 - No code input for Bsp Dependency
2026-06-10 10:41:44,967 [INFO] CodeEngine:265 - oldGeneratedFile, C:\Users\ASUS\STM32CubeIDE\workspace_ETH_LWIP\LWIP_ETH\MXTmpFiles\rtos_inc.tmp_save
2026-06-10 10:41:45,356 [INFO] CodeEngine:289 - Generated code: C:\Users\ASUS\STM32CubeIDE\workspace_ETH_LWIP\LWIP_ETH\MXTmpFiles\rtos_inc.tmp
2026-06-10 10:41:45,391 [INFO] CodeEngine:265 - oldGeneratedFile, C:\Users\ASUS\STM32CubeIDE\workspace_ETH_LWIP\LWIP_ETH\MXTmpFiles\rtos_kernelInit.tmp_save
2026-06-10 10:41:45,802 [INFO] CodeEngine:289 - Generated code: C:\Users\ASUS\STM32CubeIDE\workspace_ETH_LWIP\LWIP_ETH\MXTmpFiles\rtos_kernelInit.tmp
2026-06-10 10:41:45,831 [INFO] CodeEngine:265 - oldGeneratedFile, C:\Users\ASUS\STM32CubeIDE\workspace_ETH_LWIP\LWIP_ETH\MXTmpFiles\rtos_kernelStart.tmp_save
2026-06-10 10:41:46,104 [INFO] CodeEngine:289 - Generated code: C:\Users\ASUS\STM32CubeIDE\workspace_ETH_LWIP\LWIP_ETH\MXTmpFiles\rtos_kernelStart.tmp
2026-06-10 10:41:46,130 [INFO] CodeEngine:265 - oldGeneratedFile, C:\Users\ASUS\STM32CubeIDE\workspace_ETH_LWIP\LWIP_ETH\MXTmpFiles\rtos_typedefs.tmp_save
2026-06-10 10:41:46,377 [INFO] CodeEngine:289 - Generated code: C:\Users\ASUS\STM32CubeIDE\workspace_ETH_LWIP\LWIP_ETH\MXTmpFiles\rtos_typedefs.tmp
2026-06-10 10:41:46,407 [INFO] CodeEngine:265 - oldGeneratedFile, C:\Users\ASUS\STM32CubeIDE\workspace_ETH_LWIP\LWIP_ETH\MXTmpFiles\rtos_vars.tmp_save
2026-06-10 10:41:46,839 [INFO] CodeEngine:289 - Generated code: C:\Users\ASUS\STM32CubeIDE\workspace_ETH_LWIP\LWIP_ETH\MXTmpFiles\rtos_vars.tmp
2026-06-10 10:41:46,878 [INFO] CodeEngine:265 - oldGeneratedFile, C:\Users\ASUS\STM32CubeIDE\workspace_ETH_LWIP\LWIP_ETH\MXTmpFiles\rtos_pfp.tmp_save
2026-06-10 10:41:47,144 [INFO] CodeEngine:289 - Generated code: C:\Users\ASUS\STM32CubeIDE\workspace_ETH_LWIP\LWIP_ETH\MXTmpFiles\rtos_pfp.tmp
2026-06-10 10:41:47,173 [INFO] CodeEngine:265 - oldGeneratedFile, C:\Users\ASUS\STM32CubeIDE\workspace_ETH_LWIP\LWIP_ETH\MXTmpFiles\rtos_obj_creat.tmp_save
2026-06-10 10:41:47,433 [INFO] CodeEngine:289 - Generated code: C:\Users\ASUS\STM32CubeIDE\workspace_ETH_LWIP\LWIP_ETH\MXTmpFiles\rtos_obj_creat.tmp
2026-06-10 10:41:47,454 [INFO] CodeEngine:265 - oldGeneratedFile, C:\Users\ASUS\STM32CubeIDE\workspace_ETH_LWIP\LWIP_ETH\MXTmpFiles\rtos_default_thread.tmp_save
2026-06-10 10:41:47,663 [INFO] CodeEngine:289 - Generated code: C:\Users\ASUS\STM32CubeIDE\workspace_ETH_LWIP\LWIP_ETH\MXTmpFiles\rtos_default_thread.tmp
2026-06-10 10:41:47,690 [INFO] CodeEngine:265 - oldGeneratedFile, C:\Users\ASUS\STM32CubeIDE\workspace_ETH_LWIP\LWIP_ETH\MXTmpFiles\rtos_threads.tmp_save
2026-06-10 10:41:47,947 [INFO] CodeEngine:289 - Generated code: C:\Users\ASUS\STM32CubeIDE\workspace_ETH_LWIP\LWIP_ETH\MXTmpFiles\rtos_threads.tmp
2026-06-10 10:41:48,033 [INFO] Middleware:1452 - No code input for Bsp Dependency
2026-06-10 10:41:48,205 [INFO] Middleware:1452 - No code input for Bsp Dependency
2026-06-10 10:41:48,262 [INFO] CodeEngine:265 - oldGeneratedFile, C:\Users\ASUS\STM32CubeIDE\workspace_ETH_LWIP\LWIP_ETH\MXTmpFiles\rtos_inc.tmp_save
2026-06-10 10:41:49,074 [INFO] CodeEngine:289 - Generated code: C:\Users\ASUS\STM32CubeIDE\workspace_ETH_LWIP\LWIP_ETH\MXTmpFiles\rtos_inc.tmp
2026-06-10 10:41:49,109 [INFO] CodeEngine:265 - oldGeneratedFile, C:\Users\ASUS\STM32CubeIDE\workspace_ETH_LWIP\LWIP_ETH\MXTmpFiles\rtos_kernelInit.tmp_save
2026-06-10 10:41:49,350 [INFO] CodeEngine:289 - Generated code: C:\Users\ASUS\STM32CubeIDE\workspace_ETH_LWIP\LWIP_ETH\MXTmpFiles\rtos_kernelInit.tmp
2026-06-10 10:41:49,404 [INFO] CodeEngine:265 - oldGeneratedFile, C:\Users\ASUS\STM32CubeIDE\workspace_ETH_LWIP\LWIP_ETH\MXTmpFiles\rtos_kernelStart.tmp_save
2026-06-10 10:41:49,629 [INFO] CodeEngine:289 - Generated code: C:\Users\ASUS\STM32CubeIDE\workspace_ETH_LWIP\LWIP_ETH\MXTmpFiles\rtos_kernelStart.tmp
2026-06-10 10:41:49,649 [INFO] CodeEngine:265 - oldGeneratedFile, C:\Users\ASUS\STM32CubeIDE\workspace_ETH_LWIP\LWIP_ETH\MXTmpFiles\rtos_typedefs.tmp_save
2026-06-10 10:41:49,864 [INFO] CodeEngine:289 - Generated code: C:\Users\ASUS\STM32CubeIDE\workspace_ETH_LWIP\LWIP_ETH\MXTmpFiles\rtos_typedefs.tmp
2026-06-10 10:41:49,886 [INFO] CodeEngine:265 - oldGeneratedFile, C:\Users\ASUS\STM32CubeIDE\workspace_ETH_LWIP\LWIP_ETH\MXTmpFiles\rtos_vars.tmp_save
2026-06-10 10:41:50,097 [INFO] CodeEngine:289 - Generated code: C:\Users\ASUS\STM32CubeIDE\workspace_ETH_LWIP\LWIP_ETH\MXTmpFiles\rtos_vars.tmp
2026-06-10 10:41:50,130 [INFO] CodeEngine:265 - oldGeneratedFile, C:\Users\ASUS\STM32CubeIDE\workspace_ETH_LWIP\LWIP_ETH\MXTmpFiles\rtos_pfp.tmp_save
2026-06-10 10:41:50,299 [INFO] CodeEngine:289 - Generated code: C:\Users\ASUS\STM32CubeIDE\workspace_ETH_LWIP\LWIP_ETH\MXTmpFiles\rtos_pfp.tmp
2026-06-10 10:41:50,331 [INFO] CodeEngine:265 - oldGeneratedFile, C:\Users\ASUS\STM32CubeIDE\workspace_ETH_LWIP\LWIP_ETH\MXTmpFiles\rtos_obj_creat.tmp_save
2026-06-10 10:41:50,522 [INFO] CodeEngine:289 - Generated code: C:\Users\ASUS\STM32CubeIDE\workspace_ETH_LWIP\LWIP_ETH\MXTmpFiles\rtos_obj_creat.tmp
2026-06-10 10:41:50,547 [INFO] CodeEngine:265 - oldGeneratedFile, C:\Users\ASUS\STM32CubeIDE\workspace_ETH_LWIP\LWIP_ETH\MXTmpFiles\rtos_default_thread.tmp_save
2026-06-10 10:41:50,717 [INFO] CodeEngine:289 - Generated code: C:\Users\ASUS\STM32CubeIDE\workspace_ETH_LWIP\LWIP_ETH\MXTmpFiles\rtos_default_thread.tmp
2026-06-10 10:41:50,744 [INFO] CodeEngine:265 - oldGeneratedFile, C:\Users\ASUS\STM32CubeIDE\workspace_ETH_LWIP\LWIP_ETH\MXTmpFiles\rtos_threads.tmp_save
2026-06-10 10:41:50,918 [INFO] CodeEngine:289 - Generated code: C:\Users\ASUS\STM32CubeIDE\workspace_ETH_LWIP\LWIP_ETH\MXTmpFiles\rtos_threads.tmp
2026-06-10 10:41:50,948 [INFO] CodeEngine:265 - oldGeneratedFile, C:\Users\ASUS\STM32CubeIDE\workspace_ETH_LWIP\LWIP_ETH\Core\Inc\FreeRTOSConfig.h_save
2026-06-10 10:41:51,241 [INFO] CodeEngine:289 - Generated code: C:\Users\ASUS\STM32CubeIDE\workspace_ETH_LWIP\LWIP_ETH\Core\Inc\FreeRTOSConfig.h
2026-06-10 10:41:51,295 [INFO] CodeEngine:265 - oldGeneratedFile, C:\Users\ASUS\STM32CubeIDE\workspace_ETH_LWIP\LWIP_ETH\Core\Src\freertos.c_save
2026-06-10 10:41:51,643 [INFO] CodeEngine:289 - Generated code: C:\Users\ASUS\STM32CubeIDE\workspace_ETH_LWIP\LWIP_ETH\Core\Src\freertos.c
2026-06-10 10:41:51,708 [INFO] Middleware:1452 - No code input for Bsp Dependency
2026-06-10 10:41:51,789 [INFO] CodeEngine:265 - oldGeneratedFile, C:\Users\ASUS\STM32CubeIDE\workspace_ETH_LWIP\LWIP_ETH\LWIP\App\lwip.c_save
2026-06-10 10:41:52,340 [INFO] CodeEngine:289 - Generated code: C:\Users\ASUS\STM32CubeIDE\workspace_ETH_LWIP\LWIP_ETH\LWIP\App\lwip.c
2026-06-10 10:41:52,402 [INFO] CodeEngine:265 - oldGeneratedFile, C:\Users\ASUS\STM32CubeIDE\workspace_ETH_LWIP\LWIP_ETH\LWIP\App\lwip.h_save
2026-06-10 10:41:52,764 [INFO] CodeEngine:289 - Generated code: C:\Users\ASUS\STM32CubeIDE\workspace_ETH_LWIP\LWIP_ETH\LWIP\App\lwip.h
2026-06-10 10:41:52,814 [INFO] CodeEngine:265 - oldGeneratedFile, C:\Users\ASUS\STM32CubeIDE\workspace_ETH_LWIP\LWIP_ETH\LWIP\Target\lwipopts.h_save
2026-06-10 10:41:53,625 [INFO] CodeEngine:289 - Generated code: C:\Users\ASUS\STM32CubeIDE\workspace_ETH_LWIP\LWIP_ETH\LWIP\Target\lwipopts.h
2026-06-10 10:41:53,668 [INFO] CodeEngine:265 - oldGeneratedFile, C:\Users\ASUS\STM32CubeIDE\workspace_ETH_LWIP\LWIP_ETH\LWIP\Target\ethernetif.c_save
2026-06-10 10:41:53,975 [INFO] CodeEngine:289 - Generated code: C:\Users\ASUS\STM32CubeIDE\workspace_ETH_LWIP\LWIP_ETH\LWIP\Target\ethernetif.c
2026-06-10 10:41:54,011 [INFO] CodeEngine:265 - oldGeneratedFile, C:\Users\ASUS\STM32CubeIDE\workspace_ETH_LWIP\LWIP_ETH\LWIP\Target\ethernetif.h_save
2026-06-10 10:41:54,239 [INFO] CodeEngine:289 - Generated code: C:\Users\ASUS\STM32CubeIDE\workspace_ETH_LWIP\LWIP_ETH\LWIP\Target\ethernetif.h
2026-06-10 10:41:54,293 [INFO] CodeEngine:265 - oldGeneratedFile, C:\Users\ASUS\STM32CubeIDE\workspace_ETH_LWIP\LWIP_ETH\Core\Src\stm32f2xx_it.c_save
2026-06-10 10:41:54,700 [INFO] CodeEngine:289 - Generated code: C:\Users\ASUS\STM32CubeIDE\workspace_ETH_LWIP\LWIP_ETH\Core\Src\stm32f2xx_it.c
2026-06-10 10:41:54,745 [INFO] CodeEngine:265 - oldGeneratedFile, C:\Users\ASUS\STM32CubeIDE\workspace_ETH_LWIP\LWIP_ETH\Core\Inc\stm32f2xx_it.h_save
2026-06-10 10:41:55,176 [INFO] CodeEngine:289 - Generated code: C:\Users\ASUS\STM32CubeIDE\workspace_ETH_LWIP\LWIP_ETH\Core\Inc\stm32f2xx_it.h
2026-06-10 10:41:55,269 [INFO] CodeEngine:265 - oldGeneratedFile, C:\Users\ASUS\STM32CubeIDE\workspace_ETH_LWIP\LWIP_ETH\Core\Src\stm32f2xx_hal_msp.c_save
2026-06-10 10:41:55,780 [INFO] CodeEngine:289 - Generated code: C:\Users\ASUS\STM32CubeIDE\workspace_ETH_LWIP\LWIP_ETH\Core\Src\stm32f2xx_hal_msp.c
2026-06-10 10:41:55,813 [INFO] CodeEngine:265 - oldGeneratedFile, C:\Users\ASUS\STM32CubeIDE\workspace_ETH_LWIP\LWIP_ETH\MXTmpFiles\system.tmp_save
2026-06-10 10:41:56,061 [INFO] CodeEngine:289 - Generated code: C:\Users\ASUS\STM32CubeIDE\workspace_ETH_LWIP\LWIP_ETH\MXTmpFiles\system.tmp
2026-06-10 10:41:56,090 [INFO] CodeEngine:265 - oldGeneratedFile, C:\Users\ASUS\STM32CubeIDE\workspace_ETH_LWIP\LWIP_ETH\Core\Src\stm32f2xx_hal_timebase_tim.c_save
2026-06-10 10:41:56,305 [INFO] CodeEngine:289 - Generated code: C:\Users\ASUS\STM32CubeIDE\workspace_ETH_LWIP\LWIP_ETH\Core\Src\stm32f2xx_hal_timebase_tim.c
2026-06-10 10:41:56,351 [INFO] CodeEngine:321 - oldGeneratedFile, C:\Users\ASUS\STM32CubeIDE\workspace_ETH_LWIP\LWIP_ETH\Core\Inc\stm32f2xx_hal_conf.h_save
2026-06-10 10:41:56,533 [INFO] CodeEngine:345 - Generated code: C:\Users\ASUS\STM32CubeIDE\workspace_ETH_LWIP\LWIP_ETH\Core\Inc\stm32f2xx_hal_conf.h
2026-06-10 10:41:56,625 [INFO] ApiDbMcu:532 - Load IP Config File for USART3
2026-06-10 10:41:56,636 [INFO] ApiDbMcu:532 - Load IP Config File for USB_OTG_FS
2026-06-10 10:41:56,650 [INFO] ApiDbMcu:532 - Load IP Config File for RCC
2026-06-10 10:41:56,670 [WARN] IPConfigManager:3811 - IP not found : USB_OTG
2026-06-10 10:41:56,674 [WARN] CodeGenerator:4259 - IP not found : null
2026-06-10 10:41:56,720 [INFO] CodeEngine:265 - oldGeneratedFile, C:\Users\ASUS\STM32CubeIDE\workspace_ETH_LWIP\LWIP_ETH\Core\Inc\main.h_save
2026-06-10 10:41:57,222 [INFO] CodeEngine:289 - Generated code: C:\Users\ASUS\STM32CubeIDE\workspace_ETH_LWIP\LWIP_ETH\Core\Inc\main.h
2026-06-10 10:41:57,264 [INFO] CodeEngine:265 - oldGeneratedFile, C:\Users\ASUS\STM32CubeIDE\workspace_ETH_LWIP\LWIP_ETH\Core\Src\main.c_save
2026-06-10 10:41:58,191 [INFO] CodeEngine:289 - Generated code: C:\Users\ASUS\STM32CubeIDE\workspace_ETH_LWIP\LWIP_ETH\Core\Src\main.c
2026-06-10 10:42:04,148 [INFO] ProjectBuilder:3606 - Time for Copy HAL[1] : 3899mS.
2026-06-10 10:42:04,293 [INFO] ProjectBuilder:5216 - Project Generator version: 4.7.0-B52
2026-06-10 10:42:04,848 [INFO] ConfigFileManager:1595 - The Die is : DIE411
2026-06-10 10:42:04,883 [INFO] ApiDbMcu:532 - Load IP Config File for FATFS
2026-06-10 10:42:04,893 [INFO] ApiDbMcu:532 - Load IP Config File for LIBJPEG
2026-06-10 10:42:04,930 [INFO] ApiDbMcu:532 - Load IP Config File for MBEDTLS
2026-06-10 10:42:04,967 [INFO] ApiDbMcu:532 - Load IP Config File for USB_DEVICE
2026-06-10 10:42:04,984 [INFO] ApiDbMcu:532 - Load IP Config File for USB_HOST
2026-06-10 10:42:06,945 [INFO] LogOutputStream:77 - [STDOUT_REDIRECT] 
2026-06-10 10:42:25,064 [INFO] ProjectBuilder:5496 - Time for Generating toolchain IDE Files: 20770mS.
2026-06-10 10:42:25,073 [INFO] ProjectBuilder:3463 - Time for Copy CMSIS : 6mS.
2026-06-10 10:42:25,332 [INFO] ProjectBuilder:3463 - Time for Copy CMSIS : 1mS.
2026-06-10 11:02:16,474 [WARN] IP:2250 - LWIP_NETIF_HOSTNAME_NAME not found: check if there is a RefParameter without a condition.
2026-06-10 11:02:17,169 [WARN] IP:2250 - LWIP_NETIF_HOSTNAME_NAME not found: check if there is a RefParameter without a condition.
2026-06-10 11:02:17,797 [WARN] IP:2250 - LWIP_NETIF_HOSTNAME_NAME not found: check if there is a RefParameter without a condition.
2026-06-10 11:02:20,585 [INFO] UtilMem:75 - End SaveConfig() Used Memory: 740383224 Bytes (1073741824)
2026-06-10 11:02:23,567 [INFO] UtilMem:75 - End SaveConfig() Used Memory: 769221112 Bytes (1073741824)
2026-06-10 11:02:32,836 [INFO] UtilMem:75 - End SaveConfig() Used Memory: 998859256 Bytes (1073741824)
2026-06-10 11:02:33,870 [INFO] BlockDiagram:2775 - set Specific Code input for plugin: FREERTOS
2026-06-10 11:02:33,870 [INFO] BlockDiagram:2775 - set Specific Code input for plugin: SYS
2026-06-10 11:02:33,870 [INFO] BlockDiagram:2775 - set Specific Code input for plugin: RCC
2026-06-10 11:02:33,870 [INFO] BlockDiagram:2775 - set Specific Code input for plugin: USB_OTG_FS
2026-06-10 11:02:33,870 [INFO] BlockDiagram:2775 - set Specific Code input for plugin: NVIC
2026-06-10 11:02:33,870 [INFO] BlockDiagram:2775 - set Specific Code input for plugin: LWIP
2026-06-10 11:02:33,871 [INFO] BlockDiagram:2775 - set Specific Code input for plugin: USART
2026-06-10 11:02:33,872 [INFO] BlockDiagram:2775 - set Specific Code input for plugin: GPIO
2026-06-10 11:02:33,872 [INFO] BlockDiagram:2775 - set Specific Code input for plugin: ETH
2026-06-10 11:02:33,876 [INFO] CodeGenerator:892 - code generatio: config db path: C:\ST\STM32CubeIDE_1.19.0\STM32CubeIDE\plugins\com.st.stm32cube.common.mx_6.15.0.202507011659\\db\
2026-06-10 11:02:33,911 [WARN] IP:2250 - LWIP_NETIF_HOSTNAME_NAME not found: check if there is a RefParameter without a condition.
2026-06-10 11:02:34,013 [WARN] IP:2250 - lpm_enable not found: check if there is a RefParameter without a condition.
2026-06-10 11:02:34,287 [INFO] CodeEngine:265 - oldGeneratedFile, C:\Users\ASUS\STM32CubeIDE\workspace_ETH_LWIP\LWIP_ETH\MXTmpFiles\license.tmp_save
2026-06-10 11:02:34,832 [INFO] CodeEngine:289 - Generated code: C:\Users\ASUS\STM32CubeIDE\workspace_ETH_LWIP\LWIP_ETH\MXTmpFiles\license.tmp
2026-06-10 11:02:34,987 [INFO] CodeEngine:265 - oldGeneratedFile, C:\Users\ASUS\STM32CubeIDE\workspace_ETH_LWIP\LWIP_ETH\MXTmpFiles\gpio.tmp_save
2026-06-10 11:02:35,330 [INFO] CodeEngine:289 - Generated code: C:\Users\ASUS\STM32CubeIDE\workspace_ETH_LWIP\LWIP_ETH\MXTmpFiles\gpio.tmp
2026-06-10 11:02:35,585 [INFO] CodeEngine:265 - oldGeneratedFile, C:\Users\ASUS\STM32CubeIDE\workspace_ETH_LWIP\LWIP_ETH\MXTmpFiles\eth_vars.tmp_save
2026-06-10 11:02:35,872 [INFO] CodeEngine:289 - Generated code: C:\Users\ASUS\STM32CubeIDE\workspace_ETH_LWIP\LWIP_ETH\MXTmpFiles\eth_vars.tmp
2026-06-10 11:02:35,898 [INFO] CodeEngine:265 - oldGeneratedFile, C:\Users\ASUS\STM32CubeIDE\workspace_ETH_LWIP\LWIP_ETH\MXTmpFiles\eth_inc.tmp_save
2026-06-10 11:02:36,130 [INFO] CodeEngine:289 - Generated code: C:\Users\ASUS\STM32CubeIDE\workspace_ETH_LWIP\LWIP_ETH\MXTmpFiles\eth_inc.tmp
2026-06-10 11:02:36,154 [INFO] CodeEngine:265 - oldGeneratedFile, C:\Users\ASUS\STM32CubeIDE\workspace_ETH_LWIP\LWIP_ETH\MXTmpFiles\eth_HalInit.tmp_save
2026-06-10 11:02:36,427 [INFO] CodeEngine:289 - Generated code: C:\Users\ASUS\STM32CubeIDE\workspace_ETH_LWIP\LWIP_ETH\MXTmpFiles\eth_HalInit.tmp
2026-06-10 11:02:36,450 [INFO] CodeEngine:265 - oldGeneratedFile, C:\Users\ASUS\STM32CubeIDE\workspace_ETH_LWIP\LWIP_ETH\MXTmpFiles\eth_Msp.tmp_save
2026-06-10 11:02:36,750 [INFO] CodeEngine:289 - Generated code: C:\Users\ASUS\STM32CubeIDE\workspace_ETH_LWIP\LWIP_ETH\MXTmpFiles\eth_Msp.tmp
2026-06-10 11:02:37,375 [INFO] Middleware:1452 - No code input for Bsp Dependency
2026-06-10 11:02:37,401 [INFO] CodeEngine:265 - oldGeneratedFile, C:\Users\ASUS\STM32CubeIDE\workspace_ETH_LWIP\LWIP_ETH\MXTmpFiles\rtos_inc.tmp_save
2026-06-10 11:02:37,637 [INFO] CodeEngine:289 - Generated code: C:\Users\ASUS\STM32CubeIDE\workspace_ETH_LWIP\LWIP_ETH\MXTmpFiles\rtos_inc.tmp
2026-06-10 11:02:37,657 [INFO] CodeEngine:265 - oldGeneratedFile, C:\Users\ASUS\STM32CubeIDE\workspace_ETH_LWIP\LWIP_ETH\MXTmpFiles\rtos_kernelInit.tmp_save
2026-06-10 11:02:37,839 [INFO] CodeEngine:289 - Generated code: C:\Users\ASUS\STM32CubeIDE\workspace_ETH_LWIP\LWIP_ETH\MXTmpFiles\rtos_kernelInit.tmp
2026-06-10 11:02:37,858 [INFO] CodeEngine:265 - oldGeneratedFile, C:\Users\ASUS\STM32CubeIDE\workspace_ETH_LWIP\LWIP_ETH\MXTmpFiles\rtos_kernelStart.tmp_save
2026-06-10 11:02:38,060 [INFO] CodeEngine:289 - Generated code: C:\Users\ASUS\STM32CubeIDE\workspace_ETH_LWIP\LWIP_ETH\MXTmpFiles\rtos_kernelStart.tmp
2026-06-10 11:02:38,080 [INFO] CodeEngine:265 - oldGeneratedFile, C:\Users\ASUS\STM32CubeIDE\workspace_ETH_LWIP\LWIP_ETH\MXTmpFiles\rtos_typedefs.tmp_save
2026-06-10 11:02:38,259 [INFO] CodeEngine:289 - Generated code: C:\Users\ASUS\STM32CubeIDE\workspace_ETH_LWIP\LWIP_ETH\MXTmpFiles\rtos_typedefs.tmp
2026-06-10 11:02:38,273 [INFO] CodeEngine:265 - oldGeneratedFile, C:\Users\ASUS\STM32CubeIDE\workspace_ETH_LWIP\LWIP_ETH\MXTmpFiles\rtos_vars.tmp_save
2026-06-10 11:02:38,414 [INFO] CodeEngine:289 - Generated code: C:\Users\ASUS\STM32CubeIDE\workspace_ETH_LWIP\LWIP_ETH\MXTmpFiles\rtos_vars.tmp
2026-06-10 11:02:38,430 [INFO] CodeEngine:265 - oldGeneratedFile, C:\Users\ASUS\STM32CubeIDE\workspace_ETH_LWIP\LWIP_ETH\MXTmpFiles\rtos_pfp.tmp_save
2026-06-10 11:02:38,577 [INFO] CodeEngine:289 - Generated code: C:\Users\ASUS\STM32CubeIDE\workspace_ETH_LWIP\LWIP_ETH\MXTmpFiles\rtos_pfp.tmp
2026-06-10 11:02:38,589 [INFO] CodeEngine:265 - oldGeneratedFile, C:\Users\ASUS\STM32CubeIDE\workspace_ETH_LWIP\LWIP_ETH\MXTmpFiles\rtos_obj_creat.tmp_save
2026-06-10 11:02:38,731 [INFO] CodeEngine:289 - Generated code: C:\Users\ASUS\STM32CubeIDE\workspace_ETH_LWIP\LWIP_ETH\MXTmpFiles\rtos_obj_creat.tmp
2026-06-10 11:02:38,747 [INFO] CodeEngine:265 - oldGeneratedFile, C:\Users\ASUS\STM32CubeIDE\workspace_ETH_LWIP\LWIP_ETH\MXTmpFiles\rtos_default_thread.tmp_save
2026-06-10 11:02:38,874 [INFO] CodeEngine:289 - Generated code: C:\Users\ASUS\STM32CubeIDE\workspace_ETH_LWIP\LWIP_ETH\MXTmpFiles\rtos_default_thread.tmp
2026-06-10 11:02:38,874 [INFO] CodeEngine:265 - oldGeneratedFile, C:\Users\ASUS\STM32CubeIDE\workspace_ETH_LWIP\LWIP_ETH\MXTmpFiles\rtos_threads.tmp_save
2026-06-10 11:02:38,985 [INFO] CodeEngine:289 - Generated code: C:\Users\ASUS\STM32CubeIDE\workspace_ETH_LWIP\LWIP_ETH\MXTmpFiles\rtos_threads.tmp
2026-06-10 11:02:39,017 [INFO] Middleware:1452 - No code input for Bsp Dependency
2026-06-10 11:02:39,049 [INFO] Middleware:1452 - No code input for Bsp Dependency
2026-06-10 11:02:39,065 [INFO] CodeEngine:265 - oldGeneratedFile, C:\Users\ASUS\STM32CubeIDE\workspace_ETH_LWIP\LWIP_ETH\MXTmpFiles\rtos_inc.tmp_save
2026-06-10 11:02:39,176 [INFO] CodeEngine:289 - Generated code: C:\Users\ASUS\STM32CubeIDE\workspace_ETH_LWIP\LWIP_ETH\MXTmpFiles\rtos_inc.tmp
2026-06-10 11:02:39,199 [INFO] CodeEngine:265 - oldGeneratedFile, C:\Users\ASUS\STM32CubeIDE\workspace_ETH_LWIP\LWIP_ETH\MXTmpFiles\rtos_kernelInit.tmp_save
2026-06-10 11:02:39,318 [INFO] CodeEngine:289 - Generated code: C:\Users\ASUS\STM32CubeIDE\workspace_ETH_LWIP\LWIP_ETH\MXTmpFiles\rtos_kernelInit.tmp
2026-06-10 11:02:39,336 [INFO] CodeEngine:265 - oldGeneratedFile, C:\Users\ASUS\STM32CubeIDE\workspace_ETH_LWIP\LWIP_ETH\MXTmpFiles\rtos_kernelStart.tmp_save
2026-06-10 11:02:39,453 [INFO] CodeEngine:289 - Generated code: C:\Users\ASUS\STM32CubeIDE\workspace_ETH_LWIP\LWIP_ETH\MXTmpFiles\rtos_kernelStart.tmp
2026-06-10 11:02:39,470 [INFO] CodeEngine:265 - oldGeneratedFile, C:\Users\ASUS\STM32CubeIDE\workspace_ETH_LWIP\LWIP_ETH\MXTmpFiles\rtos_typedefs.tmp_save
2026-06-10 11:02:39,583 [INFO] CodeEngine:289 - Generated code: C:\Users\ASUS\STM32CubeIDE\workspace_ETH_LWIP\LWIP_ETH\MXTmpFiles\rtos_typedefs.tmp
2026-06-10 11:02:39,599 [INFO] CodeEngine:265 - oldGeneratedFile, C:\Users\ASUS\STM32CubeIDE\workspace_ETH_LWIP\LWIP_ETH\MXTmpFiles\rtos_vars.tmp_save
2026-06-10 11:02:39,708 [INFO] CodeEngine:289 - Generated code: C:\Users\ASUS\STM32CubeIDE\workspace_ETH_LWIP\LWIP_ETH\MXTmpFiles\rtos_vars.tmp
2026-06-10 11:02:39,724 [INFO] CodeEngine:265 - oldGeneratedFile, C:\Users\ASUS\STM32CubeIDE\workspace_ETH_LWIP\LWIP_ETH\MXTmpFiles\rtos_pfp.tmp_save
2026-06-10 11:02:39,850 [INFO] CodeEngine:289 - Generated code: C:\Users\ASUS\STM32CubeIDE\workspace_ETH_LWIP\LWIP_ETH\MXTmpFiles\rtos_pfp.tmp
2026-06-10 11:02:39,868 [INFO] CodeEngine:265 - oldGeneratedFile, C:\Users\ASUS\STM32CubeIDE\workspace_ETH_LWIP\LWIP_ETH\MXTmpFiles\rtos_obj_creat.tmp_save
2026-06-10 11:02:39,982 [INFO] CodeEngine:289 - Generated code: C:\Users\ASUS\STM32CubeIDE\workspace_ETH_LWIP\LWIP_ETH\MXTmpFiles\rtos_obj_creat.tmp
2026-06-10 11:02:40,001 [INFO] CodeEngine:265 - oldGeneratedFile, C:\Users\ASUS\STM32CubeIDE\workspace_ETH_LWIP\LWIP_ETH\MXTmpFiles\rtos_default_thread.tmp_save
2026-06-10 11:02:40,115 [INFO] CodeEngine:289 - Generated code: C:\Users\ASUS\STM32CubeIDE\workspace_ETH_LWIP\LWIP_ETH\MXTmpFiles\rtos_default_thread.tmp
2026-06-10 11:02:40,133 [INFO] CodeEngine:265 - oldGeneratedFile, C:\Users\ASUS\STM32CubeIDE\workspace_ETH_LWIP\LWIP_ETH\MXTmpFiles\rtos_threads.tmp_save
2026-06-10 11:02:40,261 [INFO] CodeEngine:289 - Generated code: C:\Users\ASUS\STM32CubeIDE\workspace_ETH_LWIP\LWIP_ETH\MXTmpFiles\rtos_threads.tmp
2026-06-10 11:02:40,281 [INFO] CodeEngine:265 - oldGeneratedFile, C:\Users\ASUS\STM32CubeIDE\workspace_ETH_LWIP\LWIP_ETH\Core\Inc\FreeRTOSConfig.h_save
2026-06-10 11:02:40,434 [INFO] CodeEngine:289 - Generated code: C:\Users\ASUS\STM32CubeIDE\workspace_ETH_LWIP\LWIP_ETH\Core\Inc\FreeRTOSConfig.h
2026-06-10 11:02:40,456 [INFO] CodeEngine:265 - oldGeneratedFile, C:\Users\ASUS\STM32CubeIDE\workspace_ETH_LWIP\LWIP_ETH\Core\Src\freertos.c_save
2026-06-10 11:02:40,613 [INFO] CodeEngine:289 - Generated code: C:\Users\ASUS\STM32CubeIDE\workspace_ETH_LWIP\LWIP_ETH\Core\Src\freertos.c
2026-06-10 11:02:40,635 [INFO] Middleware:1452 - No code input for Bsp Dependency
2026-06-10 11:02:40,734 [INFO] CodeEngine:265 - oldGeneratedFile, C:\Users\ASUS\STM32CubeIDE\workspace_ETH_LWIP\LWIP_ETH\LWIP\App\lwip.c_save
2026-06-10 11:02:40,933 [INFO] CodeEngine:289 - Generated code: C:\Users\ASUS\STM32CubeIDE\workspace_ETH_LWIP\LWIP_ETH\LWIP\App\lwip.c
2026-06-10 11:02:40,954 [INFO] CodeEngine:265 - oldGeneratedFile, C:\Users\ASUS\STM32CubeIDE\workspace_ETH_LWIP\LWIP_ETH\LWIP\App\lwip.h_save
2026-06-10 11:02:41,111 [INFO] CodeEngine:289 - Generated code: C:\Users\ASUS\STM32CubeIDE\workspace_ETH_LWIP\LWIP_ETH\LWIP\App\lwip.h
2026-06-10 11:02:41,131 [INFO] CodeEngine:265 - oldGeneratedFile, C:\Users\ASUS\STM32CubeIDE\workspace_ETH_LWIP\LWIP_ETH\LWIP\Target\lwipopts.h_save
2026-06-10 11:02:41,486 [INFO] CodeEngine:289 - Generated code: C:\Users\ASUS\STM32CubeIDE\workspace_ETH_LWIP\LWIP_ETH\LWIP\Target\lwipopts.h
2026-06-10 11:02:41,505 [INFO] CodeEngine:265 - oldGeneratedFile, C:\Users\ASUS\STM32CubeIDE\workspace_ETH_LWIP\LWIP_ETH\LWIP\Target\ethernetif.c_save
2026-06-10 11:02:41,667 [INFO] CodeEngine:289 - Generated code: C:\Users\ASUS\STM32CubeIDE\workspace_ETH_LWIP\LWIP_ETH\LWIP\Target\ethernetif.c
2026-06-10 11:02:41,684 [INFO] CodeEngine:265 - oldGeneratedFile, C:\Users\ASUS\STM32CubeIDE\workspace_ETH_LWIP\LWIP_ETH\LWIP\Target\ethernetif.h_save
2026-06-10 11:02:41,804 [INFO] CodeEngine:289 - Generated code: C:\Users\ASUS\STM32CubeIDE\workspace_ETH_LWIP\LWIP_ETH\LWIP\Target\ethernetif.h
2026-06-10 11:02:41,844 [INFO] CodeEngine:265 - oldGeneratedFile, C:\Users\ASUS\STM32CubeIDE\workspace_ETH_LWIP\LWIP_ETH\Core\Src\stm32f2xx_it.c_save
2026-06-10 11:02:42,128 [INFO] CodeEngine:289 - Generated code: C:\Users\ASUS\STM32CubeIDE\workspace_ETH_LWIP\LWIP_ETH\Core\Src\stm32f2xx_it.c
2026-06-10 11:02:42,148 [INFO] CodeEngine:265 - oldGeneratedFile, C:\Users\ASUS\STM32CubeIDE\workspace_ETH_LWIP\LWIP_ETH\Core\Inc\stm32f2xx_it.h_save
2026-06-10 11:02:42,275 [INFO] CodeEngine:289 - Generated code: C:\Users\ASUS\STM32CubeIDE\workspace_ETH_LWIP\LWIP_ETH\Core\Inc\stm32f2xx_it.h
2026-06-10 11:02:42,313 [INFO] CodeEngine:265 - oldGeneratedFile, C:\Users\ASUS\STM32CubeIDE\workspace_ETH_LWIP\LWIP_ETH\Core\Src\stm32f2xx_hal_msp.c_save
2026-06-10 11:02:42,497 [INFO] CodeEngine:289 - Generated code: C:\Users\ASUS\STM32CubeIDE\workspace_ETH_LWIP\LWIP_ETH\Core\Src\stm32f2xx_hal_msp.c
2026-06-10 11:02:42,513 [INFO] CodeEngine:265 - oldGeneratedFile, C:\Users\ASUS\STM32CubeIDE\workspace_ETH_LWIP\LWIP_ETH\MXTmpFiles\system.tmp_save
2026-06-10 11:02:42,636 [INFO] CodeEngine:289 - Generated code: C:\Users\ASUS\STM32CubeIDE\workspace_ETH_LWIP\LWIP_ETH\MXTmpFiles\system.tmp
2026-06-10 11:02:42,653 [INFO] CodeEngine:265 - oldGeneratedFile, C:\Users\ASUS\STM32CubeIDE\workspace_ETH_LWIP\LWIP_ETH\Core\Src\stm32f2xx_hal_timebase_tim.c_save
2026-06-10 11:02:42,784 [INFO] CodeEngine:289 - Generated code: C:\Users\ASUS\STM32CubeIDE\workspace_ETH_LWIP\LWIP_ETH\Core\Src\stm32f2xx_hal_timebase_tim.c
2026-06-10 11:02:42,853 [INFO] CodeEngine:321 - oldGeneratedFile, C:\Users\ASUS\STM32CubeIDE\workspace_ETH_LWIP\LWIP_ETH\Core\Inc\stm32f2xx_hal_conf.h_save
2026-06-10 11:02:42,997 [INFO] CodeEngine:345 - Generated code: C:\Users\ASUS\STM32CubeIDE\workspace_ETH_LWIP\LWIP_ETH\Core\Inc\stm32f2xx_hal_conf.h
2026-06-10 11:02:43,048 [WARN] IPConfigManager:3811 - IP not found : USB_OTG
2026-06-10 11:02:43,049 [WARN] CodeGenerator:4259 - IP not found : null
2026-06-10 11:02:43,076 [INFO] CodeEngine:265 - oldGeneratedFile, C:\Users\ASUS\STM32CubeIDE\workspace_ETH_LWIP\LWIP_ETH\Core\Inc\main.h_save
2026-06-10 11:02:43,252 [INFO] CodeEngine:289 - Generated code: C:\Users\ASUS\STM32CubeIDE\workspace_ETH_LWIP\LWIP_ETH\Core\Inc\main.h
2026-06-10 11:02:43,272 [INFO] CodeEngine:265 - oldGeneratedFile, C:\Users\ASUS\STM32CubeIDE\workspace_ETH_LWIP\LWIP_ETH\Core\Src\main.c_save
2026-06-10 11:02:43,548 [INFO] CodeEngine:289 - Generated code: C:\Users\ASUS\STM32CubeIDE\workspace_ETH_LWIP\LWIP_ETH\Core\Src\main.c
2026-06-10 11:02:46,867 [INFO] ProjectBuilder:3606 - Time for Copy HAL[1] : 2339mS.
2026-06-10 11:02:46,911 [INFO] ProjectBuilder:5216 - Project Generator version: 4.7.0-B52
2026-06-10 11:02:47,158 [INFO] ConfigFileManager:1595 - The Die is : DIE411
2026-06-10 11:02:54,934 [INFO] ProjectBuilder:5496 - Time for Generating toolchain IDE Files: 8022mS.
2026-06-10 11:02:54,937 [INFO] ProjectBuilder:3463 - Time for Copy CMSIS : 1mS.
2026-06-10 11:02:55,049 [INFO] ProjectBuilder:3463 - Time for Copy CMSIS : 0mS.
2026-06-10 11:08:20,468 [INFO] WebApp:194 - Connection lost
2026-06-10 11:08:22,161 [INFO] WebApp:191 - Connection restablished
2026-06-10 11:32:59,043 [INFO] WebApp:194 - Connection lost
2026-06-10 11:33:00,562 [INFO] WebApp:191 - Connection restablished
2026-06-10 11:33:53,652 [INFO] WebApp:194 - Connection lost
2026-06-10 11:33:55,013 [INFO] WebApp:191 - Connection restablished
2026-06-10 11:34:26,255 [INFO] WebApp:194 - Connection lost
2026-06-10 11:34:26,587 [INFO] WebApp:191 - Connection restablished
2026-06-10 11:34:31,754 [INFO] WebApp:194 - Connection lost
2026-06-10 11:34:32,005 [INFO] WebApp:191 - Connection restablished
2026-06-10 11:53:55,808 [INFO] WebApp:194 - Connection lost
2026-06-10 11:53:58,852 [INFO] WebApp:191 - Connection restablished
2026-06-10 11:53:58,965 [INFO] WebApp:194 - Connection lost
2026-06-10 11:53:59,504 [INFO] WebApp:191 - Connection restablished
2026-06-10 11:54:12,101 [INFO] WebApp:194 - Connection lost
2026-06-10 11:54:12,504 [INFO] WebApp:191 - Connection restablished
2026-06-10 11:54:18,034 [INFO] WebApp:194 - Connection lost
2026-06-10 11:54:18,418 [INFO] WebApp:191 - Connection restablished
2026-06-10 11:55:19,825 [INFO] WebApp:194 - Connection lost
2026-06-10 11:55:20,647 [INFO] WebApp:191 - Connection restablished
2026-06-10 11:55:26,215 [INFO] WebApp:194 - Connection lost
2026-06-10 11:55:26,670 [INFO] WebApp:191 - Connection restablished
2026-06-10 11:55:43,491 [INFO] WebApp:194 - Connection lost
2026-06-10 11:55:43,965 [INFO] WebApp:191 - Connection restablished
2026-06-10 11:55:46,893 [INFO] WebApp:194 - Connection lost
2026-06-10 11:55:47,294 [INFO] WebApp:191 - Connection restablished
2026-06-10 11:55:48,803 [INFO] WebApp:194 - Connection lost
2026-06-10 11:55:49,273 [INFO] WebApp:191 - Connection restablished
2026-06-10 11:55:49,425 [INFO] WebApp:194 - Connection lost
2026-06-10 11:55:49,723 [INFO] WebApp:191 - Connection restablished
2026-06-10 11:55:59,548 [INFO] WebApp:194 - Connection lost
2026-06-10 11:55:59,927 [INFO] WebApp:191 - Connection restablished
2026-06-10 11:56:04,479 [INFO] WebApp:194 - Connection lost
2026-06-10 11:56:04,785 [INFO] WebApp:191 - Connection restablished
2026-06-10 11:56:14,739 [INFO] WebApp:194 - Connection lost
2026-06-10 11:56:15,386 [INFO] WebApp:191 - Connection restablished
2026-06-10 11:56:21,297 [INFO] WebApp:194 - Connection lost
2026-06-10 11:56:21,959 [INFO] WebApp:191 - Connection restablished
2026-06-10 11:56:38,008 [INFO] WebApp:194 - Connection lost
2026-06-10 11:56:38,789 [INFO] WebApp:191 - Connection restablished
2026-06-10 11:56:43,448 [INFO] WebApp:194 - Connection lost
2026-06-10 11:56:44,078 [INFO] WebApp:191 - Connection restablished
2026-06-10 12:12:50,564 [INFO] WebApp:194 - Connection lost
2026-06-10 12:12:54,645 [INFO] WebApp:191 - Connection restablished
2026-06-10 12:12:57,125 [INFO] WebApp:194 - Connection lost
2026-06-10 12:12:57,674 [INFO] WebApp:191 - Connection restablished
2026-06-10 12:13:11,875 [INFO] WebApp:194 - Connection lost
2026-06-10 12:13:12,336 [INFO] WebApp:191 - Connection restablished
2026-06-10 12:13:16,590 [INFO] WebApp:194 - Connection lost
2026-06-10 12:13:16,962 [INFO] WebApp:191 - Connection restablished
2026-06-10 12:13:21,348 [INFO] WebApp:194 - Connection lost
2026-06-10 12:13:21,796 [INFO] WebApp:191 - Connection restablished
2026-06-10 12:13:26,450 [INFO] WebApp:194 - Connection lost
2026-06-10 12:13:26,761 [INFO] WebApp:191 - Connection restablished
2026-06-10 12:13:33,970 [INFO] WebApp:194 - Connection lost
2026-06-10 12:13:34,663 [INFO] WebApp:191 - Connection restablished
2026-06-10 12:13:39,552 [INFO] WebApp:194 - Connection lost
2026-06-10 12:13:39,867 [INFO] WebApp:191 - Connection restablished
2026-06-10 12:23:22,577 [INFO] WebApp:194 - Connection lost
2026-06-10 12:23:24,731 [INFO] WebApp:191 - Connection restablished
2026-06-10 12:23:25,476 [INFO] WebApp:194 - Connection lost
2026-06-10 12:23:25,746 [INFO] WebApp:191 - Connection restablished
2026-06-10 12:23:35,554 [INFO] WebApp:194 - Connection lost
2026-06-10 12:23:36,025 [INFO] WebApp:191 - Connection restablished
2026-06-10 12:23:40,704 [INFO] WebApp:194 - Connection lost
2026-06-10 12:23:41,142 [INFO] WebApp:191 - Connection restablished
2026-06-10 12:23:45,300 [INFO] WebApp:194 - Connection lost
2026-06-10 12:23:45,757 [INFO] WebApp:191 - Connection restablished
2026-06-10 12:23:50,439 [INFO] WebApp:194 - Connection lost
2026-06-10 12:23:50,746 [INFO] WebApp:191 - Connection restablished
2026-06-10 12:24:05,109 [INFO] WebApp:194 - Connection lost
2026-06-10 12:24:05,498 [INFO] WebApp:191 - Connection restablished
2026-06-10 12:24:10,333 [INFO] WebApp:194 - Connection lost
2026-06-10 12:24:10,609 [INFO] WebApp:191 - Connection restablished
2026-06-10 12:24:14,696 [INFO] WebApp:194 - Connection lost
2026-06-10 12:24:15,217 [INFO] WebApp:191 - Connection restablished
2026-06-10 12:24:19,325 [INFO] WebApp:194 - Connection lost
2026-06-10 12:24:19,773 [INFO] WebApp:191 - Connection restablished
2026-06-10 12:34:58,417 [INFO] WebApp:194 - Connection lost
2026-06-10 12:35:00,304 [INFO] WebApp:191 - Connection restablished
2026-06-10 12:35:02,615 [INFO] WebApp:194 - Connection lost
2026-06-10 12:35:02,911 [INFO] WebApp:191 - Connection restablished
2026-06-10 12:35:08,195 [INFO] WebApp:194 - Connection lost
2026-06-10 12:35:08,569 [INFO] WebApp:191 - Connection restablished
2026-06-10 12:35:14,431 [INFO] WebApp:194 - Connection lost
2026-06-10 12:35:14,770 [INFO] WebApp:191 - Connection restablished
2026-06-10 12:35:21,615 [INFO] WebApp:194 - Connection lost
2026-06-10 12:35:22,064 [INFO] WebApp:191 - Connection restablished
2026-06-10 12:35:25,984 [INFO] WebApp:194 - Connection lost
2026-06-10 12:35:26,321 [INFO] WebApp:191 - Connection restablished
2026-06-10 12:38:20,427 [INFO] WebApp:194 - Connection lost
2026-06-10 12:38:21,965 [INFO] WebApp:191 - Connection restablished
2026-06-10 12:38:24,360 [INFO] WebApp:194 - Connection lost
2026-06-10 12:38:24,752 [INFO] WebApp:191 - Connection restablished
2026-06-10 12:38:33,869 [INFO] WebApp:194 - Connection lost
2026-06-10 12:38:34,197 [INFO] WebApp:191 - Connection restablished
2026-06-10 12:38:38,979 [INFO] WebApp:194 - Connection lost
2026-06-10 12:38:39,294 [INFO] WebApp:191 - Connection restablished
2026-06-10 12:38:41,921 [INFO] WebApp:194 - Connection lost
2026-06-10 12:38:42,286 [INFO] WebApp:191 - Connection restablished
2026-06-10 12:38:45,966 [INFO] WebApp:194 - Connection lost
2026-06-10 12:38:46,359 [INFO] WebApp:191 - Connection restablished
2026-06-10 12:38:54,321 [INFO] WebApp:194 - Connection lost
2026-06-10 12:38:54,639 [INFO] WebApp:191 - Connection restablished
2026-06-10 12:38:58,901 [INFO] WebApp:194 - Connection lost
2026-06-10 12:38:59,160 [INFO] WebApp:191 - Connection restablished
2026-06-10 12:39:18,043 [INFO] WebApp:194 - Connection lost
2026-06-10 12:39:18,645 [INFO] WebApp:191 - Connection restablished
2026-06-10 12:39:22,828 [INFO] WebApp:194 - Connection lost
2026-06-10 12:39:23,256 [INFO] WebApp:191 - Connection restablished
2026-06-10 12:42:18,592 [INFO] WebApp:194 - Connection lost
2026-06-10 12:42:18,962 [INFO] WebApp:191 - Connection restablished
2026-06-10 12:43:46,835 [INFO] WebApp:194 - Connection lost
2026-06-10 12:43:47,123 [INFO] WebApp:191 - Connection restablished
2026-06-10 12:44:21,141 [INFO] WebApp:194 - Connection lost
2026-06-10 12:44:21,418 [INFO] WebApp:191 - Connection restablished
2026-06-10 12:44:30,795 [INFO] WebApp:194 - Connection lost
2026-06-10 12:44:31,042 [INFO] WebApp:191 - Connection restablished
2026-06-10 12:44:32,779 [INFO] WebApp:194 - Connection lost
2026-06-10 12:44:33,029 [INFO] WebApp:191 - Connection restablished
2026-06-10 12:44:37,308 [INFO] WebApp:194 - Connection lost
2026-06-10 12:44:37,626 [INFO] WebApp:191 - Connection restablished
2026-06-10 12:44:53,479 [INFO] WebApp:194 - Connection lost
2026-06-10 12:44:53,699 [INFO] WebApp:191 - Connection restablished
2026-06-10 12:44:59,818 [INFO] WebApp:194 - Connection lost
2026-06-10 12:45:00,049 [INFO] WebApp:191 - Connection restablished
2026-06-10 12:51:45,674 [INFO] WebApp:194 - Connection lost
2026-06-10 12:51:46,507 [INFO] WebApp:191 - Connection restablished
2026-06-10 12:51:49,619 [INFO] WebApp:194 - Connection lost
2026-06-10 12:51:49,856 [INFO] WebApp:191 - Connection restablished
2026-06-10 12:51:51,790 [INFO] WebApp:194 - Connection lost
2026-06-10 12:51:52,029 [INFO] WebApp:191 - Connection restablished
2026-06-10 12:52:01,304 [INFO] WebApp:194 - Connection lost
2026-06-10 12:52:01,597 [INFO] WebApp:191 - Connection restablished
2026-06-10 12:52:10,362 [INFO] WebApp:194 - Connection lost
2026-06-10 12:52:10,604 [INFO] WebApp:191 - Connection restablished
2026-06-10 13:01:09,866 [INFO] WebApp:194 - Connection lost
2026-06-10 13:01:10,298 [INFO] WebApp:191 - Connection restablished
2026-06-10 13:08:04,709 [INFO] WebApp:194 - Connection lost
2026-06-10 13:08:05,057 [INFO] WebApp:191 - Connection restablished
2026-06-10 13:08:38,305 [INFO] WebApp:194 - Connection lost
2026-06-10 13:08:38,578 [INFO] WebApp:191 - Connection restablished
2026-06-10 13:08:42,097 [INFO] WebApp:194 - Connection lost
2026-06-10 13:08:42,312 [INFO] WebApp:191 - Connection restablished
2026-06-10 13:08:52,344 [INFO] WebApp:194 - Connection lost
2026-06-10 13:08:52,590 [INFO] WebApp:191 - Connection restablished
2026-06-10 13:09:49,432 [INFO] WebApp:194 - Connection lost
2026-06-10 13:09:49,708 [INFO] WebApp:191 - Connection restablished
2026-06-10 13:09:53,236 [INFO] WebApp:194 - Connection lost
2026-06-10 13:09:53,513 [INFO] WebApp:191 - Connection restablished
2026-06-10 13:09:59,438 [INFO] WebApp:194 - Connection lost
2026-06-10 13:09:59,695 [INFO] WebApp:191 - Connection restablished
2026-06-10 13:10:02,968 [INFO] WebApp:194 - Connection lost
2026-06-10 13:10:03,201 [INFO] WebApp:191 - Connection restablished
2026-06-10 13:14:50,118 [INFO] WebApp:194 - Connection lost
2026-06-10 13:14:50,434 [INFO] WebApp:191 - Connection restablished
2026-06-10 13:16:11,416 [INFO] WebApp:194 - Connection lost
2026-06-10 13:16:11,706 [INFO] WebApp:191 - Connection restablished
2026-06-10 13:17:11,492 [INFO] WebApp:194 - Connection lost
2026-06-10 13:17:11,825 [INFO] WebApp:191 - Connection restablished
2026-06-10 13:18:23,354 [INFO] WebApp:194 - Connection lost
2026-06-10 13:18:23,650 [INFO] WebApp:191 - Connection restablished
2026-06-10 13:28:32,242 [INFO] WebApp:194 - Connection lost
2026-06-10 13:28:34,300 [INFO] WebApp:191 - Connection restablished
2026-06-10 13:28:37,089 [INFO] WebApp:194 - Connection lost
2026-06-10 13:28:37,872 [INFO] WebApp:191 - Connection restablished
2026-06-10 13:28:40,326 [INFO] WebApp:194 - Connection lost
2026-06-10 13:28:40,718 [INFO] WebApp:191 - Connection restablished
2026-06-10 13:28:55,281 [INFO] WebApp:194 - Connection lost
2026-06-10 13:28:55,673 [INFO] WebApp:191 - Connection restablished
2026-06-10 13:29:00,602 [INFO] WebApp:194 - Connection lost
2026-06-10 13:29:00,927 [INFO] WebApp:191 - Connection restablished
2026-06-10 13:29:04,140 [INFO] WebApp:194 - Connection lost
2026-06-10 13:29:04,577 [INFO] WebApp:191 - Connection restablished
2026-06-10 13:29:06,650 [INFO] WebApp:194 - Connection lost
2026-06-10 13:29:07,023 [INFO] WebApp:191 - Connection restablished
2026-06-10 13:29:18,409 [INFO] WebApp:194 - Connection lost
2026-06-10 13:29:18,974 [INFO] WebApp:191 - Connection restablished
2026-06-10 13:29:23,076 [INFO] WebApp:194 - Connection lost
2026-06-10 13:29:23,555 [INFO] WebApp:191 - Connection restablished
2026-06-10 13:33:46,442 [INFO] WebApp:194 - Connection lost
2026-06-10 13:33:46,927 [INFO] WebApp:191 - Connection restablished
2026-06-10 13:33:50,879 [INFO] WebApp:194 - Connection lost
2026-06-10 13:33:51,158 [INFO] WebApp:191 - Connection restablished
2026-06-10 13:33:59,784 [INFO] WebApp:194 - Connection lost
2026-06-10 13:34:00,314 [INFO] WebApp:191 - Connection restablished
2026-06-10 13:34:04,460 [INFO] WebApp:194 - Connection lost
2026-06-10 13:34:04,714 [INFO] WebApp:191 - Connection restablished
2026-06-10 13:34:07,660 [INFO] WebApp:194 - Connection lost
2026-06-10 13:34:08,038 [INFO] WebApp:191 - Connection restablished
2026-06-10 13:34:11,508 [INFO] WebApp:194 - Connection lost
2026-06-10 13:34:11,774 [INFO] WebApp:191 - Connection restablished
2026-06-10 13:34:21,452 [INFO] WebApp:194 - Connection lost
2026-06-10 13:34:21,823 [INFO] WebApp:191 - Connection restablished
2026-06-10 13:34:26,608 [INFO] WebApp:194 - Connection lost
2026-06-10 13:34:27,041 [INFO] WebApp:191 - Connection restablished
2026-06-10 13:34:30,440 [INFO] WebApp:194 - Connection lost
2026-06-10 13:34:30,963 [INFO] WebApp:191 - Connection restablished
2026-06-10 13:34:34,951 [INFO] WebApp:194 - Connection lost
2026-06-10 13:34:35,524 [INFO] WebApp:191 - Connection restablished
2026-06-10 14:01:36,794 [INFO] WebApp:194 - Connection lost
2026-06-10 14:01:39,616 [INFO] WebApp:191 - Connection restablished
2026-06-10 14:01:55,588 [INFO] WebApp:194 - Connection lost
2026-06-10 14:02:01,007 [INFO] WebApp:191 - Connection restablished
2026-06-10 14:02:21,399 [INFO] WebApp:194 - Connection lost
2026-06-10 14:02:21,708 [INFO] WebApp:191 - Connection restablished
2026-06-10 14:02:53,677 [INFO] WebApp:194 - Connection lost
2026-06-10 14:02:54,281 [INFO] WebApp:191 - Connection restablished
2026-06-10 14:03:07,452 [INFO] WebApp:194 - Connection lost
2026-06-10 14:03:07,825 [INFO] WebApp:191 - Connection restablished
2026-06-10 14:03:59,383 [WARN] IP:2250 - LWIP_NETIF_HOSTNAME_NAME not found: check if there is a RefParameter without a condition.
2026-06-10 14:11:13,592 [INFO] WebApp:194 - Connection lost
2026-06-10 14:11:15,070 [INFO] WebApp:191 - Connection restablished
2026-06-10 14:11:17,339 [INFO] WebApp:194 - Connection lost
2026-06-10 14:11:17,732 [INFO] WebApp:191 - Connection restablished
2026-06-10 14:11:22,066 [INFO] WebApp:194 - Connection lost
2026-06-10 14:11:22,441 [INFO] WebApp:191 - Connection restablished
2026-06-10 14:11:26,900 [INFO] WebApp:194 - Connection lost
2026-06-10 14:11:27,296 [INFO] WebApp:191 - Connection restablished
2026-06-10 14:11:31,361 [INFO] WebApp:194 - Connection lost
2026-06-10 14:11:31,629 [INFO] WebApp:191 - Connection restablished
2026-06-10 14:11:35,176 [INFO] WebApp:194 - Connection lost
2026-06-10 14:11:35,440 [INFO] WebApp:191 - Connection restablished
2026-06-10 14:11:40,369 [INFO] WebApp:194 - Connection lost
2026-06-10 14:11:40,690 [INFO] WebApp:191 - Connection restablished
2026-06-10 14:12:10,599 [INFO] WebApp:194 - Connection lost
2026-06-10 14:12:11,034 [INFO] WebApp:191 - Connection restablished
2026-06-10 14:12:15,915 [INFO] WebApp:194 - Connection lost
2026-06-10 14:12:16,404 [INFO] WebApp:191 - Connection restablished
2026-06-10 14:26:10,467 [ERROR] RtosPanel:558 - Can not restore the selected Tab for FREERTOS(A reason can be that the tab is no more available.)
2026-06-10 14:32:17,870 [INFO] WebApp:194 - Connection lost
2026-06-10 14:32:19,720 [INFO] WebApp:191 - Connection restablished
2026-06-10 16:41:55,611 [INFO] WebApp:194 - Connection lost
2026-06-10 16:41:59,843 [INFO] WebApp:191 - Connection restablished
2026-06-10 16:41:59,935 [INFO] WebApp:194 - Connection lost
2026-06-10 16:42:00,450 [INFO] WebApp:191 - Connection restablished
2026-06-10 17:41:41,775 [WARN] IP:2250 - LWIP_NETIF_HOSTNAME_NAME not found: check if there is a RefParameter without a condition.
2026-06-10 17:43:44,408 [INFO] UtilMem:75 - End SaveConfig() Used Memory: 818564416 Bytes (1073741824)
2026-06-10 17:43:46,789 [INFO] BlockDiagram:2775 - set Specific Code input for plugin: FREERTOS
2026-06-10 17:43:46,790 [INFO] BlockDiagram:2775 - set Specific Code input for plugin: SYS
2026-06-10 17:43:46,791 [INFO] BlockDiagram:2775 - set Specific Code input for plugin: RCC
2026-06-10 17:43:46,791 [INFO] BlockDiagram:2775 - set Specific Code input for plugin: USB_OTG_FS
2026-06-10 17:43:46,792 [INFO] BlockDiagram:2775 - set Specific Code input for plugin: NVIC
2026-06-10 17:43:46,792 [INFO] BlockDiagram:2775 - set Specific Code input for plugin: LWIP
2026-06-10 17:43:46,793 [INFO] BlockDiagram:2775 - set Specific Code input for plugin: USART
2026-06-10 17:43:46,795 [INFO] BlockDiagram:2775 - set Specific Code input for plugin: GPIO
2026-06-10 17:43:46,795 [INFO] BlockDiagram:2775 - set Specific Code input for plugin: ETH
2026-06-10 17:43:46,805 [INFO] CodeGenerator:892 - code generatio: config db path: C:\ST\STM32CubeIDE_1.19.0\STM32CubeIDE\plugins\com.st.stm32cube.common.mx_6.15.0.202507011659\\db\
2026-06-10 17:43:46,865 [WARN] IP:2250 - LWIP_NETIF_HOSTNAME_NAME not found: check if there is a RefParameter without a condition.
2026-06-10 17:43:47,015 [WARN] IP:2250 - lpm_enable not found: check if there is a RefParameter without a condition.
2026-06-10 17:43:47,423 [INFO] CodeEngine:265 - oldGeneratedFile, C:\Users\ASUS\STM32CubeIDE\workspace_ETH_LWIP\LWIP_ETH\MXTmpFiles\license.tmp_save
2026-06-10 17:43:48,795 [INFO] CodeEngine:289 - Generated code: C:\Users\ASUS\STM32CubeIDE\workspace_ETH_LWIP\LWIP_ETH\MXTmpFiles\license.tmp
2026-06-10 17:43:49,366 [INFO] CodeEngine:265 - oldGeneratedFile, C:\Users\ASUS\STM32CubeIDE\workspace_ETH_LWIP\LWIP_ETH\MXTmpFiles\gpio.tmp_save
2026-06-10 17:43:50,022 [INFO] CodeEngine:289 - Generated code: C:\Users\ASUS\STM32CubeIDE\workspace_ETH_LWIP\LWIP_ETH\MXTmpFiles\gpio.tmp
2026-06-10 17:43:50,575 [INFO] CodeEngine:265 - oldGeneratedFile, C:\Users\ASUS\STM32CubeIDE\workspace_ETH_LWIP\LWIP_ETH\MXTmpFiles\eth_vars.tmp_save
2026-06-10 17:43:51,097 [INFO] CodeEngine:289 - Generated code: C:\Users\ASUS\STM32CubeIDE\workspace_ETH_LWIP\LWIP_ETH\MXTmpFiles\eth_vars.tmp
2026-06-10 17:43:51,129 [INFO] CodeEngine:265 - oldGeneratedFile, C:\Users\ASUS\STM32CubeIDE\workspace_ETH_LWIP\LWIP_ETH\MXTmpFiles\eth_inc.tmp_save
2026-06-10 17:43:51,585 [INFO] CodeEngine:289 - Generated code: C:\Users\ASUS\STM32CubeIDE\workspace_ETH_LWIP\LWIP_ETH\MXTmpFiles\eth_inc.tmp
2026-06-10 17:43:51,680 [INFO] CodeEngine:265 - oldGeneratedFile, C:\Users\ASUS\STM32CubeIDE\workspace_ETH_LWIP\LWIP_ETH\MXTmpFiles\eth_HalInit.tmp_save
2026-06-10 17:43:52,206 [INFO] CodeEngine:289 - Generated code: C:\Users\ASUS\STM32CubeIDE\workspace_ETH_LWIP\LWIP_ETH\MXTmpFiles\eth_HalInit.tmp
2026-06-10 17:43:52,286 [INFO] CodeEngine:265 - oldGeneratedFile, C:\Users\ASUS\STM32CubeIDE\workspace_ETH_LWIP\LWIP_ETH\MXTmpFiles\eth_Msp.tmp_save
2026-06-10 17:43:52,790 [INFO] CodeEngine:289 - Generated code: C:\Users\ASUS\STM32CubeIDE\workspace_ETH_LWIP\LWIP_ETH\MXTmpFiles\eth_Msp.tmp
2026-06-10 17:43:54,249 [INFO] Middleware:1452 - No code input for Bsp Dependency
2026-06-10 17:43:54,281 [INFO] CodeEngine:265 - oldGeneratedFile, C:\Users\ASUS\STM32CubeIDE\workspace_ETH_LWIP\LWIP_ETH\MXTmpFiles\rtos_inc.tmp_save
2026-06-10 17:43:54,604 [INFO] CodeEngine:289 - Generated code: C:\Users\ASUS\STM32CubeIDE\workspace_ETH_LWIP\LWIP_ETH\MXTmpFiles\rtos_inc.tmp
2026-06-10 17:43:54,632 [INFO] CodeEngine:265 - oldGeneratedFile, C:\Users\ASUS\STM32CubeIDE\workspace_ETH_LWIP\LWIP_ETH\MXTmpFiles\rtos_kernelInit.tmp_save
2026-06-10 17:43:54,937 [INFO] CodeEngine:289 - Generated code: C:\Users\ASUS\STM32CubeIDE\workspace_ETH_LWIP\LWIP_ETH\MXTmpFiles\rtos_kernelInit.tmp
2026-06-10 17:43:54,962 [INFO] CodeEngine:265 - oldGeneratedFile, C:\Users\ASUS\STM32CubeIDE\workspace_ETH_LWIP\LWIP_ETH\MXTmpFiles\rtos_kernelStart.tmp_save
2026-06-10 17:43:55,253 [INFO] CodeEngine:289 - Generated code: C:\Users\ASUS\STM32CubeIDE\workspace_ETH_LWIP\LWIP_ETH\MXTmpFiles\rtos_kernelStart.tmp
2026-06-10 17:43:55,279 [INFO] CodeEngine:265 - oldGeneratedFile, C:\Users\ASUS\STM32CubeIDE\workspace_ETH_LWIP\LWIP_ETH\MXTmpFiles\rtos_typedefs.tmp_save
2026-06-10 17:43:55,533 [INFO] CodeEngine:289 - Generated code: C:\Users\ASUS\STM32CubeIDE\workspace_ETH_LWIP\LWIP_ETH\MXTmpFiles\rtos_typedefs.tmp
2026-06-10 17:43:55,559 [INFO] CodeEngine:265 - oldGeneratedFile, C:\Users\ASUS\STM32CubeIDE\workspace_ETH_LWIP\LWIP_ETH\MXTmpFiles\rtos_vars.tmp_save
2026-06-10 17:43:55,831 [INFO] CodeEngine:289 - Generated code: C:\Users\ASUS\STM32CubeIDE\workspace_ETH_LWIP\LWIP_ETH\MXTmpFiles\rtos_vars.tmp
2026-06-10 17:43:55,856 [INFO] CodeEngine:265 - oldGeneratedFile, C:\Users\ASUS\STM32CubeIDE\workspace_ETH_LWIP\LWIP_ETH\MXTmpFiles\rtos_pfp.tmp_save
2026-06-10 17:43:56,097 [INFO] CodeEngine:289 - Generated code: C:\Users\ASUS\STM32CubeIDE\workspace_ETH_LWIP\LWIP_ETH\MXTmpFiles\rtos_pfp.tmp
2026-06-10 17:43:56,124 [INFO] CodeEngine:265 - oldGeneratedFile, C:\Users\ASUS\STM32CubeIDE\workspace_ETH_LWIP\LWIP_ETH\MXTmpFiles\rtos_obj_creat.tmp_save
2026-06-10 17:43:56,345 [INFO] CodeEngine:289 - Generated code: C:\Users\ASUS\STM32CubeIDE\workspace_ETH_LWIP\LWIP_ETH\MXTmpFiles\rtos_obj_creat.tmp
2026-06-10 17:43:56,371 [INFO] CodeEngine:265 - oldGeneratedFile, C:\Users\ASUS\STM32CubeIDE\workspace_ETH_LWIP\LWIP_ETH\MXTmpFiles\rtos_default_thread.tmp_save
2026-06-10 17:43:56,569 [INFO] CodeEngine:289 - Generated code: C:\Users\ASUS\STM32CubeIDE\workspace_ETH_LWIP\LWIP_ETH\MXTmpFiles\rtos_default_thread.tmp
2026-06-10 17:43:56,596 [INFO] CodeEngine:265 - oldGeneratedFile, C:\Users\ASUS\STM32CubeIDE\workspace_ETH_LWIP\LWIP_ETH\MXTmpFiles\rtos_threads.tmp_save
2026-06-10 17:43:56,798 [INFO] CodeEngine:289 - Generated code: C:\Users\ASUS\STM32CubeIDE\workspace_ETH_LWIP\LWIP_ETH\MXTmpFiles\rtos_threads.tmp
2026-06-10 17:43:56,860 [INFO] Middleware:1452 - No code input for Bsp Dependency
2026-06-10 17:43:56,945 [INFO] Middleware:1452 - No code input for Bsp Dependency
2026-06-10 17:43:56,980 [INFO] CodeEngine:265 - oldGeneratedFile, C:\Users\ASUS\STM32CubeIDE\workspace_ETH_LWIP\LWIP_ETH\MXTmpFiles\rtos_inc.tmp_save
2026-06-10 17:43:57,179 [INFO] CodeEngine:289 - Generated code: C:\Users\ASUS\STM32CubeIDE\workspace_ETH_LWIP\LWIP_ETH\MXTmpFiles\rtos_inc.tmp
2026-06-10 17:43:57,207 [INFO] CodeEngine:265 - oldGeneratedFile, C:\Users\ASUS\STM32CubeIDE\workspace_ETH_LWIP\LWIP_ETH\MXTmpFiles\rtos_kernelInit.tmp_save
2026-06-10 17:43:57,399 [INFO] CodeEngine:289 - Generated code: C:\Users\ASUS\STM32CubeIDE\workspace_ETH_LWIP\LWIP_ETH\MXTmpFiles\rtos_kernelInit.tmp
2026-06-10 17:43:57,426 [INFO] CodeEngine:265 - oldGeneratedFile, C:\Users\ASUS\STM32CubeIDE\workspace_ETH_LWIP\LWIP_ETH\MXTmpFiles\rtos_kernelStart.tmp_save
2026-06-10 17:43:57,608 [INFO] CodeEngine:289 - Generated code: C:\Users\ASUS\STM32CubeIDE\workspace_ETH_LWIP\LWIP_ETH\MXTmpFiles\rtos_kernelStart.tmp
2026-06-10 17:43:57,636 [INFO] CodeEngine:265 - oldGeneratedFile, C:\Users\ASUS\STM32CubeIDE\workspace_ETH_LWIP\LWIP_ETH\MXTmpFiles\rtos_typedefs.tmp_save
2026-06-10 17:43:57,862 [INFO] CodeEngine:289 - Generated code: C:\Users\ASUS\STM32CubeIDE\workspace_ETH_LWIP\LWIP_ETH\MXTmpFiles\rtos_typedefs.tmp
2026-06-10 17:43:57,898 [INFO] CodeEngine:265 - oldGeneratedFile, C:\Users\ASUS\STM32CubeIDE\workspace_ETH_LWIP\LWIP_ETH\MXTmpFiles\rtos_vars.tmp_save
2026-06-10 17:43:58,140 [INFO] CodeEngine:289 - Generated code: C:\Users\ASUS\STM32CubeIDE\workspace_ETH_LWIP\LWIP_ETH\MXTmpFiles\rtos_vars.tmp
2026-06-10 17:43:58,171 [INFO] CodeEngine:265 - oldGeneratedFile, C:\Users\ASUS\STM32CubeIDE\workspace_ETH_LWIP\LWIP_ETH\MXTmpFiles\rtos_pfp.tmp_save
2026-06-10 17:43:58,401 [INFO] CodeEngine:289 - Generated code: C:\Users\ASUS\STM32CubeIDE\workspace_ETH_LWIP\LWIP_ETH\MXTmpFiles\rtos_pfp.tmp
2026-06-10 17:43:58,428 [INFO] CodeEngine:265 - oldGeneratedFile, C:\Users\ASUS\STM32CubeIDE\workspace_ETH_LWIP\LWIP_ETH\MXTmpFiles\rtos_obj_creat.tmp_save
2026-06-10 17:43:58,645 [INFO] CodeEngine:289 - Generated code: C:\Users\ASUS\STM32CubeIDE\workspace_ETH_LWIP\LWIP_ETH\MXTmpFiles\rtos_obj_creat.tmp
2026-06-10 17:43:58,677 [INFO] CodeEngine:265 - oldGeneratedFile, C:\Users\ASUS\STM32CubeIDE\workspace_ETH_LWIP\LWIP_ETH\MXTmpFiles\rtos_default_thread.tmp_save
2026-06-10 17:43:58,917 [INFO] CodeEngine:289 - Generated code: C:\Users\ASUS\STM32CubeIDE\workspace_ETH_LWIP\LWIP_ETH\MXTmpFiles\rtos_default_thread.tmp
2026-06-10 17:43:58,946 [INFO] CodeEngine:265 - oldGeneratedFile, C:\Users\ASUS\STM32CubeIDE\workspace_ETH_LWIP\LWIP_ETH\MXTmpFiles\rtos_threads.tmp_save
2026-06-10 17:43:59,141 [INFO] CodeEngine:289 - Generated code: C:\Users\ASUS\STM32CubeIDE\workspace_ETH_LWIP\LWIP_ETH\MXTmpFiles\rtos_threads.tmp
2026-06-10 17:43:59,173 [INFO] CodeEngine:265 - oldGeneratedFile, C:\Users\ASUS\STM32CubeIDE\workspace_ETH_LWIP\LWIP_ETH\Core\Inc\FreeRTOSConfig.h_save
2026-06-10 17:43:59,437 [INFO] CodeEngine:289 - Generated code: C:\Users\ASUS\STM32CubeIDE\workspace_ETH_LWIP\LWIP_ETH\Core\Inc\FreeRTOSConfig.h
2026-06-10 17:43:59,468 [INFO] CodeEngine:265 - oldGeneratedFile, C:\Users\ASUS\STM32CubeIDE\workspace_ETH_LWIP\LWIP_ETH\Core\Src\freertos.c_save
2026-06-10 17:43:59,704 [INFO] CodeEngine:289 - Generated code: C:\Users\ASUS\STM32CubeIDE\workspace_ETH_LWIP\LWIP_ETH\Core\Src\freertos.c
2026-06-10 17:43:59,751 [INFO] Middleware:1452 - No code input for Bsp Dependency
2026-06-10 17:43:59,830 [INFO] CodeEngine:265 - oldGeneratedFile, C:\Users\ASUS\STM32CubeIDE\workspace_ETH_LWIP\LWIP_ETH\LWIP\App\lwip.c_save
2026-06-10 17:44:00,183 [INFO] CodeEngine:289 - Generated code: C:\Users\ASUS\STM32CubeIDE\workspace_ETH_LWIP\LWIP_ETH\LWIP\App\lwip.c
2026-06-10 17:44:00,216 [INFO] CodeEngine:265 - oldGeneratedFile, C:\Users\ASUS\STM32CubeIDE\workspace_ETH_LWIP\LWIP_ETH\LWIP\App\lwip.h_save
2026-06-10 17:44:00,481 [INFO] CodeEngine:289 - Generated code: C:\Users\ASUS\STM32CubeIDE\workspace_ETH_LWIP\LWIP_ETH\LWIP\App\lwip.h
2026-06-10 17:44:00,520 [INFO] CodeEngine:265 - oldGeneratedFile, C:\Users\ASUS\STM32CubeIDE\workspace_ETH_LWIP\LWIP_ETH\LWIP\Target\lwipopts.h_save
2026-06-10 17:44:01,276 [INFO] CodeEngine:289 - Generated code: C:\Users\ASUS\STM32CubeIDE\workspace_ETH_LWIP\LWIP_ETH\LWIP\Target\lwipopts.h
2026-06-10 17:44:01,342 [INFO] CodeEngine:265 - oldGeneratedFile, C:\Users\ASUS\STM32CubeIDE\workspace_ETH_LWIP\LWIP_ETH\LWIP\Target\ethernetif.c_save
2026-06-10 17:44:01,733 [INFO] CodeEngine:289 - Generated code: C:\Users\ASUS\STM32CubeIDE\workspace_ETH_LWIP\LWIP_ETH\LWIP\Target\ethernetif.c
2026-06-10 17:44:01,792 [INFO] CodeEngine:265 - oldGeneratedFile, C:\Users\ASUS\STM32CubeIDE\workspace_ETH_LWIP\LWIP_ETH\LWIP\Target\ethernetif.h_save
2026-06-10 17:44:02,158 [INFO] CodeEngine:289 - Generated code: C:\Users\ASUS\STM32CubeIDE\workspace_ETH_LWIP\LWIP_ETH\LWIP\Target\ethernetif.h
2026-06-10 17:44:02,281 [INFO] CodeEngine:265 - oldGeneratedFile, C:\Users\ASUS\STM32CubeIDE\workspace_ETH_LWIP\LWIP_ETH\Core\Src\stm32f2xx_it.c_save
2026-06-10 17:44:03,358 [INFO] CodeEngine:289 - Generated code: C:\Users\ASUS\STM32CubeIDE\workspace_ETH_LWIP\LWIP_ETH\Core\Src\stm32f2xx_it.c
2026-06-10 17:44:03,400 [INFO] CodeEngine:265 - oldGeneratedFile, C:\Users\ASUS\STM32CubeIDE\workspace_ETH_LWIP\LWIP_ETH\Core\Inc\stm32f2xx_it.h_save
2026-06-10 17:44:03,594 [INFO] CodeEngine:289 - Generated code: C:\Users\ASUS\STM32CubeIDE\workspace_ETH_LWIP\LWIP_ETH\Core\Inc\stm32f2xx_it.h
2026-06-10 17:44:03,643 [INFO] CodeEngine:265 - oldGeneratedFile, C:\Users\ASUS\STM32CubeIDE\workspace_ETH_LWIP\LWIP_ETH\Core\Src\stm32f2xx_hal_msp.c_save
2026-06-10 17:44:03,869 [INFO] CodeEngine:289 - Generated code: C:\Users\ASUS\STM32CubeIDE\workspace_ETH_LWIP\LWIP_ETH\Core\Src\stm32f2xx_hal_msp.c
2026-06-10 17:44:03,888 [INFO] CodeEngine:265 - oldGeneratedFile, C:\Users\ASUS\STM32CubeIDE\workspace_ETH_LWIP\LWIP_ETH\MXTmpFiles\system.tmp_save
2026-06-10 17:44:04,018 [INFO] CodeEngine:289 - Generated code: C:\Users\ASUS\STM32CubeIDE\workspace_ETH_LWIP\LWIP_ETH\MXTmpFiles\system.tmp
2026-06-10 17:44:04,038 [INFO] CodeEngine:265 - oldGeneratedFile, C:\Users\ASUS\STM32CubeIDE\workspace_ETH_LWIP\LWIP_ETH\Core\Src\stm32f2xx_hal_timebase_tim.c_save
2026-06-10 17:44:04,180 [INFO] CodeEngine:289 - Generated code: C:\Users\ASUS\STM32CubeIDE\workspace_ETH_LWIP\LWIP_ETH\Core\Src\stm32f2xx_hal_timebase_tim.c
2026-06-10 17:44:04,221 [INFO] CodeEngine:321 - oldGeneratedFile, C:\Users\ASUS\STM32CubeIDE\workspace_ETH_LWIP\LWIP_ETH\Core\Inc\stm32f2xx_hal_conf.h_save
2026-06-10 17:44:04,360 [INFO] CodeEngine:345 - Generated code: C:\Users\ASUS\STM32CubeIDE\workspace_ETH_LWIP\LWIP_ETH\Core\Inc\stm32f2xx_hal_conf.h
2026-06-10 17:44:04,456 [WARN] IPConfigManager:3811 - IP not found : USB_OTG
2026-06-10 17:44:04,460 [WARN] CodeGenerator:4259 - IP not found : null
2026-06-10 17:44:04,498 [INFO] CodeEngine:265 - oldGeneratedFile, C:\Users\ASUS\STM32CubeIDE\workspace_ETH_LWIP\LWIP_ETH\Core\Inc\main.h_save
2026-06-10 17:44:04,722 [INFO] CodeEngine:289 - Generated code: C:\Users\ASUS\STM32CubeIDE\workspace_ETH_LWIP\LWIP_ETH\Core\Inc\main.h
2026-06-10 17:44:04,742 [INFO] CodeEngine:265 - oldGeneratedFile, C:\Users\ASUS\STM32CubeIDE\workspace_ETH_LWIP\LWIP_ETH\Core\Src\main.c_save
2026-06-10 17:44:04,977 [INFO] CodeEngine:289 - Generated code: C:\Users\ASUS\STM32CubeIDE\workspace_ETH_LWIP\LWIP_ETH\Core\Src\main.c
2026-06-10 17:44:07,981 [INFO] ProjectBuilder:3606 - Time for Copy HAL[1] : 2143mS.
2026-06-10 17:44:08,034 [INFO] ProjectBuilder:5216 - Project Generator version: 4.7.0-B52
2026-06-10 17:44:08,345 [INFO] ConfigFileManager:1595 - The Die is : DIE411
2026-06-10 17:44:22,654 [INFO] ProjectBuilder:5496 - Time for Generating toolchain IDE Files: 14620mS.
2026-06-10 17:44:22,658 [INFO] ProjectBuilder:3463 - Time for Copy CMSIS : 2mS.
2026-06-10 17:44:22,903 [INFO] ProjectBuilder:3463 - Time for Copy CMSIS : 1mS.
