2026-06-09 10:27:35,434 [INFO] Activator:176 - 


2026-06-09 10:27:35,472 [INFO] Activator:177 - !SESSION log4j initialized
2026-06-09 10:28:11,100 [INFO] LogOutputStream:77 - [STDOUT_REDIRECT] 
2026-06-09 10:28:14,463 [INFO] ApplicationProperties:184 - Using Application install path: C:\ST\STM32CubeIDE_1.19.0\STM32CubeIDE\plugins\com.st.stm32cube.common.mx_6.15.0.202507011659
2026-06-09 10:28:14,522 [INFO] DbMcusXml:78 - Set database path to: C:\ST\STM32CubeIDE_1.19.0\STM32CubeIDE\plugins\com.st.stm32cube.common.mx_6.15.0.202507011659\\db\/mcu/
2026-06-09 10:28:14,522 [INFO] ApiDb:274 - Set plugin database path to: C:\ST\STM32CubeIDE_1.19.0\STM32CubeIDE\plugins\com.st.stm32cube.common.mx_6.15.0.202507011659\\db\/plugins/boardmanager/
2026-06-09 10:28:14,522 [WARN] ApiDb:259 - Overriding images path with different value:  => C:\ST\STM32CubeIDE_1.19.0\STM32CubeIDE\plugins\com.st.stm32cube.common.mx_6.15.0.202507011659\\db\/plugins/mcufinder/images/
2026-06-09 10:28:14,542 [INFO] ApiDb:250 - Set database path to: C:\Users\ASUS\.stmcufinder\plugins\mcufinder//mcu/
2026-06-09 10:28:14,552 [INFO] DbMcusAds:125 - Set database path to: C:\Users\ASUS\.stmcufinder\plugins\mcufinder//mcu/
2026-06-09 10:28:14,558 [INFO] CrossReferenceDbSqlite:203 - Set database path to: C:\Users\ASUS\.stmcufinder\plugins\mcufinder//mcu/cs/
2026-06-09 10:28:14,936 [INFO] RulesReader:64 - Compatibility file has been processed (317 Rules)
2026-06-09 10:28:15,231 [INFO] DbMcusXml:78 - Set database path to: C:\ST\STM32CubeIDE_1.19.0\STM32CubeIDE\plugins\com.st.stm32cube.common.mx_6.15.0.202507011659\\db\/mcu/
2026-06-09 10:28:15,231 [INFO] ApiDb:274 - Set plugin database path to: C:\ST\STM32CubeIDE_1.19.0\STM32CubeIDE\plugins\com.st.stm32cube.common.mx_6.15.0.202507011659\\db\/plugins/boardmanager/
2026-06-09 10:28:15,232 [INFO] ApiDb:261 - Set plugin images path to: C:\ST\STM32CubeIDE_1.19.0\STM32CubeIDE\plugins\com.st.stm32cube.common.mx_6.15.0.202507011659\\db\/plugins/mcufinder/images/
2026-06-09 10:28:15,232 [WARN] DbFile:41 - Overriding database path with different value: C:\Users\ASUS\.stmcufinder\plugins\mcufinder/ => C:\Users\ASUS\.stmcufinder\plugins\mcufinder
2026-06-09 10:28:15,233 [INFO] ApiDb:250 - Set database path to: C:\Users\ASUS\.stmcufinder\plugins\mcufinder//mcu/
2026-06-09 10:28:15,233 [WARN] DbFile:41 - Overriding database path with different value: C:\Users\ASUS\.stmcufinder\plugins\mcufinder/ => C:\Users\ASUS\.stmcufinder\plugins\mcufinder
2026-06-09 10:28:15,233 [INFO] DbMcusAds:125 - Set database path to: C:\Users\ASUS\.stmcufinder\plugins\mcufinder//mcu/
2026-06-09 10:28:15,234 [WARN] DbFile:41 - Overriding database path with different value: C:\Users\ASUS\.stmcufinder\plugins\mcufinder/ => C:\Users\ASUS\.stmcufinder\plugins\mcufinder
2026-06-09 10:28:15,234 [WARN] DbFile:41 - Overriding database path with different value: C:\Users\ASUS\.stmcufinder\plugins\mcufinder/ => C:\Users\ASUS\.stmcufinder\plugins\mcufinder
2026-06-09 10:28:15,234 [INFO] CrossReferenceDbSqlite:203 - Set database path to: C:\Users\ASUS\.stmcufinder\plugins\mcufinder//mcu/cs/
2026-06-09 10:28:15,465 [INFO] MainPanel:274 - HeapMemory: 268435456
2026-06-09 10:28:15,804 [INFO] DbMcusXml:78 - Set database path to: C:\ST\STM32CubeIDE_1.19.0\STM32CubeIDE\plugins\com.st.stm32cube.common.mx_6.15.0.202507011659\\db\/mcu/
2026-06-09 10:28:15,806 [INFO] ApiDb:274 - Set plugin database path to: C:\ST\STM32CubeIDE_1.19.0\STM32CubeIDE\plugins\com.st.stm32cube.common.mx_6.15.0.202507011659\\db\/plugins/boardmanager/
2026-06-09 10:28:15,806 [INFO] ApiDb:261 - Set plugin images path to: C:\ST\STM32CubeIDE_1.19.0\STM32CubeIDE\plugins\com.st.stm32cube.common.mx_6.15.0.202507011659\\db\/plugins/mcufinder/images/
2026-06-09 10:28:15,806 [WARN] DbFile:41 - Overriding database path with different value: C:\Users\ASUS\.stmcufinder\plugins\mcufinder/ => C:\Users\ASUS\.stmcufinder\plugins\mcufinder
2026-06-09 10:28:15,806 [INFO] ApiDb:250 - Set database path to: C:\Users\ASUS\.stmcufinder\plugins\mcufinder//mcu/
2026-06-09 10:28:15,806 [WARN] DbFile:41 - Overriding database path with different value: C:\Users\ASUS\.stmcufinder\plugins\mcufinder/ => C:\Users\ASUS\.stmcufinder\plugins\mcufinder
2026-06-09 10:28:15,806 [INFO] DbMcusAds:125 - Set database path to: C:\Users\ASUS\.stmcufinder\plugins\mcufinder//mcu/
2026-06-09 10:28:15,806 [WARN] DbFile:41 - Overriding database path with different value: C:\Users\ASUS\.stmcufinder\plugins\mcufinder/ => C:\Users\ASUS\.stmcufinder\plugins\mcufinder
2026-06-09 10:28:15,806 [WARN] DbFile:41 - Overriding database path with different value: C:\Users\ASUS\.stmcufinder\plugins\mcufinder/ => C:\Users\ASUS\.stmcufinder\plugins\mcufinder
2026-06-09 10:28:15,806 [INFO] CrossReferenceDbSqlite:203 - Set database path to: C:\Users\ASUS\.stmcufinder\plugins\mcufinder//mcu/cs/
2026-06-09 10:28:15,862 [INFO] ApplicationProperties:184 - Using Application install path: C:\ST\STM32CubeIDE_1.19.0\STM32CubeIDE\plugins\com.st.stm32cube.common.mx_6.15.0.202507011659
2026-06-09 10:28:15,862 [INFO] PluginManage:196 - Search for loadable plugins [exclusion list=, ]
2026-06-09 10:28:15,872 [INFO] PluginManage:310 - Check plugin analytics
2026-06-09 10:28:16,507 [INFO] AnalyticsPlugin:253 - Accepted Software Licenses: 
2026-06-09 10:28:16,510 [INFO] AnalyticsPlugin:255 - Accepted CMSIS Pack Licenses: 
2026-06-09 10:28:16,510 [INFO] AnalyticsPlugin:257 - Accepted Firmware Licenses: FW.F4.1.28.0,FW.C0.1.4.0
2026-06-09 10:28:16,519 [INFO] PluginManage:359 - Loaded plugin analytics (category:tool,tabindex:-1)
2026-06-09 10:28:16,519 [INFO] PluginManage:310 - Check plugin cadmodel
2026-06-09 10:28:16,527 [INFO] CADModel:105 - Init CAD model plugin
2026-06-09 10:28:16,527 [INFO] PluginManage:359 - Loaded plugin cadmodel (category:power,tabindex:5)
2026-06-09 10:28:16,527 [INFO] PluginManage:310 - Check plugin clock
2026-06-09 10:28:16,567 [INFO] PluginManage:359 - Loaded plugin clock (category:base,tabindex:2)
2026-06-09 10:28:16,567 [INFO] PluginManage:310 - Check plugin ddr
2026-06-09 10:28:16,576 [INFO] PluginManage:359 - Loaded plugin ddr (category:tool,tabindex:6)
2026-06-09 10:28:16,576 [INFO] PluginManage:310 - Check plugin filemanager
2026-06-09 10:28:17,009 [INFO] PluginManage:359 - Loaded plugin filemanager (category:base,tabindex:10)
2026-06-09 10:28:17,009 [INFO] PluginManage:310 - Check plugin ipmanager
2026-06-09 10:28:17,031 [INFO] PluginManage:359 - Loaded plugin ipmanager (category:base,tabindex:5)
2026-06-09 10:28:17,031 [INFO] PluginManage:310 - Check plugin lpbam
2026-06-09 10:28:17,052 [INFO] PluginManage:359 - Loaded plugin lpbam (category:base,tabindex:0)
2026-06-09 10:28:17,057 [INFO] PluginManage:310 - Check plugin memorymap
2026-06-09 10:28:17,108 [INFO] PluginManage:359 - Loaded plugin memorymap (category:base,tabindex:4)
2026-06-09 10:28:17,108 [INFO] PluginManage:310 - Check plugin pinoutandconfiguration
2026-06-09 10:28:17,135 [INFO] PluginManage:359 - Loaded plugin pinoutandconfiguration (category:base,tabindex:1)
2026-06-09 10:28:17,135 [INFO] PluginManage:310 - Check plugin pinoutconfig
2026-06-09 10:28:17,478 [WARN] SupportedApi:132 - Cannot load RTOS API schema: s4s-elt-must-match.1: The content of 'definitions' must match (annotation?, (simpleType | complexType)?, (unique | key | keyref)*)). A problem was found starting at: attribute.
2026-06-09 10:28:18,043 [INFO] PluginManage:359 - Loaded plugin pinoutconfig (category:base,tabindex:0)
2026-06-09 10:28:18,043 [INFO] PluginManage:310 - Check plugin power
2026-06-09 10:28:18,083 [INFO] PluginManage:359 - Loaded plugin power (category:power,tabindex:4)
2026-06-09 10:28:18,083 [INFO] PluginManage:310 - Check plugin projectmanager
2026-06-09 10:28:18,149 [INFO] PluginManage:359 - Loaded plugin projectmanager (category:projectmanager,tabindex:4)
2026-06-09 10:28:18,150 [INFO] PluginManage:310 - Check plugin rif
2026-06-09 10:28:18,177 [INFO] PluginManage:359 - Loaded plugin rif (category:base,tabindex:3)
2026-06-09 10:28:18,177 [INFO] PluginManage:310 - Check plugin thirdparty
2026-06-09 10:28:18,622 [INFO] PluginManage:359 - Loaded plugin thirdparty (category:base,tabindex:-1)
2026-06-09 10:28:18,622 [WARN] IntegrityCheckThread:84 - waiting for thirdparty lock release [integrity check]
2026-06-09 10:28:18,622 [INFO] IntegrityCheckThread:86 - entering critical section [integrity check]
2026-06-09 10:28:18,622 [INFO] PluginManage:310 - Check plugin tools
2026-06-09 10:28:18,622 [INFO] ThirdPartyUpdaterWithRetryManager:70 - Updater plugin not ready yet. [1/15]
2026-06-09 10:28:18,638 [INFO] PluginManage:359 - Loaded plugin tools (category:base,tabindex:7)
2026-06-09 10:28:18,638 [INFO] PluginManage:310 - Check plugin tutovideos
2026-06-09 10:28:19,383 [INFO] PluginManage:359 - Loaded plugin tutovideos (category:base,tabindex:-1)
2026-06-09 10:28:19,383 [INFO] PluginManage:310 - Check plugin updater
2026-06-09 10:28:19,438 [INFO] PluginManage:359 - Loaded plugin updater (category:base,tabindex:12)
2026-06-09 10:28:19,439 [INFO] PluginManage:310 - Check plugin userauth
2026-06-09 10:28:19,449 [INFO] UserAuth:118 - Init User Auth plugin
2026-06-09 10:28:19,453 [INFO] PluginManage:359 - Loaded plugin userauth (category:base,tabindex:14)
2026-06-09 10:28:19,453 [INFO] PluginManage:283 - PluginManage : Loaded plugins [18]
2026-06-09 10:28:20,108 [INFO] PinOutPanel:1589 - setPackage(No Configuration,No Configuration)
2026-06-09 10:28:20,379 [INFO] CADModel:165 - CPN selected for project level
2026-06-09 10:28:20,382 [INFO] CADModel:114 - Register for checkConnection events
2026-06-09 10:28:20,433 [INFO] IPUIPlugin:80 - create IPUIPlugin
2026-06-09 10:28:20,433 [INFO] PluginManager:220 - loadIPPluginJar : add adc
2026-06-09 10:28:20,442 [INFO] IPUIPlugin:80 - create IPUIPlugin
2026-06-09 10:28:20,442 [INFO] PluginManager:220 - loadIPPluginJar : add aes
2026-06-09 10:28:20,449 [INFO] IPUIPlugin:80 - create IPUIPlugin
2026-06-09 10:28:20,449 [INFO] PluginManager:220 - loadIPPluginJar : add can
2026-06-09 10:28:20,454 [INFO] IPUIPlugin:80 - create IPUIPlugin
2026-06-09 10:28:20,454 [INFO] PluginManager:220 - loadIPPluginJar : add comp
2026-06-09 10:28:20,462 [INFO] IPUIPlugin:80 - create IPUIPlugin
2026-06-09 10:28:20,464 [INFO] PluginManager:220 - loadIPPluginJar : add cryp
2026-06-09 10:28:20,471 [INFO] IPUIPlugin:80 - create IPUIPlugin
2026-06-09 10:28:20,471 [INFO] PluginManager:220 - loadIPPluginJar : add ddr_ctrl_phy
2026-06-09 10:28:20,480 [INFO] IPUIPlugin:80 - create IPUIPlugin
2026-06-09 10:28:20,480 [INFO] PluginManager:220 - loadIPPluginJar : add dfsdm
2026-06-09 10:28:20,494 [INFO] IPUIPlugin:80 - create IPUIPlugin
2026-06-09 10:28:20,496 [INFO] PluginManager:220 - loadIPPluginJar : add dma
2026-06-09 10:28:20,504 [INFO] IPUIPlugin:80 - create IPUIPlugin
2026-06-09 10:28:20,504 [INFO] PluginManager:220 - loadIPPluginJar : add dma3
2026-06-09 10:28:20,513 [INFO] IPUIPlugin:80 - create IPUIPlugin
2026-06-09 10:28:20,513 [INFO] PluginManager:220 - loadIPPluginJar : add extmemmanager
2026-06-09 10:28:20,513 [INFO] IPUIPlugin:80 - create IPUIPlugin
2026-06-09 10:28:20,513 [INFO] PluginManager:220 - loadIPPluginJar : add fatfs
2026-06-09 10:28:20,527 [INFO] IPUIPlugin:80 - create IPUIPlugin
2026-06-09 10:28:20,527 [INFO] PluginManager:220 - loadIPPluginJar : add fmc
2026-06-09 10:28:20,548 [INFO] IPUIPlugin:80 - create IPUIPlugin
2026-06-09 10:28:20,548 [INFO] PluginManager:220 - loadIPPluginJar : add freertos
2026-06-09 10:28:20,553 [INFO] IPUIPlugin:80 - create IPUIPlugin
2026-06-09 10:28:20,553 [INFO] PluginManager:220 - loadIPPluginJar : add genericplugin
2026-06-09 10:28:20,561 [INFO] IPUIPlugin:80 - create IPUIPlugin
2026-06-09 10:28:20,561 [INFO] PluginManager:220 - loadIPPluginJar : add gfxmmu
2026-06-09 10:28:20,574 [INFO] IPUIPlugin:80 - create IPUIPlugin
2026-06-09 10:28:20,579 [INFO] PluginManager:220 - loadIPPluginJar : add gic
2026-06-09 10:28:20,587 [INFO] IPUIPlugin:80 - create IPUIPlugin
2026-06-09 10:28:20,587 [INFO] PluginManager:220 - loadIPPluginJar : add gpio
2026-06-09 10:28:20,602 [INFO] IPUIPlugin:80 - create IPUIPlugin
2026-06-09 10:28:20,602 [INFO] PluginManager:220 - loadIPPluginJar : add gtzc
2026-06-09 10:28:20,609 [INFO] IPUIPlugin:80 - create IPUIPlugin
2026-06-09 10:28:20,610 [INFO] PluginManager:220 - loadIPPluginJar : add hash
2026-06-09 10:28:20,617 [INFO] IPUIPlugin:80 - create IPUIPlugin
2026-06-09 10:28:20,618 [INFO] PluginManager:220 - loadIPPluginJar : add i2c
2026-06-09 10:28:20,625 [INFO] IPUIPlugin:80 - create IPUIPlugin
2026-06-09 10:28:20,626 [INFO] PluginManager:220 - loadIPPluginJar : add i2s
2026-06-09 10:28:20,633 [INFO] IPUIPlugin:80 - create IPUIPlugin
2026-06-09 10:28:20,633 [INFO] PluginManager:220 - loadIPPluginJar : add i3c
2026-06-09 10:28:20,641 [INFO] IPUIPlugin:80 - create IPUIPlugin
2026-06-09 10:28:20,641 [INFO] PluginManager:220 - loadIPPluginJar : add ipddr
2026-06-09 10:28:20,661 [INFO] IPUIPlugin:80 - create IPUIPlugin
2026-06-09 10:28:20,661 [INFO] PluginManager:220 - loadIPPluginJar : add linkedlist
2026-06-09 10:28:20,673 [INFO] IPUIPlugin:80 - create IPUIPlugin
2026-06-09 10:28:20,673 [INFO] PluginManager:220 - loadIPPluginJar : add lorawan
2026-06-09 10:28:20,678 [INFO] IPUIPlugin:80 - create IPUIPlugin
2026-06-09 10:28:20,678 [INFO] PluginManager:220 - loadIPPluginJar : add ltdc
2026-06-09 10:28:20,692 [INFO] IPUIPlugin:80 - create IPUIPlugin
2026-06-09 10:28:20,692 [INFO] PluginManager:220 - loadIPPluginJar : add mdma
2026-06-09 10:28:20,699 [INFO] IPUIPlugin:80 - create IPUIPlugin
2026-06-09 10:28:20,699 [INFO] PluginManager:220 - loadIPPluginJar : add nvic
2026-06-09 10:28:20,712 [INFO] IPUIPlugin:80 - create IPUIPlugin
2026-06-09 10:28:20,712 [INFO] PluginManager:220 - loadIPPluginJar : add opamp
2026-06-09 10:28:20,722 [INFO] IPUIPlugin:80 - create IPUIPlugin
2026-06-09 10:28:20,722 [INFO] PluginManager:220 - loadIPPluginJar : add openamp
2026-06-09 10:28:20,732 [INFO] IPUIPlugin:80 - create IPUIPlugin
2026-06-09 10:28:20,732 [INFO] PluginManager:220 - loadIPPluginJar : add pdm2pcm
2026-06-09 10:28:20,761 [INFO] IPUIPlugin:80 - create IPUIPlugin
2026-06-09 10:28:20,770 [INFO] PluginManager:220 - loadIPPluginJar : add plateformsettings
2026-06-09 10:28:20,782 [INFO] IPUIPlugin:80 - create IPUIPlugin
2026-06-09 10:28:20,783 [INFO] PluginManager:220 - loadIPPluginJar : add quadspi
2026-06-09 10:28:20,790 [INFO] IPUIPlugin:80 - create IPUIPlugin
2026-06-09 10:28:20,792 [INFO] PluginManager:220 - loadIPPluginJar : add radio
2026-06-09 10:28:20,806 [INFO] IPUIPlugin:80 - create IPUIPlugin
2026-06-09 10:28:20,806 [INFO] PluginManager:220 - loadIPPluginJar : add resmgrutility
2026-06-09 10:28:20,819 [INFO] IPUIPlugin:80 - create IPUIPlugin
2026-06-09 10:28:20,819 [INFO] PluginManager:220 - loadIPPluginJar : add sai
2026-06-09 10:28:20,828 [INFO] IPUIPlugin:80 - create IPUIPlugin
2026-06-09 10:28:20,830 [INFO] PluginManager:220 - loadIPPluginJar : add spi
2026-06-09 10:28:20,853 [INFO] IPUIPlugin:80 - create IPUIPlugin
2026-06-09 10:28:20,855 [INFO] PluginManager:220 - loadIPPluginJar : add stm32_wpan
2026-06-09 10:28:20,858 [INFO] IPUIPlugin:80 - create IPUIPlugin
2026-06-09 10:28:20,858 [INFO] PluginManager:220 - loadIPPluginJar : add tim
2026-06-09 10:28:20,869 [INFO] IPUIPlugin:80 - create IPUIPlugin
2026-06-09 10:28:20,869 [INFO] PluginManager:220 - loadIPPluginJar : add touchsensing
2026-06-09 10:28:20,885 [INFO] IPUIPlugin:80 - create IPUIPlugin
2026-06-09 10:28:20,887 [INFO] PluginManager:220 - loadIPPluginJar : add tracer_emb
2026-06-09 10:28:20,893 [INFO] IPUIPlugin:80 - create IPUIPlugin
2026-06-09 10:28:20,895 [INFO] PluginManager:220 - loadIPPluginJar : add ts
2026-06-09 10:28:20,898 [INFO] IPUIPlugin:80 - create IPUIPlugin
2026-06-09 10:28:20,898 [INFO] PluginManager:220 - loadIPPluginJar : add tsc
2026-06-09 10:28:20,898 [INFO] IPUIPlugin:80 - create IPUIPlugin
2026-06-09 10:28:20,898 [INFO] PluginManager:220 - loadIPPluginJar : add ucpd
2026-06-09 10:28:20,919 [INFO] IPUIPlugin:80 - create IPUIPlugin
2026-06-09 10:28:20,919 [INFO] PluginManager:220 - loadIPPluginJar : add usart
2026-06-09 10:28:20,932 [INFO] IPUIPlugin:80 - create IPUIPlugin
2026-06-09 10:28:20,932 [INFO] PluginManager:220 - loadIPPluginJar : add usbx
2026-06-09 10:28:21,231 [FATAL] Updater:351 - Updater called before beeing initialized
2026-06-09 10:28:21,317 [INFO] RulesReader:64 - Compatibility file has been processed (317 Rules)
2026-06-09 10:28:21,350 [INFO] RulesReader:64 - Compatibility file has been processed (317 Rules)
2026-06-09 10:28:21,367 [INFO] CADModel:165 - CPN selected for project level
2026-06-09 10:28:21,367 [INFO] CADModel:114 - Register for checkConnection events
2026-06-09 10:28:21,367 [FATAL] Updater:351 - Updater called before beeing initialized
2026-06-09 10:28:21,367 [ERROR] CADModel:125 - Updater not yet initialized, retry later 
2026-06-09 10:28:21,646 [INFO] ThirdPartyUpdaterWithRetryManager:70 - Updater plugin not ready yet. [2/15]
2026-06-09 10:28:21,851 [FATAL] Updater:351 - Updater called before beeing initialized
2026-06-09 10:28:21,859 [INFO] CADModel:165 - CPN selected for project level
2026-06-09 10:28:21,859 [INFO] CADModel:114 - Register for checkConnection events
2026-06-09 10:28:21,859 [FATAL] Updater:351 - Updater called before beeing initialized
2026-06-09 10:28:21,859 [ERROR] CADModel:125 - Updater not yet initialized, retry later 
2026-06-09 10:28:21,871 [FATAL] Updater:351 - Updater called before beeing initialized
2026-06-09 10:28:22,195 [FATAL] Updater:351 - Updater called before beeing initialized
2026-06-09 10:28:22,211 [INFO] DbMcusAds:53 - JSON generation date=Thu May 28 21:38:17 IST 2026 (1779984497073)
2026-06-09 10:28:22,211 [FATAL] Updater:351 - Updater called before beeing initialized
2026-06-09 10:28:22,311 [WARN] DetailPanel:346 - Failed to get advertising image, set to default
2026-06-09 10:28:22,619 [FATAL] Updater:351 - Updater called before beeing initialized
2026-06-09 10:28:22,625 [FATAL] Updater:351 - Updater called before beeing initialized
2026-06-09 10:28:22,625 [FATAL] Updater:351 - Updater called before beeing initialized
2026-06-09 10:28:22,626 [WARN] DetailPanel:346 - Failed to get advertising image, set to default
2026-06-09 10:28:22,628 [FATAL] Updater:351 - Updater called before beeing initialized
2026-06-09 10:28:22,768 [ERROR] Updater:1198 - MainUpdater not yet initialized. External WinMGr cannot be set.
2026-06-09 10:28:22,779 [INFO] Updater:1134 - Updater Version found : 6.15.0
2026-06-09 10:28:22,826 [INFO] ApplicationProperties:184 - Using Application install path: C:\ST\STM32CubeIDE_1.19.0\STM32CubeIDE\plugins\com.st.stm32cube.common.mx_6.15.0.202507011659
2026-06-09 10:28:24,478 [ERROR] LogOutputStream:75 - [STDERR_REDIRECT] Jun 09, 2026 10:28:24 AM java.util.prefs.WindowsPreferences <init>
2026-06-09 10:28:24,484 [ERROR] LogOutputStream:75 - [STDERR_REDIRECT] WARNING: Could not open/create prefs root node Software\JavaSoft\Prefs at root 0xffffffff80000002. Windows RegCreateKeyEx(...) returned error code 5.
2026-06-09 10:28:24,485 [ERROR] LogOutputStream:75 - [STDERR_REDIRECT] 
2026-06-09 10:28:24,655 [FATAL] Updater:351 - Updater called before beeing initialized
2026-06-09 10:28:24,656 [ERROR] IntegrityCheckThread:130 - Cannot retrieve database content from updater: error 21
2026-06-09 10:28:24,657 [INFO] ThirdParty:978 - Integrity check success = false
2026-06-09 10:28:24,657 [INFO] IntegrityCheckThread:100 - exiting critical section [integrity check]
2026-06-09 10:28:24,657 [INFO] IntegrityCheckThread:103 - End integrity checks thread
2026-06-09 10:28:25,373 [INFO] MainUpdater:2872 - connection check result : 10
2026-06-09 10:28:25,375 [INFO] MainUpdater:289 - Updater Check For Update Now.
2026-06-09 10:28:25,377 [INFO] MicroXplorer:498 - Change Database Version : DB.6.0.150
2026-06-09 10:28:25,406 [INFO] McuFinderGlobals:63 - Set McuFinder mode to 2 (CubeIDE integrated)
2026-06-09 10:28:25,408 [INFO] UserAuth:487 - Internet connection configuration mode: 1
2026-06-09 10:28:25,482 [INFO] JxBrowserEngine:152 - Initiate JxBrowser Engine with user profile folder
2026-06-09 10:28:25,769 [INFO] CheckServerUpdateThread:120 - End of CheckServer Thread
2026-06-09 10:28:28,709 [INFO] WebApp:169 - Instantiating new browser for Auth
2026-06-09 10:28:32,052 [INFO] WebApp:463 - Apply proxy settings
2026-06-09 10:28:32,056 [INFO] WebApp:548 - Chromium requires no authentication
2026-06-09 10:28:32,098 [INFO] WebApp:491 - Direct internet connection detected
2026-06-09 10:28:32,239 [INFO] WebApp:900 - Register for checkConnection events
2026-06-09 10:28:32,239 [INFO] WebApp:463 - Apply proxy settings
2026-06-09 10:28:32,240 [INFO] WebApp:548 - Chromium requires no authentication
2026-06-09 10:28:32,241 [INFO] WebApp:491 - Direct internet connection detected
2026-06-09 10:28:32,572 [INFO] WebApp:191 - Connection restablished
2026-06-09 10:28:34,216 [INFO] WebApp:225 - Starting web application
2026-06-09 10:28:34,218 [INFO] WebApp:593 - Web application path used C:\ST\STM32CubeIDE_1.19.0\STM32CubeIDE\plugins\com.st.stm32cube.common.mx_6.15.0.202507011659\db\plugins\mcufinder\reactClient1\index.html
2026-06-09 10:28:34,846 [INFO] UserAuth:487 - Internet connection configuration mode: 1
2026-06-09 10:34:43,233 [ERROR] LogOutputStream:75 - [STDERR_REDIRECT] 
2026-06-09 16:19:40,813 [INFO] Activator:176 - 


2026-06-09 16:19:40,905 [INFO] Activator:177 - !SESSION log4j initialized
2026-06-09 16:20:11,237 [INFO] LogOutputStream:77 - [STDOUT_REDIRECT] 
2026-06-09 16:20:15,731 [INFO] ApplicationProperties:184 - Using Application install path: C:\ST\STM32CubeIDE_1.19.0\STM32CubeIDE\plugins\com.st.stm32cube.common.mx_6.15.0.202507011659
2026-06-09 16:20:15,785 [INFO] DbMcusXml:78 - Set database path to: C:\ST\STM32CubeIDE_1.19.0\STM32CubeIDE\plugins\com.st.stm32cube.common.mx_6.15.0.202507011659\\db\/mcu/
2026-06-09 16:20:15,785 [INFO] ApiDb:274 - Set plugin database path to: C:\ST\STM32CubeIDE_1.19.0\STM32CubeIDE\plugins\com.st.stm32cube.common.mx_6.15.0.202507011659\\db\/plugins/boardmanager/
2026-06-09 16:20:15,785 [WARN] ApiDb:259 - Overriding images path with different value:  => C:\ST\STM32CubeIDE_1.19.0\STM32CubeIDE\plugins\com.st.stm32cube.common.mx_6.15.0.202507011659\\db\/plugins/mcufinder/images/
2026-06-09 16:20:15,812 [INFO] ApiDb:250 - Set database path to: C:\Users\ASUS\.stmcufinder\plugins\mcufinder//mcu/
2026-06-09 16:20:15,812 [INFO] DbMcusAds:125 - Set database path to: C:\Users\ASUS\.stmcufinder\plugins\mcufinder//mcu/
2026-06-09 16:20:15,826 [INFO] CrossReferenceDbSqlite:203 - Set database path to: C:\Users\ASUS\.stmcufinder\plugins\mcufinder//mcu/cs/
2026-06-09 16:20:16,193 [INFO] RulesReader:64 - Compatibility file has been processed (317 Rules)
2026-06-09 16:20:16,477 [INFO] DbMcusXml:78 - Set database path to: C:\ST\STM32CubeIDE_1.19.0\STM32CubeIDE\plugins\com.st.stm32cube.common.mx_6.15.0.202507011659\\db\/mcu/
2026-06-09 16:20:16,477 [INFO] ApiDb:274 - Set plugin database path to: C:\ST\STM32CubeIDE_1.19.0\STM32CubeIDE\plugins\com.st.stm32cube.common.mx_6.15.0.202507011659\\db\/plugins/boardmanager/
2026-06-09 16:20:16,477 [INFO] ApiDb:261 - Set plugin images path to: C:\ST\STM32CubeIDE_1.19.0\STM32CubeIDE\plugins\com.st.stm32cube.common.mx_6.15.0.202507011659\\db\/plugins/mcufinder/images/
2026-06-09 16:20:16,477 [WARN] DbFile:41 - Overriding database path with different value: C:\Users\ASUS\.stmcufinder\plugins\mcufinder/ => C:\Users\ASUS\.stmcufinder\plugins\mcufinder
2026-06-09 16:20:16,477 [INFO] ApiDb:250 - Set database path to: C:\Users\ASUS\.stmcufinder\plugins\mcufinder//mcu/
2026-06-09 16:20:16,477 [WARN] DbFile:41 - Overriding database path with different value: C:\Users\ASUS\.stmcufinder\plugins\mcufinder/ => C:\Users\ASUS\.stmcufinder\plugins\mcufinder
2026-06-09 16:20:16,477 [INFO] DbMcusAds:125 - Set database path to: C:\Users\ASUS\.stmcufinder\plugins\mcufinder//mcu/
2026-06-09 16:20:16,477 [WARN] DbFile:41 - Overriding database path with different value: C:\Users\ASUS\.stmcufinder\plugins\mcufinder/ => C:\Users\ASUS\.stmcufinder\plugins\mcufinder
2026-06-09 16:20:16,477 [WARN] DbFile:41 - Overriding database path with different value: C:\Users\ASUS\.stmcufinder\plugins\mcufinder/ => C:\Users\ASUS\.stmcufinder\plugins\mcufinder
2026-06-09 16:20:16,477 [INFO] CrossReferenceDbSqlite:203 - Set database path to: C:\Users\ASUS\.stmcufinder\plugins\mcufinder//mcu/cs/
2026-06-09 16:20:16,696 [INFO] MainPanel:274 - HeapMemory: 268435456
2026-06-09 16:20:17,016 [INFO] DbMcusXml:78 - Set database path to: C:\ST\STM32CubeIDE_1.19.0\STM32CubeIDE\plugins\com.st.stm32cube.common.mx_6.15.0.202507011659\\db\/mcu/
2026-06-09 16:20:17,016 [INFO] ApiDb:274 - Set plugin database path to: C:\ST\STM32CubeIDE_1.19.0\STM32CubeIDE\plugins\com.st.stm32cube.common.mx_6.15.0.202507011659\\db\/plugins/boardmanager/
2026-06-09 16:20:17,016 [INFO] ApiDb:261 - Set plugin images path to: C:\ST\STM32CubeIDE_1.19.0\STM32CubeIDE\plugins\com.st.stm32cube.common.mx_6.15.0.202507011659\\db\/plugins/mcufinder/images/
2026-06-09 16:20:17,016 [WARN] DbFile:41 - Overriding database path with different value: C:\Users\ASUS\.stmcufinder\plugins\mcufinder/ => C:\Users\ASUS\.stmcufinder\plugins\mcufinder
2026-06-09 16:20:17,016 [INFO] ApiDb:250 - Set database path to: C:\Users\ASUS\.stmcufinder\plugins\mcufinder//mcu/
2026-06-09 16:20:17,016 [WARN] DbFile:41 - Overriding database path with different value: C:\Users\ASUS\.stmcufinder\plugins\mcufinder/ => C:\Users\ASUS\.stmcufinder\plugins\mcufinder
2026-06-09 16:20:17,030 [INFO] DbMcusAds:125 - Set database path to: C:\Users\ASUS\.stmcufinder\plugins\mcufinder//mcu/
2026-06-09 16:20:17,030 [WARN] DbFile:41 - Overriding database path with different value: C:\Users\ASUS\.stmcufinder\plugins\mcufinder/ => C:\Users\ASUS\.stmcufinder\plugins\mcufinder
2026-06-09 16:20:17,030 [WARN] DbFile:41 - Overriding database path with different value: C:\Users\ASUS\.stmcufinder\plugins\mcufinder/ => C:\Users\ASUS\.stmcufinder\plugins\mcufinder
2026-06-09 16:20:17,030 [INFO] CrossReferenceDbSqlite:203 - Set database path to: C:\Users\ASUS\.stmcufinder\plugins\mcufinder//mcu/cs/
2026-06-09 16:20:17,080 [INFO] ApplicationProperties:184 - Using Application install path: C:\ST\STM32CubeIDE_1.19.0\STM32CubeIDE\plugins\com.st.stm32cube.common.mx_6.15.0.202507011659
2026-06-09 16:20:17,080 [INFO] PluginManage:196 - Search for loadable plugins [exclusion list=, ]
2026-06-09 16:20:17,080 [INFO] PluginManage:310 - Check plugin analytics
2026-06-09 16:20:18,028 [INFO] AnalyticsPlugin:253 - Accepted Software Licenses: 
2026-06-09 16:20:18,029 [INFO] AnalyticsPlugin:255 - Accepted CMSIS Pack Licenses: 
2026-06-09 16:20:18,031 [INFO] AnalyticsPlugin:257 - Accepted Firmware Licenses: FW.F4.1.28.0,FW.C0.1.4.0
2026-06-09 16:20:18,031 [INFO] PluginManage:359 - Loaded plugin analytics (category:tool,tabindex:-1)
2026-06-09 16:20:18,031 [INFO] PluginManage:310 - Check plugin cadmodel
2026-06-09 16:20:18,061 [INFO] CADModel:105 - Init CAD model plugin
2026-06-09 16:20:18,061 [INFO] PluginManage:359 - Loaded plugin cadmodel (category:power,tabindex:5)
2026-06-09 16:20:18,061 [INFO] PluginManage:310 - Check plugin clock
2026-06-09 16:20:18,092 [INFO] PluginManage:359 - Loaded plugin clock (category:base,tabindex:2)
2026-06-09 16:20:18,092 [INFO] PluginManage:310 - Check plugin ddr
2026-06-09 16:20:18,112 [INFO] PluginManage:359 - Loaded plugin ddr (category:tool,tabindex:6)
2026-06-09 16:20:18,112 [INFO] PluginManage:310 - Check plugin filemanager
2026-06-09 16:20:18,599 [INFO] PluginManage:359 - Loaded plugin filemanager (category:base,tabindex:10)
2026-06-09 16:20:18,599 [INFO] PluginManage:310 - Check plugin ipmanager
2026-06-09 16:20:18,620 [INFO] PluginManage:359 - Loaded plugin ipmanager (category:base,tabindex:5)
2026-06-09 16:20:18,621 [INFO] PluginManage:310 - Check plugin lpbam
2026-06-09 16:20:18,645 [INFO] PluginManage:359 - Loaded plugin lpbam (category:base,tabindex:0)
2026-06-09 16:20:18,645 [INFO] PluginManage:310 - Check plugin memorymap
2026-06-09 16:20:18,691 [INFO] PluginManage:359 - Loaded plugin memorymap (category:base,tabindex:4)
2026-06-09 16:20:18,691 [INFO] PluginManage:310 - Check plugin pinoutandconfiguration
2026-06-09 16:20:18,707 [INFO] PluginManage:359 - Loaded plugin pinoutandconfiguration (category:base,tabindex:1)
2026-06-09 16:20:18,707 [INFO] PluginManage:310 - Check plugin pinoutconfig
2026-06-09 16:20:18,914 [WARN] SupportedApi:132 - Cannot load RTOS API schema: s4s-elt-must-match.1: The content of 'definitions' must match (annotation?, (simpleType | complexType)?, (unique | key | keyref)*)). A problem was found starting at: attribute.
2026-06-09 16:20:19,278 [INFO] PluginManage:359 - Loaded plugin pinoutconfig (category:base,tabindex:0)
2026-06-09 16:20:19,278 [INFO] PluginManage:310 - Check plugin power
2026-06-09 16:20:19,310 [INFO] PluginManage:359 - Loaded plugin power (category:power,tabindex:4)
2026-06-09 16:20:19,310 [INFO] PluginManage:310 - Check plugin projectmanager
2026-06-09 16:20:19,342 [INFO] PluginManage:359 - Loaded plugin projectmanager (category:projectmanager,tabindex:4)
2026-06-09 16:20:19,342 [INFO] PluginManage:310 - Check plugin rif
2026-06-09 16:20:19,374 [INFO] PluginManage:359 - Loaded plugin rif (category:base,tabindex:3)
2026-06-09 16:20:19,374 [INFO] PluginManage:310 - Check plugin thirdparty
2026-06-09 16:20:19,767 [WARN] IntegrityCheckThread:84 - waiting for thirdparty lock release [integrity check]
2026-06-09 16:20:19,767 [INFO] IntegrityCheckThread:86 - entering critical section [integrity check]
2026-06-09 16:20:19,767 [INFO] PluginManage:359 - Loaded plugin thirdparty (category:base,tabindex:-1)
2026-06-09 16:20:19,767 [INFO] ThirdPartyUpdaterWithRetryManager:70 - Updater plugin not ready yet. [1/15]
2026-06-09 16:20:19,767 [INFO] PluginManage:310 - Check plugin tools
2026-06-09 16:20:19,787 [INFO] PluginManage:359 - Loaded plugin tools (category:base,tabindex:7)
2026-06-09 16:20:19,787 [INFO] PluginManage:310 - Check plugin tutovideos
2026-06-09 16:20:20,514 [INFO] PluginManage:359 - Loaded plugin tutovideos (category:base,tabindex:-1)
2026-06-09 16:20:20,518 [INFO] PluginManage:310 - Check plugin updater
2026-06-09 16:20:20,576 [INFO] PluginManage:359 - Loaded plugin updater (category:base,tabindex:12)
2026-06-09 16:20:20,577 [INFO] PluginManage:310 - Check plugin userauth
2026-06-09 16:20:20,593 [INFO] UserAuth:118 - Init User Auth plugin
2026-06-09 16:20:20,598 [INFO] PluginManage:359 - Loaded plugin userauth (category:base,tabindex:14)
2026-06-09 16:20:20,600 [INFO] PluginManage:283 - PluginManage : Loaded plugins [18]
2026-06-09 16:20:21,246 [INFO] PinOutPanel:1589 - setPackage(No Configuration,No Configuration)
2026-06-09 16:20:21,464 [INFO] CADModel:165 - CPN selected for project level
2026-06-09 16:20:21,464 [INFO] CADModel:114 - Register for checkConnection events
2026-06-09 16:20:21,526 [INFO] IPUIPlugin:80 - create IPUIPlugin
2026-06-09 16:20:21,526 [INFO] PluginManager:220 - loadIPPluginJar : add adc
2026-06-09 16:20:21,537 [INFO] IPUIPlugin:80 - create IPUIPlugin
2026-06-09 16:20:21,538 [INFO] PluginManager:220 - loadIPPluginJar : add aes
2026-06-09 16:20:21,547 [INFO] IPUIPlugin:80 - create IPUIPlugin
2026-06-09 16:20:21,547 [INFO] PluginManager:220 - loadIPPluginJar : add can
2026-06-09 16:20:21,554 [INFO] IPUIPlugin:80 - create IPUIPlugin
2026-06-09 16:20:21,554 [INFO] PluginManager:220 - loadIPPluginJar : add comp
2026-06-09 16:20:21,563 [INFO] IPUIPlugin:80 - create IPUIPlugin
2026-06-09 16:20:21,563 [INFO] PluginManager:220 - loadIPPluginJar : add cryp
2026-06-09 16:20:21,574 [INFO] IPUIPlugin:80 - create IPUIPlugin
2026-06-09 16:20:21,574 [INFO] PluginManager:220 - loadIPPluginJar : add ddr_ctrl_phy
2026-06-09 16:20:21,581 [INFO] IPUIPlugin:80 - create IPUIPlugin
2026-06-09 16:20:21,582 [INFO] PluginManager:220 - loadIPPluginJar : add dfsdm
2026-06-09 16:20:21,598 [INFO] IPUIPlugin:80 - create IPUIPlugin
2026-06-09 16:20:21,600 [INFO] PluginManager:220 - loadIPPluginJar : add dma
2026-06-09 16:20:21,612 [INFO] IPUIPlugin:80 - create IPUIPlugin
2026-06-09 16:20:21,612 [INFO] PluginManager:220 - loadIPPluginJar : add dma3
2026-06-09 16:20:21,627 [INFO] IPUIPlugin:80 - create IPUIPlugin
2026-06-09 16:20:21,627 [INFO] PluginManager:220 - loadIPPluginJar : add extmemmanager
2026-06-09 16:20:21,634 [INFO] IPUIPlugin:80 - create IPUIPlugin
2026-06-09 16:20:21,634 [INFO] PluginManager:220 - loadIPPluginJar : add fatfs
2026-06-09 16:20:21,648 [INFO] IPUIPlugin:80 - create IPUIPlugin
2026-06-09 16:20:21,649 [INFO] PluginManager:220 - loadIPPluginJar : add fmc
2026-06-09 16:20:21,677 [INFO] IPUIPlugin:80 - create IPUIPlugin
2026-06-09 16:20:21,677 [INFO] PluginManager:220 - loadIPPluginJar : add freertos
2026-06-09 16:20:21,687 [INFO] IPUIPlugin:80 - create IPUIPlugin
2026-06-09 16:20:21,687 [INFO] PluginManager:220 - loadIPPluginJar : add genericplugin
2026-06-09 16:20:21,689 [INFO] IPUIPlugin:80 - create IPUIPlugin
2026-06-09 16:20:21,689 [INFO] PluginManager:220 - loadIPPluginJar : add gfxmmu
2026-06-09 16:20:21,714 [INFO] IPUIPlugin:80 - create IPUIPlugin
2026-06-09 16:20:21,714 [INFO] PluginManager:220 - loadIPPluginJar : add gic
2026-06-09 16:20:21,726 [INFO] IPUIPlugin:80 - create IPUIPlugin
2026-06-09 16:20:21,726 [INFO] PluginManager:220 - loadIPPluginJar : add gpio
2026-06-09 16:20:21,736 [INFO] IPUIPlugin:80 - create IPUIPlugin
2026-06-09 16:20:21,736 [INFO] PluginManager:220 - loadIPPluginJar : add gtzc
2026-06-09 16:20:21,744 [INFO] IPUIPlugin:80 - create IPUIPlugin
2026-06-09 16:20:21,744 [INFO] PluginManager:220 - loadIPPluginJar : add hash
2026-06-09 16:20:21,752 [INFO] IPUIPlugin:80 - create IPUIPlugin
2026-06-09 16:20:21,754 [INFO] PluginManager:220 - loadIPPluginJar : add i2c
2026-06-09 16:20:21,762 [INFO] IPUIPlugin:80 - create IPUIPlugin
2026-06-09 16:20:21,762 [INFO] PluginManager:220 - loadIPPluginJar : add i2s
2026-06-09 16:20:21,769 [INFO] IPUIPlugin:80 - create IPUIPlugin
2026-06-09 16:20:21,772 [INFO] PluginManager:220 - loadIPPluginJar : add i3c
2026-06-09 16:20:21,781 [INFO] IPUIPlugin:80 - create IPUIPlugin
2026-06-09 16:20:21,781 [INFO] PluginManager:220 - loadIPPluginJar : add ipddr
2026-06-09 16:20:21,798 [INFO] IPUIPlugin:80 - create IPUIPlugin
2026-06-09 16:20:21,798 [INFO] PluginManager:220 - loadIPPluginJar : add linkedlist
2026-06-09 16:20:21,809 [INFO] IPUIPlugin:80 - create IPUIPlugin
2026-06-09 16:20:21,809 [INFO] PluginManager:220 - loadIPPluginJar : add lorawan
2026-06-09 16:20:21,814 [INFO] IPUIPlugin:80 - create IPUIPlugin
2026-06-09 16:20:21,814 [INFO] PluginManager:220 - loadIPPluginJar : add ltdc
2026-06-09 16:20:21,833 [INFO] IPUIPlugin:80 - create IPUIPlugin
2026-06-09 16:20:21,833 [INFO] PluginManager:220 - loadIPPluginJar : add mdma
2026-06-09 16:20:21,843 [INFO] IPUIPlugin:80 - create IPUIPlugin
2026-06-09 16:20:21,843 [INFO] PluginManager:220 - loadIPPluginJar : add nvic
2026-06-09 16:20:21,852 [INFO] IPUIPlugin:80 - create IPUIPlugin
2026-06-09 16:20:21,852 [INFO] PluginManager:220 - loadIPPluginJar : add opamp
2026-06-09 16:20:21,863 [INFO] IPUIPlugin:80 - create IPUIPlugin
2026-06-09 16:20:21,863 [INFO] PluginManager:220 - loadIPPluginJar : add openamp
2026-06-09 16:20:21,875 [INFO] IPUIPlugin:80 - create IPUIPlugin
2026-06-09 16:20:21,875 [INFO] PluginManager:220 - loadIPPluginJar : add pdm2pcm
2026-06-09 16:20:21,891 [INFO] IPUIPlugin:80 - create IPUIPlugin
2026-06-09 16:20:21,891 [INFO] PluginManager:220 - loadIPPluginJar : add plateformsettings
2026-06-09 16:20:21,903 [INFO] IPUIPlugin:80 - create IPUIPlugin
2026-06-09 16:20:21,903 [INFO] PluginManager:220 - loadIPPluginJar : add quadspi
2026-06-09 16:20:21,903 [INFO] IPUIPlugin:80 - create IPUIPlugin
2026-06-09 16:20:21,903 [INFO] PluginManager:220 - loadIPPluginJar : add radio
2026-06-09 16:20:21,919 [INFO] IPUIPlugin:80 - create IPUIPlugin
2026-06-09 16:20:21,919 [INFO] PluginManager:220 - loadIPPluginJar : add resmgrutility
2026-06-09 16:20:21,936 [INFO] IPUIPlugin:80 - create IPUIPlugin
2026-06-09 16:20:21,936 [INFO] PluginManager:220 - loadIPPluginJar : add sai
2026-06-09 16:20:21,950 [INFO] IPUIPlugin:80 - create IPUIPlugin
2026-06-09 16:20:21,950 [INFO] PluginManager:220 - loadIPPluginJar : add spi
2026-06-09 16:20:21,966 [INFO] IPUIPlugin:80 - create IPUIPlugin
2026-06-09 16:20:21,966 [INFO] PluginManager:220 - loadIPPluginJar : add stm32_wpan
2026-06-09 16:20:21,966 [INFO] IPUIPlugin:80 - create IPUIPlugin
2026-06-09 16:20:21,966 [INFO] PluginManager:220 - loadIPPluginJar : add tim
2026-06-09 16:20:21,982 [INFO] IPUIPlugin:80 - create IPUIPlugin
2026-06-09 16:20:21,986 [INFO] PluginManager:220 - loadIPPluginJar : add touchsensing
2026-06-09 16:20:21,992 [INFO] IPUIPlugin:80 - create IPUIPlugin
2026-06-09 16:20:21,992 [INFO] PluginManager:220 - loadIPPluginJar : add tracer_emb
2026-06-09 16:20:22,000 [INFO] IPUIPlugin:80 - create IPUIPlugin
2026-06-09 16:20:22,000 [INFO] PluginManager:220 - loadIPPluginJar : add ts
2026-06-09 16:20:22,006 [INFO] IPUIPlugin:80 - create IPUIPlugin
2026-06-09 16:20:22,006 [INFO] PluginManager:220 - loadIPPluginJar : add tsc
2026-06-09 16:20:22,008 [INFO] IPUIPlugin:80 - create IPUIPlugin
2026-06-09 16:20:22,008 [INFO] PluginManager:220 - loadIPPluginJar : add ucpd
2026-06-09 16:20:22,020 [INFO] IPUIPlugin:80 - create IPUIPlugin
2026-06-09 16:20:22,020 [INFO] PluginManager:220 - loadIPPluginJar : add usart
2026-06-09 16:20:22,029 [INFO] IPUIPlugin:80 - create IPUIPlugin
2026-06-09 16:20:22,029 [INFO] PluginManager:220 - loadIPPluginJar : add usbx
2026-06-09 16:20:22,284 [FATAL] Updater:351 - Updater called before beeing initialized
2026-06-09 16:20:22,344 [INFO] RulesReader:64 - Compatibility file has been processed (317 Rules)
2026-06-09 16:20:22,380 [INFO] RulesReader:64 - Compatibility file has been processed (317 Rules)
2026-06-09 16:20:22,392 [INFO] CADModel:165 - CPN selected for project level
2026-06-09 16:20:22,392 [INFO] CADModel:114 - Register for checkConnection events
2026-06-09 16:20:22,392 [FATAL] Updater:351 - Updater called before beeing initialized
2026-06-09 16:20:22,407 [ERROR] CADModel:125 - Updater not yet initialized, retry later 
2026-06-09 16:20:22,791 [INFO] ThirdPartyUpdaterWithRetryManager:70 - Updater plugin not ready yet. [2/15]
2026-06-09 16:20:22,887 [FATAL] Updater:351 - Updater called before beeing initialized
2026-06-09 16:20:22,887 [INFO] CADModel:165 - CPN selected for project level
2026-06-09 16:20:22,887 [INFO] CADModel:114 - Register for checkConnection events
2026-06-09 16:20:22,887 [FATAL] Updater:351 - Updater called before beeing initialized
2026-06-09 16:20:22,898 [ERROR] CADModel:125 - Updater not yet initialized, retry later 
2026-06-09 16:20:22,907 [FATAL] Updater:351 - Updater called before beeing initialized
2026-06-09 16:20:23,267 [FATAL] Updater:351 - Updater called before beeing initialized
2026-06-09 16:20:23,282 [INFO] DbMcusAds:53 - JSON generation date=Thu May 28 21:38:17 IST 2026 (1779984497073)
2026-06-09 16:20:23,288 [FATAL] Updater:351 - Updater called before beeing initialized
2026-06-09 16:20:23,395 [WARN] DetailPanel:346 - Failed to get advertising image, set to default
2026-06-09 16:20:23,749 [FATAL] Updater:351 - Updater called before beeing initialized
2026-06-09 16:20:23,757 [FATAL] Updater:351 - Updater called before beeing initialized
2026-06-09 16:20:23,757 [FATAL] Updater:351 - Updater called before beeing initialized
2026-06-09 16:20:23,757 [WARN] DetailPanel:346 - Failed to get advertising image, set to default
2026-06-09 16:20:23,759 [FATAL] Updater:351 - Updater called before beeing initialized
2026-06-09 16:20:23,932 [ERROR] Updater:1198 - MainUpdater not yet initialized. External WinMGr cannot be set.
2026-06-09 16:20:23,941 [INFO] Updater:1134 - Updater Version found : 6.15.0
2026-06-09 16:20:23,993 [INFO] ApplicationProperties:184 - Using Application install path: C:\ST\STM32CubeIDE_1.19.0\STM32CubeIDE\plugins\com.st.stm32cube.common.mx_6.15.0.202507011659
2026-06-09 16:20:25,666 [ERROR] LogOutputStream:75 - [STDERR_REDIRECT] Jun 09, 2026 4:20:25 PM java.util.prefs.WindowsPreferences <init>
2026-06-09 16:20:25,682 [ERROR] LogOutputStream:75 - [STDERR_REDIRECT] WARNING: Could not open/create prefs root node Software\JavaSoft\Prefs at root 0xffffffff80000002. Windows RegCreateKeyEx(...) returned error code 5.
2026-06-09 16:20:25,683 [ERROR] LogOutputStream:75 - [STDERR_REDIRECT] 
2026-06-09 16:20:25,802 [FATAL] Updater:351 - Updater called before beeing initialized
2026-06-09 16:20:25,807 [ERROR] IntegrityCheckThread:130 - Cannot retrieve database content from updater: error 21
2026-06-09 16:20:25,811 [INFO] ThirdParty:978 - Integrity check success = false
2026-06-09 16:20:25,813 [INFO] IntegrityCheckThread:100 - exiting critical section [integrity check]
2026-06-09 16:20:25,813 [INFO] IntegrityCheckThread:103 - End integrity checks thread
2026-06-09 16:20:27,372 [INFO] MainUpdater:2872 - connection check result : 10
2026-06-09 16:20:27,374 [INFO] MainUpdater:289 - Updater Check For Update Now.
2026-06-09 16:20:27,376 [INFO] MicroXplorer:498 - Change Database Version : DB.6.0.150
2026-06-09 16:20:27,416 [INFO] McuFinderGlobals:63 - Set McuFinder mode to 2 (CubeIDE integrated)
2026-06-09 16:20:27,421 [INFO] UserAuth:487 - Internet connection configuration mode: 1
2026-06-09 16:20:27,598 [INFO] JxBrowserEngine:152 - Initiate JxBrowser Engine with user profile folder
2026-06-09 16:20:28,029 [INFO] CheckServerUpdateThread:120 - End of CheckServer Thread
2026-06-09 16:20:31,137 [INFO] WebApp:169 - Instantiating new browser for Auth
2026-06-09 16:20:33,921 [INFO] WebApp:463 - Apply proxy settings
2026-06-09 16:20:33,921 [INFO] WebApp:548 - Chromium requires no authentication
2026-06-09 16:20:33,967 [INFO] WebApp:491 - Direct internet connection detected
2026-06-09 16:20:34,048 [INFO] WebApp:900 - Register for checkConnection events
2026-06-09 16:20:34,048 [INFO] WebApp:463 - Apply proxy settings
2026-06-09 16:20:34,048 [INFO] WebApp:548 - Chromium requires no authentication
2026-06-09 16:20:34,048 [INFO] WebApp:491 - Direct internet connection detected
2026-06-09 16:20:34,368 [INFO] WebApp:191 - Connection restablished
2026-06-09 16:20:35,087 [INFO] WebApp:225 - Starting web application
2026-06-09 16:20:35,087 [INFO] WebApp:593 - Web application path used C:\ST\STM32CubeIDE_1.19.0\STM32CubeIDE\plugins\com.st.stm32cube.common.mx_6.15.0.202507011659\db\plugins\mcufinder\reactClient1\index.html
2026-06-09 16:20:36,464 [INFO] UserAuth:487 - Internet connection configuration mode: 1
2026-06-09 16:43:14,068 [INFO] McuFinderGlobals:63 - Set McuFinder mode to 2 (CubeIDE integrated)
2026-06-09 16:43:14,160 [INFO] MainUpdater:2872 - connection check result : 10
2026-06-09 16:43:14,165 [INFO] MainUpdater:2872 - connection check result : 10
2026-06-09 16:43:14,884 [INFO] MicroXplorer:468 - Change Database Path : 
2026-06-09 16:43:14,886 [INFO] MicroXplorer:498 - Change Database Version : DB.6.0.150
2026-06-09 16:43:14,978 [WARN] ThirdParty:871 - waiting for thirdparty lock release [close project]
2026-06-09 16:43:14,980 [INFO] ThirdParty:873 - entering critical section [close project]
2026-06-09 16:43:15,022 [INFO] ThirdParty:883 - exiting critical section [close project]
2026-06-09 16:43:15,047 [INFO] PinOutPanel:1589 - setPackage(No Configuration,No Configuration)
2026-06-09 16:43:15,086 [INFO] UtilMem:75 - Begin LoadConfig() Used Memory: 686404504 Bytes (1073741824)
2026-06-09 16:43:15,114 [INFO] MicroXplorer:468 - Change Database Path : 
2026-06-09 16:43:15,114 [INFO] MicroXplorer:498 - Change Database Version : DB.6.0.150
2026-06-09 16:43:15,116 [INFO] OpenFileManager:355 - Change cursor
2026-06-09 16:43:15,345 [WARN] IntegrityCheckThread:84 - waiting for thirdparty lock release [integrity check]
2026-06-09 16:43:15,345 [INFO] IntegrityCheckThread:86 - entering critical section [integrity check]
2026-06-09 16:43:17,268 [WARN] PackLoader:240 - Cannot read IP mode file for STMicroelectronics.X-CUBE-AZRTOS-H7.3.5.0
2026-06-09 16:43:17,364 [WARN] PackLoader:240 - Cannot read IP mode file for STMicroelectronics.FP-ATR-ASTRA1.2.0.2
2026-06-09 16:43:17,457 [ERROR] Engine:466 - C:\Users\ASUS\.stm32cubemx\thirdparties\pdsc\STMicroelectronics.X-CUBE-SMBUS.2.1.1.pdsc: PDSC version is not supported
2026-06-09 16:43:17,491 [WARN] PackLoader:240 - Cannot read IP mode file for STMicroelectronics.X-CUBE-SMBUS.2.1.0
2026-06-09 16:43:17,709 [WARN] PackLoader:240 - Cannot read IP mode file for STMicroelectronics.X-CUBE-AZRTOS-F7.1.1.0
2026-06-09 16:43:17,766 [WARN] PackLoader:240 - Cannot read IP mode file for STMicroelectronics.FP-SNS-MOTENV1.5.1.0
2026-06-09 16:43:17,869 [WARN] PackLoader:240 - Cannot read IP mode file for WES.I-CUBE-Cesium.1.4.0
2026-06-09 16:43:18,041 [WARN] PackLoader:240 - Cannot read IP mode file for STMicroelectronics.X-CUBE-AZRTOS-H7.3.4.0
2026-06-09 16:43:18,103 [WARN] PackLoader:240 - Cannot read IP mode file for STMicroelectronics.X-CUBE-DISPLAY.3.0.0
2026-06-09 16:43:18,177 [WARN] PackLoader:240 - Cannot read IP mode file for STMicroelectronics.X-CUBE-GNSS1.7.1.1
2026-06-09 16:43:18,204 [WARN] PackLoader:240 - Cannot read IP mode file for STMicroelectronics.FP-SNS-MOTENVWB1.1.5.0
2026-06-09 16:43:18,247 [WARN] PackLoader:240 - Cannot read IP mode file for STMicroelectronics.X-CUBE-NFC10.1.0.0
2026-06-09 16:43:18,275 [WARN] PackLoader:240 - Cannot read IP mode file for STMicroelectronics.X-CUBE-ST60.1.1.0
2026-06-09 16:43:18,301 [WARN] PackLoader:240 - Cannot read IP mode file for emotas.I-CUBE-CANOPEN.1.3.0
2026-06-09 16:43:18,318 [WARN] PackLoader:240 - Cannot read IP mode file for STMicroelectronics.X-CUBE-GNSS1.7.1.0
2026-06-09 16:43:18,348 [WARN] PackLoader:240 - Cannot read IP mode file for STMicroelectronics.FP-SNS-STBOX1.2.1.0
2026-06-09 16:43:18,373 [WARN] PackLoader:240 - Cannot read IP mode file for STMicroelectronics.FP-SNS-SMARTAG2.1.2.0
2026-06-09 16:43:18,392 [WARN] PackLoader:240 - Cannot read IP mode file for STMicroelectronics.FP-SNS-FLIGHT1.5.1.0
2026-06-09 16:43:18,472 [INFO] LogOutputStream:77 - [STDOUT_REDIRECT] 1 : Invalid condition id : UX_CORESTACK_Condition cause : null
2026-06-09 16:43:18,493 [INFO] LogOutputStream:77 - [STDOUT_REDIRECT] 1 : Invalid condition id : UX_CORESTACK_Condition cause : null
2026-06-09 16:43:18,498 [INFO] LogOutputStream:77 - [STDOUT_REDIRECT] 1 : Invalid condition id : UX_CORESTACK_Condition cause : null
2026-06-09 16:43:18,504 [INFO] LogOutputStream:77 - [STDOUT_REDIRECT] 1 : Invalid condition id : UX_CORESTACK_Condition cause : null
2026-06-09 16:43:18,511 [INFO] LogOutputStream:77 - [STDOUT_REDIRECT] 1 : Invalid condition id : UX_CORESTACK_Condition cause : null
2026-06-09 16:43:18,539 [WARN] PackLoader:240 - Cannot read IP mode file for STMicroelectronics.X-CUBE-AZRTOS-WL.2.0.0
2026-06-09 16:43:18,685 [WARN] PackLoader:240 - Cannot read IP mode file for STMicroelectronics.X-CUBE-AZRTOS-H7RS.1.2.0
2026-06-09 16:43:18,727 [WARN] PackLoader:240 - Cannot read IP mode file for STMicroelectronics.X-CUBE-BLE2.3.3.0
2026-06-09 16:43:18,994 [WARN] PackLoader:240 - Cannot read IP mode file for Infineon.AIROC-Wi-Fi-Bluetooth-STM32.1.8.0
2026-06-09 16:43:19,043 [WARN] PackLoader:240 - Cannot read IP mode file for STMicroelectronics.X-CUBE-NFC9.1.0.0
2026-06-09 16:43:19,075 [WARN] PackLoader:240 - Cannot read IP mode file for STMicroelectronics.X-CUBE-BLE1.7.1.0
2026-06-09 16:43:19,092 [WARN] PackLoader:240 - Cannot read IP mode file for wolfSSL.I-CUBE-wolfMQTT.1.19.2
2026-06-09 16:43:19,119 [WARN] PackLoader:240 - Cannot read IP mode file for STMicroelectronics.X-CUBE-FREERTOS.1.4.0
2026-06-09 16:43:19,148 [WARN] PackLoader:240 - Cannot read IP mode file for STMicroelectronics.X-CUBE-EEPRMA1.5.2.0
2026-06-09 16:43:19,170 [WARN] PackLoader:240 - Cannot read IP mode file for wolfSSL.I-CUBE-wolfSSL.5.8.4
2026-06-09 16:43:19,183 [WARN] PackLoader:240 - Cannot read IP mode file for Cesanta.I-CUBE-Mongoose.7.20.0
2026-06-09 16:43:19,207 [WARN] PackLoader:240 - Cannot read IP mode file for STMicroelectronics.FP-SNS-STAIOTCFT.1.1.0
2026-06-09 16:43:19,631 [WARN] PackLoader:240 - Cannot read IP mode file for STMicroelectronics.X-CUBE-MEMS1.12.0.0
2026-06-09 16:43:20,282 [WARN] PackLoader:240 - Cannot read IP mode file for STMicroelectronics.X-CUBE-AZRTOS-G0.1.1.0
2026-06-09 16:43:20,321 [WARN] PackLoader:240 - Cannot read IP mode file for STMicroelectronics.X-CUBE-NFC4.3.0.0
2026-06-09 16:43:20,386 [WARN] PackLoader:240 - Cannot read IP mode file for EmbeddedOffice.I-CUBE-FS-RTOS.1.0.1
2026-06-09 16:43:20,418 [WARN] PackLoader:240 - Cannot read IP mode file for STMicroelectronics.X-CUBE-WB05N.2.0.0
2026-06-09 16:43:20,439 [WARN] PackLoader:240 - Cannot read IP mode file for wolfSSL.I-CUBE-wolfTPM.3.8.0
2026-06-09 16:43:20,466 [WARN] PackLoader:240 - Cannot read IP mode file for STMicroelectronics.X-CUBE-TCPP.4.2.0
2026-06-09 16:43:20,497 [WARN] PackLoader:240 - Cannot read IP mode file for RealThread.X-CUBE-RT-Thread_Nano.4.1.1
2026-06-09 16:43:20,518 [WARN] PackLoader:240 - Cannot read IP mode file for STMicroelectronics.FP-ATR-SIGFOX1.3.2.0
2026-06-09 16:43:20,551 [WARN] PackLoader:240 - Cannot read IP mode file for STMicroelectronics.X-CUBE-FREERTOS.1.5.0
2026-06-09 16:43:20,579 [WARN] PackLoader:240 - Cannot read IP mode file for ITTIA_DB.I-CUBE-ITTIADB.8.9.0
2026-06-09 16:43:20,636 [WARN] PackLoader:240 - Cannot read IP mode file for STMicroelectronics.X-CUBE-NFC6.3.2.0
2026-06-09 16:43:20,684 [WARN] PackLoader:240 - Cannot read IP mode file for STMicroelectronics.X-CUBE-AI.10.2.0
2026-06-09 16:43:21,122 [WARN] PackLoader:240 - Cannot read IP mode file for STMicroelectronics.X-CUBE-MEMS1.12.1.0
2026-06-09 16:43:22,038 [WARN] PackLoader:240 - Cannot read IP mode file for SEGGER.I-CUBE-embOS.1.3.1
2026-06-09 16:43:22,342 [WARN] PackLoader:240 - Cannot read IP mode file for STMicroelectronics.X-CUBE-ALGOBUILD.1.4.0
2026-06-09 16:43:22,357 [WARN] PackLoader:240 - Cannot read IP mode file for STMicroelectronics.X-CUBE-PM33A1.1.0.0
2026-06-09 16:43:22,410 [WARN] PackLoader:240 - Cannot read IP mode file for STMicroelectronics.X-CUBE-AZRTOS-F4.1.1.0
2026-06-09 16:43:22,424 [WARN] PackLoader:240 - Cannot read IP mode file for STMicroelectronics.X-CUBE-ISPU.2.1.0
2026-06-09 16:43:22,452 [WARN] PackLoader:240 - Cannot read IP mode file for STMicroelectronics.X-CUBE-IPS.3.2.0
2026-06-09 16:43:22,479 [WARN] PackLoader:240 - Cannot read IP mode file for STMicroelectronics.eDS-WB_DPC_TT-BIDIR.2.1.1
2026-06-09 16:43:22,494 [WARN] PackLoader:240 - Cannot read IP mode file for STMicroelectronics.X-CUBE-NFC12.1.0.0
2026-06-09 16:43:22,533 [WARN] PackLoader:240 - Cannot read IP mode file for STMicroelectronics.X-CUBE-AZRTOS-L5.2.0.0
2026-06-09 16:43:22,549 [WARN] PackLoader:240 - Cannot read IP mode file for STMicroelectronics.X-CUBE-ALGOBUILD.1.5.0
2026-06-09 16:43:22,557 [WARN] PackLoader:240 - Cannot read IP mode file for STMicroelectronics.eDS-WB_DPC_VIENNA.1.2.0
2026-06-09 16:43:22,567 [WARN] PackLoader:240 - Cannot read IP mode file for STMicroelectronics.eDS-WB_DPC_3PH2L-BIDIR.1.1.1
2026-06-09 16:43:22,573 [ERROR] Engine:466 - C:\Users\ASUS\.stm32cubemx\thirdparties\pdsc\STMicroelectronics.X-CUBE-ST67W61.1.3.0.pdsc: PDSC version is not supported
2026-06-09 16:43:22,618 [WARN] PackLoader:240 - Cannot read IP mode file for STMicroelectronics.X-CUBE-TOUCHGFX.4.26.0
2026-06-09 16:43:22,631 [WARN] PackLoader:240 - Cannot read IP mode file for STMicroelectronics.X-CUBE-TOUCHGFX.4.26.1
2026-06-09 16:43:22,645 [WARN] PackLoader:240 - Cannot read IP mode file for STMicroelectronics.FP-SNS-STAIOTCFT.1.0.0
2026-06-09 16:43:22,666 [WARN] PackLoader:240 - Cannot read IP mode file for STMicroelectronics.X-CUBE-DPower.1.3.0
2026-06-09 16:43:22,725 [WARN] ConditionMgr:438 - getConditionDescription Invalid condition id : LAN8742 Phy interface Condition cause : null
2026-06-09 16:43:22,728 [WARN] PackLoader:240 - Cannot read IP mode file for STMicroelectronics.X-CUBE-AZRTOS-L4.2.0.0
2026-06-09 16:43:22,733 [WARN] ConditionMgr:1044 - genDependencies : Invalid condition id : LAN8742 Phy interface Condition cause : null
2026-06-09 16:43:22,734 [WARN] ConditionMgr:1044 - genDependencies : Invalid condition id : LAN8742 Phy interface Condition cause : null
2026-06-09 16:43:22,735 [WARN] ConditionMgr:1044 - genDependencies : Invalid condition id : LAN8742 Phy interface Condition cause : null
2026-06-09 16:43:22,761 [WARN] PackLoader:240 - Cannot read IP mode file for STMicroelectronics.X-CUBE-SFXS2LP1.4.0.0
2026-06-09 16:43:22,781 [WARN] PackLoader:240 - Cannot read IP mode file for STMicroelectronics.X-CUBE-WB05N.2.1.0
2026-06-09 16:43:22,807 [WARN] PackLoader:240 - Cannot read IP mode file for STMicroelectronics.X-CUBE-ST67W61.1.2.0
2026-06-09 16:43:22,849 [WARN] PackLoader:240 - Cannot read IP mode file for STMicroelectronics.X-CUBE-BLEMGR.4.1.0
2026-06-09 16:43:22,912 [WARN] ConditionMgr:438 - getConditionDescription Invalid condition id : UX DEVICE CLASS RTOS Condition cause : null
2026-06-09 16:43:22,913 [WARN] ConditionMgr:438 - getConditionDescription Invalid condition id : UX DEVICE CLASS RTOS Condition cause : null
2026-06-09 16:43:22,920 [WARN] PackLoader:240 - Cannot read IP mode file for STMicroelectronics.X-CUBE-AZRTOS-WB.2.0.0
2026-06-09 16:43:22,921 [WARN] ConditionMgr:1044 - genDependencies : Invalid condition id : UX DEVICE CLASS RTOS Condition cause : null
2026-06-09 16:43:22,922 [WARN] ConditionMgr:1044 - genDependencies : Invalid condition id : UX DEVICE CLASS RTOS Condition cause : null
2026-06-09 16:43:22,923 [WARN] ConditionMgr:1044 - genDependencies : Invalid condition id : UX DEVICE CLASS RTOS Condition cause : null
2026-06-09 16:43:22,924 [WARN] ConditionMgr:1044 - genDependencies : Invalid condition id : UX DEVICE CLASS RTOS Condition cause : null
2026-06-09 16:43:22,927 [WARN] ConditionMgr:1044 - genDependencies : Invalid condition id : UX DEVICE CLASS RTOS Condition cause : null
2026-06-09 16:43:22,960 [WARN] ConditionMgr:438 - getConditionDescription Invalid condition id : Cortex-A Device cause : null
2026-06-09 16:43:23,513 [WARN] ConditionMgr:1044 - genDependencies : Invalid condition id : Cortex-A Device cause : null
2026-06-09 16:43:23,514 [WARN] ConditionMgr:1044 - genDependencies : Invalid condition id : Cortex-A Device cause : null
2026-06-09 16:43:23,514 [WARN] ConditionMgr:1044 - genDependencies : Invalid condition id : Cortex-A Device cause : null
2026-06-09 16:43:23,546 [WARN] PackLoader:240 - Cannot read IP mode file for STMicroelectronics.X-CUBE-STSE01.2.0.0
2026-06-09 16:43:23,604 [WARN] PackLoader:240 - Cannot read IP mode file for STMicroelectronics.X-CUBE-SUBG2.5.0.0
2026-06-09 16:43:23,773 [WARN] PackLoader:240 - Cannot read IP mode file for STMicroelectronics.X-CUBE-AZRTOS-G4.2.0.0
2026-06-09 16:43:23,853 [WARN] PackLoader:240 - Cannot read IP mode file for wolfSSL.I-CUBE-wolfSSH.1.4.20
2026-06-09 16:43:23,938 [WARN] PackLoader:240 - Cannot read IP mode file for STMicroelectronics.X-CUBE-NFC7.2.0.0
2026-06-09 16:43:23,962 [WARN] PackLoader:240 - Cannot read IP mode file for STMicroelectronics.X-CUBE-ALS.1.0.2
2026-06-09 16:43:24,157 [WARN] PackLoader:240 - Cannot read IP mode file for STMicroelectronics.X-CUBE-TOF1.3.4.3
2026-06-09 16:43:24,282 [INFO] ThirdParty:978 - Integrity check success = true
2026-06-09 16:43:24,283 [INFO] IntegrityCheckThread:100 - exiting critical section [integrity check]
2026-06-09 16:43:24,284 [INFO] IntegrityCheckThread:103 - End integrity checks thread
2026-06-09 16:43:24,908 [INFO] Mcu:2029 - Initializing MCU STM32F207Z(C-E-F-G)Tx STM32F207ZGTx STM32F207ZGT6
2026-06-09 16:43:37,059 [INFO] Context:786 - Trying to add GPIOservice into a context  which must be forbidden
2026-06-09 16:43:39,219 [INFO] ImportTextPane:234 - (OptionalMessage_ERROR) Pin31 (VP_RIF_VS_RIF1) cannot be retrieved for this MCU
2026-06-09 16:43:39,901 [INFO] RtosManager:558 - Registered RTOS mode: class=CMSIS, group=RTOS, mode=CMSIS_V1, owner=FREERTOS
2026-06-09 16:43:39,901 [INFO] RtosManager:558 - Registered RTOS mode: class=CMSIS, group=RTOS2, mode=CMSIS_V2, owner=FREERTOS
2026-06-09 16:43:39,902 [INFO] RtosManager:558 - Registered RTOS mode: class=RTOS, group=Core, mode=CMSIS_V1, owner=FREERTOS
2026-06-09 16:43:39,902 [INFO] RtosManager:558 - Registered RTOS mode: class=RTOS, group=Core, mode=CMSIS_V2, owner=FREERTOS
2026-06-09 16:43:39,903 [WARN] ModelIntegratedComponent:184 - Missing modes for component STMicroelectronics:FreeRTOS:0.0.1:STMicroelectronics:RTOS:FreeRTOS:Core:::10.2.0:
2026-06-09 16:43:39,980 [WARN] ModelIntegratedComponent:63 - No mode defined for component null
2026-06-09 16:43:39,981 [WARN] ModelIntegratedComponent:63 - No mode defined for component null
2026-06-09 16:43:39,982 [WARN] ModelIntegratedComponent:63 - No mode defined for component null
2026-06-09 16:43:39,982 [WARN] ModelIntegratedComponent:63 - No mode defined for component null
2026-06-09 16:43:39,982 [WARN] ModelIntegratedComponent:63 - No mode defined for component null
2026-06-09 16:43:39,983 [WARN] ModelIntegratedComponent:63 - No mode defined for component null
2026-06-09 16:43:39,983 [WARN] ModelIntegratedComponent:63 - No mode defined for component null
2026-06-09 16:43:39,983 [WARN] ModelIntegratedComponent:63 - No mode defined for component null
2026-06-09 16:43:39,984 [WARN] ModelIntegratedComponent:63 - No mode defined for component null
2026-06-09 16:43:39,984 [WARN] ModelIntegratedComponent:63 - No mode defined for component null
2026-06-09 16:43:39,984 [WARN] ModelIntegratedComponent:63 - No mode defined for component null
2026-06-09 16:43:39,984 [WARN] ModelIntegratedComponent:63 - No mode defined for component null
2026-06-09 16:43:39,985 [WARN] ModelIntegratedComponent:63 - No mode defined for component null
2026-06-09 16:43:39,985 [WARN] ModelIntegratedComponent:63 - No mode defined for component null
2026-06-09 16:43:39,985 [WARN] ModelIntegratedComponent:63 - No mode defined for component null
2026-06-09 16:43:39,985 [WARN] ModelIntegratedComponent:63 - No mode defined for component null
2026-06-09 16:43:39,986 [WARN] ModelIntegratedComponent:63 - No mode defined for component null
2026-06-09 16:43:39,986 [WARN] ModelIntegratedComponent:63 - No mode defined for component null
2026-06-09 16:43:39,986 [WARN] ModelIntegratedComponent:63 - No mode defined for component null
2026-06-09 16:43:39,987 [WARN] ModelIntegratedComponent:63 - No mode defined for component null
2026-06-09 16:43:39,987 [WARN] ModelIntegratedComponent:63 - No mode defined for component null
2026-06-09 16:43:39,988 [WARN] ModelIntegratedComponent:63 - No mode defined for component null
2026-06-09 16:43:39,988 [WARN] ModelIntegratedComponent:63 - No mode defined for component null
2026-06-09 16:43:39,988 [WARN] ModelIntegratedComponent:63 - No mode defined for component null
2026-06-09 16:43:39,989 [WARN] ModelIntegratedComponent:63 - No mode defined for component null
2026-06-09 16:43:39,989 [WARN] ModelIntegratedComponent:63 - No mode defined for component null
2026-06-09 16:43:39,989 [WARN] ModelIntegratedComponent:63 - No mode defined for component null
2026-06-09 16:43:39,989 [WARN] ModelIntegratedComponent:63 - No mode defined for component null
2026-06-09 16:43:39,990 [WARN] ModelIntegratedComponent:63 - No mode defined for component null
2026-06-09 16:43:39,990 [WARN] ModelIntegratedComponent:63 - No mode defined for component null
2026-06-09 16:43:39,990 [WARN] ModelIntegratedComponent:63 - No mode defined for component null
2026-06-09 16:43:39,991 [WARN] ModelIntegratedComponent:63 - No mode defined for component null
2026-06-09 16:43:39,991 [WARN] ModelIntegratedComponent:63 - No mode defined for component null
2026-06-09 16:43:39,991 [WARN] ModelIntegratedComponent:63 - No mode defined for component null
2026-06-09 16:43:39,991 [WARN] ModelIntegratedComponent:63 - No mode defined for component null
2026-06-09 16:43:39,992 [WARN] ModelPack:524 - Component already loaded: STMicroelectronics:HAL Drivers:0.0.0:STMicroelectronics:Device:STMicro_Driver:XSPI:HAL::0.0.1:HAL_XSPI
2026-06-09 16:43:40,260 [INFO] ThirdPartyModel:298 - Start build external matchings
2026-06-09 16:43:42,302 [INFO] ThirdPartyModel:316 - End build external matchings
2026-06-09 16:43:42,386 [INFO] RtosManager:1018 - Current active RTOS is FREERTOS [Cortex-M3NS]
2026-06-09 16:43:42,456 [WARN] IP:2250 - LWIP_NETIF_HOSTNAME_NAME not found: check if there is a RefParameter without a condition.
2026-06-09 16:43:42,606 [INFO] ImportTextPane:234 - (OptionalMessage_ERROR) IP (RCC) : Invalid parameter (ADC12outputFreq_Value)
2026-06-09 16:43:42,607 [INFO] ImportTextPane:234 - (OptionalMessage_ERROR) IP (RCC) : Invalid parameter (ADC34outputFreq_Value)
2026-06-09 16:43:42,607 [INFO] ImportTextPane:234 - (OptionalMessage_ERROR) IP (RCC) : Invalid parameter (FamilyName)
2026-06-09 16:43:42,608 [INFO] ImportTextPane:234 - (OptionalMessage_ERROR) IP (RCC) : Invalid parameter (I2C1Freq_Value)
2026-06-09 16:43:42,609 [INFO] ImportTextPane:234 - (OptionalMessage_ERROR) IP (RCC) : Invalid parameter (I2C2Freq_Value)
2026-06-09 16:43:42,609 [INFO] ImportTextPane:234 - (OptionalMessage_ERROR) IP (RCC) : Invalid parameter (I2C3Freq_Value)
2026-06-09 16:43:42,611 [INFO] ImportTextPane:234 - (OptionalMessage_ERROR) IP (RCC) : Invalid parameter (MCOFreq_Value)
2026-06-09 16:43:42,612 [INFO] ImportTextPane:234 - (OptionalMessage_ERROR) IP (RCC) : Invalid parameter (PLLMCOFreq_Value)
2026-06-09 16:43:42,613 [INFO] ImportTextPane:234 - (OptionalMessage_ERROR) IP (RCC) : Invalid parameter (PLLMUL)
2026-06-09 16:43:42,613 [INFO] ImportTextPane:234 - (OptionalMessage_ERROR) IP (RCC) : Invalid parameter (PRESCALERUSB)
2026-06-09 16:43:42,615 [INFO] ImportTextPane:234 - (OptionalMessage_ERROR) IP (RCC) : Parameter (RTCHSEDivFreq_Value) has invalid value (4000000)
2026-06-09 16:43:42,616 [INFO] ImportTextPane:234 - (OptionalMessage_ERROR) IP (RCC) : Invalid parameter (SYSCLKSourceVirtual)
2026-06-09 16:43:42,616 [INFO] ImportTextPane:234 - (OptionalMessage_ERROR) IP (RCC) : Invalid parameter (TIM15Freq_Value)
2026-06-09 16:43:42,616 [INFO] ImportTextPane:234 - (OptionalMessage_ERROR) IP (RCC) : Invalid parameter (TIM16Freq_Value)
2026-06-09 16:43:42,617 [INFO] ImportTextPane:234 - (OptionalMessage_ERROR) IP (RCC) : Invalid parameter (TIM17Freq_Value)
2026-06-09 16:43:42,617 [INFO] ImportTextPane:234 - (OptionalMessage_ERROR) IP (RCC) : Invalid parameter (TIM1Freq_Value)
2026-06-09 16:43:42,618 [INFO] ImportTextPane:234 - (OptionalMessage_ERROR) IP (RCC) : Invalid parameter (TIM20Freq_Value)
2026-06-09 16:43:42,618 [INFO] ImportTextPane:234 - (OptionalMessage_ERROR) IP (RCC) : Invalid parameter (TIM2Freq_Value)
2026-06-09 16:43:42,618 [INFO] ImportTextPane:234 - (OptionalMessage_ERROR) IP (RCC) : Invalid parameter (TIM3Freq_Value)
2026-06-09 16:43:42,619 [INFO] ImportTextPane:234 - (OptionalMessage_ERROR) IP (RCC) : Invalid parameter (TIM8Freq_Value)
2026-06-09 16:43:42,619 [INFO] ImportTextPane:234 - (OptionalMessage_ERROR) IP (RCC) : Invalid parameter (UART4Freq_Value)
2026-06-09 16:43:42,620 [INFO] ImportTextPane:234 - (OptionalMessage_ERROR) IP (RCC) : Invalid parameter (UART5Freq_Value)
2026-06-09 16:43:42,620 [INFO] ImportTextPane:234 - (OptionalMessage_ERROR) IP (RCC) : Invalid parameter (USART1Freq_Value)
2026-06-09 16:43:42,620 [INFO] ImportTextPane:234 - (OptionalMessage_ERROR) IP (RCC) : Invalid parameter (USART2Freq_Value)
2026-06-09 16:43:42,621 [INFO] ImportTextPane:234 - (OptionalMessage_ERROR) IP (RCC) : Invalid parameter (USART3Freq_Value)
2026-06-09 16:43:42,621 [INFO] ImportTextPane:234 - (OptionalMessage_ERROR) IP (RCC) : Invalid parameter (USBFreq_Value)
2026-06-09 16:43:42,623 [INFO] ImportTextPane:234 - (OptionalMessage_ERROR) IP (RCC) : Invalid parameter (VCOOutput2Freq_Value)
2026-06-09 16:43:42,626 [WARN] IP:2250 - lpm_enable not found: check if there is a RefParameter without a condition.
2026-06-09 16:43:44,958 [INFO] ApiDb:581 - Connected to CubeFinder SQLite database (C:\Users\ASUS\.stmcufinder\plugins\mcufinder\mcu\cube-finder-db.db)
2026-06-09 16:43:45,438 [INFO] ApiDb:668 - CubeFinder database Data Model version=2.1
2026-06-09 16:43:45,439 [INFO] ApiDb:669 - CubeFinder database Configuration version=3.0.42
2026-06-09 16:43:45,446 [INFO] ApiDb:670 - CubeFinder database generation date=2026-05-14 (1778746352)
2026-06-09 16:43:45,446 [INFO] ApiDb:671 - CubeFinder database FW Pack versions=[FP-ATR-ASTRA1_V2.0.0, FP-SNS-FLIGHT1_V5.1.0, FP-SNS-MOTENV1_V5.1.0, FP-SNS-MOTENVWB1_V1.5.0, FP-SNS-SMARTAG2_V1.2.0, FP-SNS-STBOX1_V2.1.0, STM32Cube_FW_C0_V1.4.0, STM32Cube_FW_F4_V1.28.3, STM32Cube_FW_F7_V1.17.4, STM32Cube_FW_G0_V1.6.3, STM32Cube_FW_G4_V1.6.2, STM32Cube_FW_H5_V1.6.0, STM32Cube_FW_H7RS_V1.3.0, STM32Cube_FW_H7_V1.13.0, STM32Cube_FW_L0_V1.12.2, STM32Cube_FW_L4_V1.18.2, STM32Cube_FW_L5_V1.6.0, STM32Cube_FW_N6_V1.3.0, STM32Cube_FW_U0_V1.3.0, STM32Cube_FW_U3_V1.3.0, STM32Cube_FW_U5_V1.8.0, STM32Cube_FW_WB0_V1.4.0, STM32Cube_FW_WBA_V1.9.0, STM32Cube_FW_WB_V1.24.0, STM32Cube_FW_WL3_V1.4.0, STM32Cube_FW_WL_V1.5.0, X-CUBE-ALGOBUILD_V1.4.0, X-CUBE-ALS_V1.0.2, X-CUBE-AZRTOS-F4_V1.1.0, X-CUBE-AZRTOS-F7_V1.1.0, X-CUBE-AZRTOS-G0_V1.1.0, X-CUBE-AZRTOS-G4_V2.0.0, X-CUBE-AZRTOS-H7RS_V1.1.0, X-CUBE-AZRTOS-H7_V3.5.0, X-CUBE-AZRTOS-L4_V2.0.0, X-CUBE-AZRTOS-L5_V2.0.0, X-CUBE-AZRTOS-WB_V2.0.0, X-CUBE-AZRTOS-WL_V2.0.0, X-CUBE-BLE1_V7.1.0, X-CUBE-BLE2_V3.3.0, X-CUBE-BLEMGR_V4.1.0, X-CUBE-EEPRMA1_V5.2.0, X-CUBE-FREERTOS_V1.5.0, X-CUBE-GNSS1_V7.1.1, X-CUBE-MEMS1_V12.1.0, X-CUBE-NFC4_V3.0.0, X-CUBE-NFC7_V2.0.0, X-CUBE-SFXS2LP1_V4.0.0, X-CUBE-ST67W61_V1.3.0, X-CUBE-SUBG2_V5.0.0, X-CUBE-TOF1_V3.4.3]
2026-06-09 16:43:45,887 [INFO] DbBoardsSqlite:226 - include board P-NUCLEO-WB55-NUCLEO as a kit item of type 'Nucleo-64'
2026-06-09 16:43:45,888 [INFO] DbBoardsSqlite:226 - include board P-NUCLEO-WB55-USBDONGLE as a kit item of type 'Nucleo USB Dongle'
2026-06-09 16:43:45,891 [INFO] DbBoardsSqlite:226 - include board STEVAL-IDP005V1 as a kit item of type 'Evaluation Board'
2026-06-09 16:43:45,891 [INFO] DbBoardsSqlite:226 - include board STEVAL-IDP005V2 as a kit item of type 'Evaluation Board'
2026-06-09 16:43:47,241 [INFO] ApiDb:240 - Found 880 in-development CPN: [B-G473E-ZEST1S, B-WB1M-WPAN1, B-WBA5M-WPAN, B-WL5M-SUBG1, NUCLEO-C031C6, NUCLEO-C051C8, NUCLEO-C071RB, NUCLEO-C092RC, NUCLEO-H503RB, NUCLEO-H533RE, NUCLEO-H563ZI, NUCLEO-H7S3L8, NUCLEO-N657X0-Q, NUCLEO-U031R8, NUCLEO-U083RC, NUCLEO-U385RG-Q, NUCLEO-U545RE-Q, NUCLEO-U5A5ZJ-Q, NUCLEO-WB05KZ, NUCLEO-WB07CC, NUCLEO-WB09KE, NUCLEO-WBA52CG, NUCLEO-WBA55CG, NUCLEO-WL33CC1, NUCLEO-WL33CC2, STEVAL-PROTEUS1, STEVAL-SMARTAG2, STEVAL-STWINBX1, STM320518-EVAL, STM32C0116-DK, STM32C011D6Y3TR, STM32C011D6Y6TR, STM32C011F4P3, STM32C011F4P6, STM32C011F4U3, STM32C011F4U6TR, STM32C011F6P3, STM32C011F6P6, STM32C011F6U3, STM32C011F6U6TR, STM32C011J4M3, STM32C011J4M6, STM32C011J6M3, STM32C011J6M6, STM32C0316-DK, STM32C031C4T3, STM32C031C4T6, STM32C031C4U3, STM32C031C4U6, STM32C031C6T3, STM32C031C6T6, STM32C031C6U3, STM32C031C6U6, STM32C031F4P3, STM32C031F4P6, STM32C031F6P3, STM32C031F6P6, STM32C031G4U3, STM32C031G4U6, STM32C031G6U3, STM32C031G6U6, STM32C031K4T3, STM32C031K4T6, STM32C031K4U3, STM32C031K4U6, STM32C031K6T3, STM32C031K6T6, STM32C031K6U3, STM32C031K6U6, STM32C051C6T6, STM32C051C6U6, STM32C051C8T6, STM32C051C8U6, STM32C051D8Y6TR, STM32C051F6P6, STM32C051F8P6, STM32C051G6U6, STM32C051G8U6, STM32C051K6T6, STM32C051K6U6, STM32C051K8T6, STM32C071C8T6, STM32C071C8T6N, STM32C071C8U6, STM32C071C8U6N, STM32C071CBT6, STM32C071CBT6N, STM32C071CBU6, STM32C071CBU6N, STM32C071F8P6, STM32C071F8P6N, STM32C071FBP6, STM32C071FBP6N, STM32C071FBY6TR, STM32C071G8U6, STM32C071G8U6N, STM32C071GBU6, STM32C071GBU6N, STM32C071K8T6, STM32C071K8T6N, STM32C071K8U6, STM32C071K8U6N, STM32C071KBT6, STM32C071KBT6N, STM32C071KBU6, STM32C071KBU6N, STM32C071R8T6, STM32C071R8T6N, STM32C071RBI6N, STM32C071RBT6, STM32C071RBT6N, STM32C091CBT6, STM32C091CBU6, STM32C091CCT6, STM32C091CCU6, STM32C091ECY6TR, STM32C091FBP6, STM32C091FCP6, STM32C091GBU6, STM32C091GCU6, STM32C091KBT6, STM32C091KBU6, STM32C091KCT6, STM32C091KCU6, STM32C091RBT6, STM32C091RCI6, STM32C091RCT6, STM32C092CBT6, STM32C092CBU6, STM32C092CCT6, STM32C092CCU6, STM32C092ECY6TR, STM32C092FBP6, STM32C092FCP6, STM32C092GBU6, STM32C092GCU6, STM32C092KBT6, STM32C092KBU6, STM32C092KCT6, STM32C092KCU6, STM32C092RBT6, STM32C092RCI6, STM32C092RCT6, STM32G071K8TXN, STM32G071K8UXN, STM32G081GBU6N, STM32G081KBT6N, STM32G081KBUXN, STM32G0B1CCT6N, STM32G0B1KCT6, STM32G0B1NEY6TR, STM32G0B1RCT6N, STM32G0C1CCT6, STM32G0C1CCT6N, STM32G0C1CCU6N, STM32G0C1CET6N, STM32G0C1CEU6N, STM32G0C1KCT6, STM32G0C1NEY6TR, STM32G0C1RCI6N, STM32G0C1RCT6N, STM32G0C1REI6N, STM32G0C1RET6N, STM32G0C1VCI6, STM32G0C1VEI6, STM32G411C6T3, STM32G411C6T6, STM32G411C6U3, STM32G411C6U6, STM32G411C8T3, STM32G411C8T6, STM32G411C8U3, STM32G411C8U6, STM32G411CBT3, STM32G411CBT6, STM32G411CBU3, STM32G411CBU6, STM32G411K6T3, STM32G411K6T6, STM32G411K6U3, STM32G411K6U6, STM32G411K8T3, STM32G411K8T6, STM32G411K8U3, STM32G411K8U6, STM32G411KBT3, STM32G411KBT6, STM32G411KBU3, STM32G411KBU6, STM32G411M6T3, STM32G411M6T6, STM32G411M8T3, STM32G411M8T6, STM32G411MBT3, STM32G411MBT6, STM32G411R6T3, STM32G411R6T6, STM32G411R8T3, STM32G411R8T6, STM32G411RBT3, STM32G411RBT6, STM32G414CBT3, STM32G414CBT6, STM32G414CBU3, STM32G414CBU6, STM32G414CCT3, STM32G414CCT6, STM32G414CCU3, STM32G414CCU6, STM32G414MBT3, STM32G414MBT6, STM32G414MCT3, STM32G414MCT6, STM32G414RBT3, STM32G414RBT6, STM32G414RCT3, STM32G414RCT6, STM32G414VBT3, STM32G414VBT6, STM32G414VCT3, STM32G414VCT6, STM32G431CBT3Z, STM32G431RBT3Z, STM32G471CCT6, STM32G471CCU6, STM32G471CET3, STM32G471CET6, STM32G471CEU3, STM32G471CEU6, STM32G471MCT6, STM32G471MET3, STM32G471MET6, STM32G471MEY6TR, STM32G471QCT6, STM32G471QET3, STM32G471RCT6, STM32G471RET3, STM32G471RET6, STM32G471VCH6, STM32G471VCI6, STM32G471VCT6, STM32G471VEH3, STM32G471VEH6, STM32G471VEI3, STM32G471VEI6, STM32G471VET3, STM32G471VET6, STM32G473QET3Z, STM32G473RET3Z, STM32G474CCT6, STM32G491RET3Z, STM32H503CBT6, STM32H503CBU6, STM32H503EBY6TR, STM32H503KBU6, STM32H503RBT6, STM32H523CCT6, STM32H523CCU6, STM32H523CET6, STM32H523CEU6, STM32H523HEY6TR, STM32H523RCT6, STM32H523RET6, STM32H523VCI6, STM32H523VCT6, STM32H523VEI6, STM32H523VET6, STM32H523ZCJ6, STM32H523ZCT6, STM32H523ZEJ6, STM32H523ZET6, STM32H533CET6, STM32H533CEU6, STM32H533HEY6TR, STM32H533RET6, STM32H533VEI6, STM32H533VET6, STM32H533ZEJ6, STM32H533ZET6, STM32H562AGI6, STM32H562AII6, STM32H562IGK6, STM32H562IGT6, STM32H562IIK6, STM32H562IIT6, STM32H562RGT6, STM32H562RGV6, STM32H562RIT6, STM32H562RIV6, STM32H562VGT6, STM32H562VIT6, STM32H562ZGT6, STM32H562ZIT6, STM32H563AGI6, STM32H563AII3Q, STM32H563AII6, STM32H563IGK6, STM32H563IGT6, STM32H563IIK3Q, STM32H563IIK6, STM32H563IIT3Q, STM32H563IIT6, STM32H563MIY3QTR, STM32H563RGT6, STM32H563RGV6, STM32H563RIT6, STM32H563RIV6, STM32H563VGT6, STM32H563VIT3Q, STM32H563VIT6, STM32H563ZGT6, STM32H563ZIT3Q, STM32H563ZIT6, STM32H573AII3Q, STM32H573AII6, STM32H573I-DK, STM32H573IIK3Q, STM32H573IIK6, STM32H573IIT3Q, STM32H573IIT6, STM32H573MIY3QTR, STM32H573RIT6, STM32H573RIV6, STM32H573VIT3Q, STM32H573VIT6, STM32H573ZIT3Q, STM32H573ZIT6, STM32H7R3A8I6, STM32H7R3I8K6, STM32H7R3I8T6, STM32H7R3L8H6, STM32H7R3L8H6H, STM32H7R3R8V6, STM32H7R3V8H6, STM32H7R3V8T6, STM32H7R3V8Y6TR, STM32H7R3Z8J6, STM32H7R3Z8T6, STM32H7R7A8I6, STM32H7R7I8K6, STM32H7R7I8T6, STM32H7R7L8H6, STM32H7R7L8H6H, STM32H7R7Z8J6, STM32H7S3A8I6, STM32H7S3I8K6, STM32H7S3I8T6, STM32H7S3L8H6, STM32H7S3L8H6H, STM32H7S3R8V6, STM32H7S3V8H6, STM32H7S3V8T6, STM32H7S3V8Y6TR, STM32H7S3Z8J6, STM32H7S3Z8T6, STM32H7S78-DK, STM32H7S7A8I6, STM32H7S7I8K6, STM32H7S7I8T6, STM32H7S7L8H6, STM32H7S7L8H6H, STM32H7S7Z8J6, STM32L4R5QGI6STR, STM32MP131AAE3, STM32MP131AAF3, STM32MP131AAG3, STM32MP131CAE3, STM32MP131CAF3, STM32MP131CAG3, STM32MP131DAE7, STM32MP131DAF7, STM32MP131DAG7, STM32MP131FAE7, STM32MP131FAF7, STM32MP131FAG7, STM32MP133AAE3, STM32MP133AAF3, STM32MP133AAG3, STM32MP133CAE3, STM32MP133CAF3, STM32MP133CAG3, STM32MP133DAE7, STM32MP133DAF7, STM32MP133DAG7, STM32MP133FAE7, STM32MP133FAF7, STM32MP133FAG7, STM32MP135AAE3, STM32MP135AAF3, STM32MP135AAG3, STM32MP135CAE3, STM32MP135CAF3, STM32MP135CAG3, STM32MP135DAE7, STM32MP135DAF7, STM32MP135DAG7, STM32MP135F-DK, STM32MP135FAE7, STM32MP135FAF7, STM32MP135FAF7T, STM32MP135FAF7U, STM32MP135FAG7, STM32MP211AAL3, STM32MP211AAM3, STM32MP211AAN3, STM32MP211AAO3, STM32MP211CAL3, STM32MP211CAM3, STM32MP211CAN3, STM32MP211CAO3, STM32MP211DAL3, STM32MP211DAM3, STM32MP211DAN3, STM32MP211DAO3, STM32MP211FAL3, STM32MP211FAM3, STM32MP211FAN3, STM32MP211FAO3, STM32MP213AAL3, STM32MP213AAM3, STM32MP213AAN3, STM32MP213AAO3, STM32MP213CAL3, STM32MP213CAM3, STM32MP213CAN3, STM32MP213CAO3, STM32MP213DAL3, STM32MP213DAM3, STM32MP213DAN3, STM32MP213DAO3, STM32MP213FAL3, STM32MP213FAM3, STM32MP213FAN3, STM32MP213FAO3, STM32MP215AAL3, STM32MP215AAM3, STM32MP215AAN3, STM32MP215AAO3, STM32MP215CAL3, STM32MP215CAM3, STM32MP215CAN3, STM32MP215CAO3, STM32MP215DAL3, STM32MP215DAM3, STM32MP215DAN3, STM32MP215DAO3, STM32MP215F-DK, STM32MP215FAL3, STM32MP215FAM3, STM32MP215FAN3, STM32MP215FAO3, STM32MP231AAJ3, STM32MP231AAK3, STM32MP231AAL3, STM32MP231CAJ3, STM32MP231CAK3, STM32MP231CAL3, STM32MP231DAJ3, STM32MP231DAK3, STM32MP231DAL3, STM32MP231FAJ3, STM32MP231FAK3, STM32MP231FAL3, STM32MP233AAJ3, STM32MP233AAK3, STM32MP233AAL3, STM32MP233CAJ3, STM32MP233CAK3, STM32MP233CAL3, STM32MP233DAJ3, STM32MP233DAK3, STM32MP233DAL3, STM32MP233FAJ3, STM32MP233FAK3, STM32MP233FAL3, STM32MP235AAJ3, STM32MP235AAK3, STM32MP235AAL3, STM32MP235CAJ3, STM32MP235CAK3, STM32MP235CAL3, STM32MP235DAJ3, STM32MP235DAK3, STM32MP235DAL3, STM32MP235FAJ3, STM32MP235FAK3, STM32MP235FAL3, STM32MP251AAI3, STM32MP251AAK3, STM32MP251AAL3, STM32MP251CAI3, STM32MP251CAK3, STM32MP251CAL3, STM32MP251DAI3, STM32MP251DAK3, STM32MP251DAL3, STM32MP251FAI3, STM32MP251FAK3, STM32MP251FAL3, STM32MP253AAI3, STM32MP253AAK3, STM32MP253AAL3, STM32MP253CAI3, STM32MP253CAK3, STM32MP253CAL3, STM32MP253DAI3, STM32MP253DAK3, STM32MP253DAL3, STM32MP253FAI3, STM32MP253FAK3, STM32MP253FAL3, STM32MP255AAI3, STM32MP255AAK3, STM32MP255AAL3, STM32MP255CAI3, STM32MP255CAK3, STM32MP255CAL3, STM32MP255DAI3, STM32MP255DAK3, STM32MP255DAL3, STM32MP255FAI3, STM32MP255FAK3, STM32MP255FAL3, STM32MP257AAI3, STM32MP257AAK3, STM32MP257AAL3, STM32MP257CAI3, STM32MP257CAK3, STM32MP257CAL3, STM32MP257DAI3, STM32MP257DAK3, STM32MP257DAL3, STM32MP257F-DK, STM32MP257F-EV1, STM32MP257FAI3, STM32MP257FAK3, STM32MP257FAL3, STM32N645A0H3Q, STM32N645B0H3Q, STM32N645I0H3Q, STM32N645L0H3Q, STM32N645X0H3Q, STM32N645Z0H3Q, STM32N647A0H3Q, STM32N647B0H3Q, STM32N647I0H3Q, STM32N647L0H3Q, STM32N647X0H3Q, STM32N647Z0H3Q, STM32N655A0H3Q, STM32N655B0H3Q, STM32N655I0H3Q, STM32N655L0H3Q, STM32N655X0H3Q, STM32N655Z0H3Q, STM32N6570-DK, STM32N657A0H3Q, STM32N657B0H3Q, STM32N657I0H3Q, STM32N657L0H3Q, STM32N657X0H3Q, STM32N657Z0H3Q, STM32U031C6T6, STM32U031C6U6, STM32U031C8T6, STM32U031C8U6, STM32U031F4P6, STM32U031F6P6, STM32U031F8P6, STM32U031G6Y6TR, STM32U031G8Y6TR, STM32U031K4U6, STM32U031K6U6, STM32U031K8U6, STM32U031R6I6, STM32U031R6T6, STM32U031R8I6, STM32U031R8T6, STM32U073C8T6, STM32U073C8U6, STM32U073CBT6, STM32U073CBU6, STM32U073CCT6, STM32U073CCU6, STM32U073H8Y6TR, STM32U073HBY6TR, STM32U073HCY6TR, STM32U073K8U6, STM32U073KBU6, STM32U073KCU6, STM32U073M8I6, STM32U073M8T6, STM32U073MBI6, STM32U073MBT6, STM32U073MCI6, STM32U073MCT6, STM32U073R8I6, STM32U073R8T6, STM32U073RBI6, STM32U073RBT6, STM32U073RCI6, STM32U073RCT6, STM32U083C-DK, STM32U083CCT6, STM32U083CCU6, STM32U083HCY6TR, STM32U083KCU6, STM32U083MCI6, STM32U083MCT6, STM32U083RCI6, STM32U083RCT6, STM32U375CET6, STM32U375CET6Q, STM32U375CEU6, STM32U375CEU6Q, STM32U375CEY6QTR, STM32U375CGT6, STM32U375CGT6Q, STM32U375CGU6, STM32U375CGU6Q, STM32U375CGY6QTR, STM32U375KEU6, STM32U375KGU6, STM32U375REI6, STM32U375REI6Q, STM32U375RET6, STM32U375RET6Q, STM32U375REY6GTR, STM32U375REY6QTR, STM32U375RGI6, STM32U375RGI6Q, STM32U375RGT6, STM32U375RGT6Q, STM32U375RGY6GTR, STM32U375RGY6QTR, STM32U375VEI6, STM32U375VEI6Q, STM32U375VET6, STM32U375VET6Q, STM32U375VGI6, STM32U375VGI6Q, STM32U375VGT6, STM32U375VGT6Q, STM32U385CGT6, STM32U385CGT6Q, STM32U385CGU6, STM32U385CGU6Q, STM32U385CGY6QTR, STM32U385KGU6, STM32U385RGI6, STM32U385RGI6Q, STM32U385RGT6, STM32U385RGT6Q, STM32U385RGY6GTR, STM32U385RGY6QTR, STM32U385VGI6, STM32U385VGI6Q, STM32U385VGT6, STM32U385VGT6Q, STM32U535CBT6, STM32U535CBT6Q, STM32U535CBU6, STM32U535CBU6Q, STM32U535CCT6, STM32U535CCT6Q, STM32U535CCU6, STM32U535CCU6Q, STM32U535CET6, STM32U535CET6Q, STM32U535CEU6, STM32U535CEU6Q, STM32U535JEY6QTR, STM32U535NCY6QTR, STM32U535NEY6QTR, STM32U535RBI6, STM32U535RBI6Q, STM32U535RBT6, STM32U535RBT6Q, STM32U535RCI6, STM32U535RCI6Q, STM32U535RCT6, STM32U535RCT6Q, STM32U535REI6, STM32U535REI6Q, STM32U535RET6, STM32U535RET6Q, STM32U535VCI6, STM32U535VCI6Q, STM32U535VCT6, STM32U535VCT6Q, STM32U535VEI6, STM32U535VEI6Q, STM32U535VET6, STM32U535VET6Q, STM32U545CET6, STM32U545CET6Q, STM32U545CEU6, STM32U545CEU6Q, STM32U545JEY6QTR, STM32U545NEY6QTR, STM32U545REI6, STM32U545REI6Q, STM32U545RET6, STM32U545RET6Q, STM32U545VEI6, STM32U545VEI6Q, STM32U545VET6, STM32U545VET6Q, STM32U595AIH6, STM32U595AIH6Q, STM32U595AJH6, STM32U595AJH6Q, STM32U595QII6, STM32U595QII6Q, STM32U595QJI6, STM32U595QJI6Q, STM32U595RIT6, STM32U595RIT6Q, STM32U595RJT6, STM32U595RJT6Q, STM32U595VIT6, STM32U595VIT6Q, STM32U595VJT6, STM32U595VJT6Q, STM32U595ZIT6, STM32U595ZIT6Q, STM32U595ZIY6QTR, STM32U595ZJT6, STM32U595ZJT6Q, STM32U595ZJY6QTR, STM32U599BJY6QTR, STM32U599NIH6Q, STM32U599NJH6Q, STM32U599VIT6Q, STM32U599VJT6, STM32U599VJT6Q, STM32U599ZIT6Q, STM32U599ZIY6QTR, STM32U599ZJT6Q, STM32U599ZJY6QTR, STM32U5A5AJH6, STM32U5A5AJH6Q, STM32U5A5QII3Q , STM32U5A5QJI6, STM32U5A5QJI6Q, STM32U5A5RJT6, STM32U5A5RJT6Q, STM32U5A5VJT6, STM32U5A5VJT6Q, STM32U5A5ZJT6, STM32U5A5ZJT6Q, STM32U5A5ZJY6QTR, STM32U5A9BJY6QTR, STM32U5A9J-DK, STM32U5A9NJH6Q, STM32U5A9VJT6Q, STM32U5A9ZJT6Q, STM32U5A9ZJY6QTR, STM32U5F7VIT6, STM32U5F7VIT6Q, STM32U5F7VJT6, STM32U5F7VJT6Q, STM32U5F9BJY6QTR, STM32U5F9NJH6Q, STM32U5F9VIT6Q, STM32U5F9VJT6Q, STM32U5F9ZIJ6QTR, STM32U5F9ZIT6Q, STM32U5F9ZJJ6QTR, STM32U5F9ZJT6Q, STM32U5G7VJT6, STM32U5G7VJT6Q, STM32U5G9BJY6QTR, STM32U5G9J-DK1, STM32U5G9J-DK2, STM32U5G9NJH6Q, STM32U5G9VJT6Q, STM32U5G9ZJJ6QTR, STM32U5G9ZJT6Q, STM32WB05KZV6TR, STM32WB05KZV7TR, STM32WB05TZF6TR, STM32WB05TZF7TR, STM32WB06CCF6TR, STM32WB06CCF7TR, STM32WB06CCV6TR, STM32WB06CCV7TR, STM32WB06KCV6TR, STM32WB06KCV7TR, STM32WB07CCF6TR, STM32WB07CCF7TR, STM32WB07CCV6TR, STM32WB07CCV7TR, STM32WB07KCV6TR, STM32WB07KCV7TR, STM32WB09KEV6TR, STM32WB09KEV7TR, STM32WB09TEF6TR, STM32WB09TEF7TR, STM32WB1MMCH6, STM32WBA50KGU6, STM32WBA50KGU6TR, STM32WBA52CEU6, STM32WBA52CEU6TR, STM32WBA52CEU7, STM32WBA52CEU7TR, STM32WBA52CGU6, STM32WBA52CGU6TR, STM32WBA52CGU6U, STM32WBA52CGU7, STM32WBA52CGU7TR, STM32WBA52KEU6, STM32WBA52KEU6TR, STM32WBA52KGU6, STM32WBA52KGU6TR, STM32WBA54CEU6, STM32WBA54CEU6TR, STM32WBA54CEU7, STM32WBA54CEU7TR, STM32WBA54CGU6, STM32WBA54CGU6TR, STM32WBA54CGU7, STM32WBA54CGU7TR, STM32WBA54KEU6, STM32WBA54KEU6TR, STM32WBA54KEU7, STM32WBA54KEU7TR, STM32WBA54KGU6, STM32WBA54KGU6TR, STM32WBA54KGU7, STM32WBA54KGU7TR, STM32WBA55CEU6, STM32WBA55CEU6TR, STM32WBA55CEU7, STM32WBA55CEU7TR, STM32WBA55CGU6, STM32WBA55CGU6TR, STM32WBA55CGU6U, STM32WBA55CGU7, STM32WBA55CGU7TR, STM32WBA55G-DK1, STM32WBA55HEF6, STM32WBA55HEF7, STM32WBA55HGF6, STM32WBA55HGF7, STM32WBA55UEI6, STM32WBA55UEI6TR, STM32WBA55UEI7, STM32WBA55UEI7TR, STM32WBA55UGI6, STM32WBA55UGI6TR, STM32WBA55UGI7, STM32WBA55UGI7TR, STM32WBA5MMGH6TR, STM32WBA62MGF6, STM32WBA62MIF6, STM32WBA65MGF7, STM32WBA65MIF6, STM32WBA65MIF7, STM32WL30K8V6, STM32WL30KBV6, STM32WL31C8V6, STM32WL31CBV6, STM32WL31K8V6, STM32WL31KBV6, STM32WL33C8V6, STM32WL33C8V6X, STM32WL33CBV6, STM32WL33CBV6X, STM32WL33CCV6, STM32WL33CCV6A, STM32WL33CCV6X, STM32WL33K8V7, STM32WL33K8V7X, STM32WL33KBV7 , STM32WL33KBV7X, STM32WL33KCV7, STM32WL33KCV7X, STM32WL5MOCH6, STM32WL5MOCH6TR]
2026-06-09 16:43:47,253 [INFO] ApiDb:668 - CubeFinder database Data Model version=2.1
2026-06-09 16:43:47,253 [INFO] ApiDb:669 - CubeFinder database Configuration version=3.0.42
2026-06-09 16:43:47,253 [INFO] ApiDb:670 - CubeFinder database generation date=2026-05-14 (1778746352)
2026-06-09 16:43:47,253 [INFO] ApiDb:671 - CubeFinder database FW Pack versions=[FP-ATR-ASTRA1_V2.0.0, FP-SNS-FLIGHT1_V5.1.0, FP-SNS-MOTENV1_V5.1.0, FP-SNS-MOTENVWB1_V1.5.0, FP-SNS-SMARTAG2_V1.2.0, FP-SNS-STBOX1_V2.1.0, STM32Cube_FW_C0_V1.4.0, STM32Cube_FW_F4_V1.28.3, STM32Cube_FW_F7_V1.17.4, STM32Cube_FW_G0_V1.6.3, STM32Cube_FW_G4_V1.6.2, STM32Cube_FW_H5_V1.6.0, STM32Cube_FW_H7RS_V1.3.0, STM32Cube_FW_H7_V1.13.0, STM32Cube_FW_L0_V1.12.2, STM32Cube_FW_L4_V1.18.2, STM32Cube_FW_L5_V1.6.0, STM32Cube_FW_N6_V1.3.0, STM32Cube_FW_U0_V1.3.0, STM32Cube_FW_U3_V1.3.0, STM32Cube_FW_U5_V1.8.0, STM32Cube_FW_WB0_V1.4.0, STM32Cube_FW_WBA_V1.9.0, STM32Cube_FW_WB_V1.24.0, STM32Cube_FW_WL3_V1.4.0, STM32Cube_FW_WL_V1.5.0, X-CUBE-ALGOBUILD_V1.4.0, X-CUBE-ALS_V1.0.2, X-CUBE-AZRTOS-F4_V1.1.0, X-CUBE-AZRTOS-F7_V1.1.0, X-CUBE-AZRTOS-G0_V1.1.0, X-CUBE-AZRTOS-G4_V2.0.0, X-CUBE-AZRTOS-H7RS_V1.1.0, X-CUBE-AZRTOS-H7_V3.5.0, X-CUBE-AZRTOS-L4_V2.0.0, X-CUBE-AZRTOS-L5_V2.0.0, X-CUBE-AZRTOS-WB_V2.0.0, X-CUBE-AZRTOS-WL_V2.0.0, X-CUBE-BLE1_V7.1.0, X-CUBE-BLE2_V3.3.0, X-CUBE-BLEMGR_V4.1.0, X-CUBE-EEPRMA1_V5.2.0, X-CUBE-FREERTOS_V1.5.0, X-CUBE-GNSS1_V7.1.1, X-CUBE-MEMS1_V12.1.0, X-CUBE-NFC4_V3.0.0, X-CUBE-NFC7_V2.0.0, X-CUBE-SFXS2LP1_V4.0.0, X-CUBE-ST67W61_V1.3.0, X-CUBE-SUBG2_V5.0.0, X-CUBE-TOF1_V3.4.3]
2026-06-09 16:43:52,911 [INFO] ApiDb:240 - Found 880 in-development CPN: [B-G473E-ZEST1S, B-WB1M-WPAN1, B-WBA5M-WPAN, B-WL5M-SUBG1, NUCLEO-C031C6, NUCLEO-C051C8, NUCLEO-C071RB, NUCLEO-C092RC, NUCLEO-H503RB, NUCLEO-H533RE, NUCLEO-H563ZI, NUCLEO-H7S3L8, NUCLEO-N657X0-Q, NUCLEO-U031R8, NUCLEO-U083RC, NUCLEO-U385RG-Q, NUCLEO-U545RE-Q, NUCLEO-U5A5ZJ-Q, NUCLEO-WB05KZ, NUCLEO-WB07CC, NUCLEO-WB09KE, NUCLEO-WBA52CG, NUCLEO-WBA55CG, NUCLEO-WL33CC1, NUCLEO-WL33CC2, STEVAL-PROTEUS1, STEVAL-SMARTAG2, STEVAL-STWINBX1, STM320518-EVAL, STM32C0116-DK, STM32C011D6Y3TR, STM32C011D6Y6TR, STM32C011F4P3, STM32C011F4P6, STM32C011F4U3, STM32C011F4U6TR, STM32C011F6P3, STM32C011F6P6, STM32C011F6U3, STM32C011F6U6TR, STM32C011J4M3, STM32C011J4M6, STM32C011J6M3, STM32C011J6M6, STM32C0316-DK, STM32C031C4T3, STM32C031C4T6, STM32C031C4U3, STM32C031C4U6, STM32C031C6T3, STM32C031C6T6, STM32C031C6U3, STM32C031C6U6, STM32C031F4P3, STM32C031F4P6, STM32C031F6P3, STM32C031F6P6, STM32C031G4U3, STM32C031G4U6, STM32C031G6U3, STM32C031G6U6, STM32C031K4T3, STM32C031K4T6, STM32C031K4U3, STM32C031K4U6, STM32C031K6T3, STM32C031K6T6, STM32C031K6U3, STM32C031K6U6, STM32C051C6T6, STM32C051C6U6, STM32C051C8T6, STM32C051C8U6, STM32C051D8Y6TR, STM32C051F6P6, STM32C051F8P6, STM32C051G6U6, STM32C051G8U6, STM32C051K6T6, STM32C051K6U6, STM32C051K8T6, STM32C071C8T6, STM32C071C8T6N, STM32C071C8U6, STM32C071C8U6N, STM32C071CBT6, STM32C071CBT6N, STM32C071CBU6, STM32C071CBU6N, STM32C071F8P6, STM32C071F8P6N, STM32C071FBP6, STM32C071FBP6N, STM32C071FBY6TR, STM32C071G8U6, STM32C071G8U6N, STM32C071GBU6, STM32C071GBU6N, STM32C071K8T6, STM32C071K8T6N, STM32C071K8U6, STM32C071K8U6N, STM32C071KBT6, STM32C071KBT6N, STM32C071KBU6, STM32C071KBU6N, STM32C071R8T6, STM32C071R8T6N, STM32C071RBI6N, STM32C071RBT6, STM32C071RBT6N, STM32C091CBT6, STM32C091CBU6, STM32C091CCT6, STM32C091CCU6, STM32C091ECY6TR, STM32C091FBP6, STM32C091FCP6, STM32C091GBU6, STM32C091GCU6, STM32C091KBT6, STM32C091KBU6, STM32C091KCT6, STM32C091KCU6, STM32C091RBT6, STM32C091RCI6, STM32C091RCT6, STM32C092CBT6, STM32C092CBU6, STM32C092CCT6, STM32C092CCU6, STM32C092ECY6TR, STM32C092FBP6, STM32C092FCP6, STM32C092GBU6, STM32C092GCU6, STM32C092KBT6, STM32C092KBU6, STM32C092KCT6, STM32C092KCU6, STM32C092RBT6, STM32C092RCI6, STM32C092RCT6, STM32G071K8TXN, STM32G071K8UXN, STM32G081GBU6N, STM32G081KBT6N, STM32G081KBUXN, STM32G0B1CCT6N, STM32G0B1KCT6, STM32G0B1NEY6TR, STM32G0B1RCT6N, STM32G0C1CCT6, STM32G0C1CCT6N, STM32G0C1CCU6N, STM32G0C1CET6N, STM32G0C1CEU6N, STM32G0C1KCT6, STM32G0C1NEY6TR, STM32G0C1RCI6N, STM32G0C1RCT6N, STM32G0C1REI6N, STM32G0C1RET6N, STM32G0C1VCI6, STM32G0C1VEI6, STM32G411C6T3, STM32G411C6T6, STM32G411C6U3, STM32G411C6U6, STM32G411C8T3, STM32G411C8T6, STM32G411C8U3, STM32G411C8U6, STM32G411CBT3, STM32G411CBT6, STM32G411CBU3, STM32G411CBU6, STM32G411K6T3, STM32G411K6T6, STM32G411K6U3, STM32G411K6U6, STM32G411K8T3, STM32G411K8T6, STM32G411K8U3, STM32G411K8U6, STM32G411KBT3, STM32G411KBT6, STM32G411KBU3, STM32G411KBU6, STM32G411M6T3, STM32G411M6T6, STM32G411M8T3, STM32G411M8T6, STM32G411MBT3, STM32G411MBT6, STM32G411R6T3, STM32G411R6T6, STM32G411R8T3, STM32G411R8T6, STM32G411RBT3, STM32G411RBT6, STM32G414CBT3, STM32G414CBT6, STM32G414CBU3, STM32G414CBU6, STM32G414CCT3, STM32G414CCT6, STM32G414CCU3, STM32G414CCU6, STM32G414MBT3, STM32G414MBT6, STM32G414MCT3, STM32G414MCT6, STM32G414RBT3, STM32G414RBT6, STM32G414RCT3, STM32G414RCT6, STM32G414VBT3, STM32G414VBT6, STM32G414VCT3, STM32G414VCT6, STM32G431CBT3Z, STM32G431RBT3Z, STM32G471CCT6, STM32G471CCU6, STM32G471CET3, STM32G471CET6, STM32G471CEU3, STM32G471CEU6, STM32G471MCT6, STM32G471MET3, STM32G471MET6, STM32G471MEY6TR, STM32G471QCT6, STM32G471QET3, STM32G471RCT6, STM32G471RET3, STM32G471RET6, STM32G471VCH6, STM32G471VCI6, STM32G471VCT6, STM32G471VEH3, STM32G471VEH6, STM32G471VEI3, STM32G471VEI6, STM32G471VET3, STM32G471VET6, STM32G473QET3Z, STM32G473RET3Z, STM32G474CCT6, STM32G491RET3Z, STM32H503CBT6, STM32H503CBU6, STM32H503EBY6TR, STM32H503KBU6, STM32H503RBT6, STM32H523CCT6, STM32H523CCU6, STM32H523CET6, STM32H523CEU6, STM32H523HEY6TR, STM32H523RCT6, STM32H523RET6, STM32H523VCI6, STM32H523VCT6, STM32H523VEI6, STM32H523VET6, STM32H523ZCJ6, STM32H523ZCT6, STM32H523ZEJ6, STM32H523ZET6, STM32H533CET6, STM32H533CEU6, STM32H533HEY6TR, STM32H533RET6, STM32H533VEI6, STM32H533VET6, STM32H533ZEJ6, STM32H533ZET6, STM32H562AGI6, STM32H562AII6, STM32H562IGK6, STM32H562IGT6, STM32H562IIK6, STM32H562IIT6, STM32H562RGT6, STM32H562RGV6, STM32H562RIT6, STM32H562RIV6, STM32H562VGT6, STM32H562VIT6, STM32H562ZGT6, STM32H562ZIT6, STM32H563AGI6, STM32H563AII3Q, STM32H563AII6, STM32H563IGK6, STM32H563IGT6, STM32H563IIK3Q, STM32H563IIK6, STM32H563IIT3Q, STM32H563IIT6, STM32H563MIY3QTR, STM32H563RGT6, STM32H563RGV6, STM32H563RIT6, STM32H563RIV6, STM32H563VGT6, STM32H563VIT3Q, STM32H563VIT6, STM32H563ZGT6, STM32H563ZIT3Q, STM32H563ZIT6, STM32H573AII3Q, STM32H573AII6, STM32H573I-DK, STM32H573IIK3Q, STM32H573IIK6, STM32H573IIT3Q, STM32H573IIT6, STM32H573MIY3QTR, STM32H573RIT6, STM32H573RIV6, STM32H573VIT3Q, STM32H573VIT6, STM32H573ZIT3Q, STM32H573ZIT6, STM32H7R3A8I6, STM32H7R3I8K6, STM32H7R3I8T6, STM32H7R3L8H6, STM32H7R3L8H6H, STM32H7R3R8V6, STM32H7R3V8H6, STM32H7R3V8T6, STM32H7R3V8Y6TR, STM32H7R3Z8J6, STM32H7R3Z8T6, STM32H7R7A8I6, STM32H7R7I8K6, STM32H7R7I8T6, STM32H7R7L8H6, STM32H7R7L8H6H, STM32H7R7Z8J6, STM32H7S3A8I6, STM32H7S3I8K6, STM32H7S3I8T6, STM32H7S3L8H6, STM32H7S3L8H6H, STM32H7S3R8V6, STM32H7S3V8H6, STM32H7S3V8T6, STM32H7S3V8Y6TR, STM32H7S3Z8J6, STM32H7S3Z8T6, STM32H7S78-DK, STM32H7S7A8I6, STM32H7S7I8K6, STM32H7S7I8T6, STM32H7S7L8H6, STM32H7S7L8H6H, STM32H7S7Z8J6, STM32L4R5QGI6STR, STM32MP131AAE3, STM32MP131AAF3, STM32MP131AAG3, STM32MP131CAE3, STM32MP131CAF3, STM32MP131CAG3, STM32MP131DAE7, STM32MP131DAF7, STM32MP131DAG7, STM32MP131FAE7, STM32MP131FAF7, STM32MP131FAG7, STM32MP133AAE3, STM32MP133AAF3, STM32MP133AAG3, STM32MP133CAE3, STM32MP133CAF3, STM32MP133CAG3, STM32MP133DAE7, STM32MP133DAF7, STM32MP133DAG7, STM32MP133FAE7, STM32MP133FAF7, STM32MP133FAG7, STM32MP135AAE3, STM32MP135AAF3, STM32MP135AAG3, STM32MP135CAE3, STM32MP135CAF3, STM32MP135CAG3, STM32MP135DAE7, STM32MP135DAF7, STM32MP135DAG7, STM32MP135F-DK, STM32MP135FAE7, STM32MP135FAF7, STM32MP135FAF7T, STM32MP135FAF7U, STM32MP135FAG7, STM32MP211AAL3, STM32MP211AAM3, STM32MP211AAN3, STM32MP211AAO3, STM32MP211CAL3, STM32MP211CAM3, STM32MP211CAN3, STM32MP211CAO3, STM32MP211DAL3, STM32MP211DAM3, STM32MP211DAN3, STM32MP211DAO3, STM32MP211FAL3, STM32MP211FAM3, STM32MP211FAN3, STM32MP211FAO3, STM32MP213AAL3, STM32MP213AAM3, STM32MP213AAN3, STM32MP213AAO3, STM32MP213CAL3, STM32MP213CAM3, STM32MP213CAN3, STM32MP213CAO3, STM32MP213DAL3, STM32MP213DAM3, STM32MP213DAN3, STM32MP213DAO3, STM32MP213FAL3, STM32MP213FAM3, STM32MP213FAN3, STM32MP213FAO3, STM32MP215AAL3, STM32MP215AAM3, STM32MP215AAN3, STM32MP215AAO3, STM32MP215CAL3, STM32MP215CAM3, STM32MP215CAN3, STM32MP215CAO3, STM32MP215DAL3, STM32MP215DAM3, STM32MP215DAN3, STM32MP215DAO3, STM32MP215F-DK, STM32MP215FAL3, STM32MP215FAM3, STM32MP215FAN3, STM32MP215FAO3, STM32MP231AAJ3, STM32MP231AAK3, STM32MP231AAL3, STM32MP231CAJ3, STM32MP231CAK3, STM32MP231CAL3, STM32MP231DAJ3, STM32MP231DAK3, STM32MP231DAL3, STM32MP231FAJ3, STM32MP231FAK3, STM32MP231FAL3, STM32MP233AAJ3, STM32MP233AAK3, STM32MP233AAL3, STM32MP233CAJ3, STM32MP233CAK3, STM32MP233CAL3, STM32MP233DAJ3, STM32MP233DAK3, STM32MP233DAL3, STM32MP233FAJ3, STM32MP233FAK3, STM32MP233FAL3, STM32MP235AAJ3, STM32MP235AAK3, STM32MP235AAL3, STM32MP235CAJ3, STM32MP235CAK3, STM32MP235CAL3, STM32MP235DAJ3, STM32MP235DAK3, STM32MP235DAL3, STM32MP235FAJ3, STM32MP235FAK3, STM32MP235FAL3, STM32MP251AAI3, STM32MP251AAK3, STM32MP251AAL3, STM32MP251CAI3, STM32MP251CAK3, STM32MP251CAL3, STM32MP251DAI3, STM32MP251DAK3, STM32MP251DAL3, STM32MP251FAI3, STM32MP251FAK3, STM32MP251FAL3, STM32MP253AAI3, STM32MP253AAK3, STM32MP253AAL3, STM32MP253CAI3, STM32MP253CAK3, STM32MP253CAL3, STM32MP253DAI3, STM32MP253DAK3, STM32MP253DAL3, STM32MP253FAI3, STM32MP253FAK3, STM32MP253FAL3, STM32MP255AAI3, STM32MP255AAK3, STM32MP255AAL3, STM32MP255CAI3, STM32MP255CAK3, STM32MP255CAL3, STM32MP255DAI3, STM32MP255DAK3, STM32MP255DAL3, STM32MP255FAI3, STM32MP255FAK3, STM32MP255FAL3, STM32MP257AAI3, STM32MP257AAK3, STM32MP257AAL3, STM32MP257CAI3, STM32MP257CAK3, STM32MP257CAL3, STM32MP257DAI3, STM32MP257DAK3, STM32MP257DAL3, STM32MP257F-DK, STM32MP257F-EV1, STM32MP257FAI3, STM32MP257FAK3, STM32MP257FAL3, STM32N645A0H3Q, STM32N645B0H3Q, STM32N645I0H3Q, STM32N645L0H3Q, STM32N645X0H3Q, STM32N645Z0H3Q, STM32N647A0H3Q, STM32N647B0H3Q, STM32N647I0H3Q, STM32N647L0H3Q, STM32N647X0H3Q, STM32N647Z0H3Q, STM32N655A0H3Q, STM32N655B0H3Q, STM32N655I0H3Q, STM32N655L0H3Q, STM32N655X0H3Q, STM32N655Z0H3Q, STM32N6570-DK, STM32N657A0H3Q, STM32N657B0H3Q, STM32N657I0H3Q, STM32N657L0H3Q, STM32N657X0H3Q, STM32N657Z0H3Q, STM32U031C6T6, STM32U031C6U6, STM32U031C8T6, STM32U031C8U6, STM32U031F4P6, STM32U031F6P6, STM32U031F8P6, STM32U031G6Y6TR, STM32U031G8Y6TR, STM32U031K4U6, STM32U031K6U6, STM32U031K8U6, STM32U031R6I6, STM32U031R6T6, STM32U031R8I6, STM32U031R8T6, STM32U073C8T6, STM32U073C8U6, STM32U073CBT6, STM32U073CBU6, STM32U073CCT6, STM32U073CCU6, STM32U073H8Y6TR, STM32U073HBY6TR, STM32U073HCY6TR, STM32U073K8U6, STM32U073KBU6, STM32U073KCU6, STM32U073M8I6, STM32U073M8T6, STM32U073MBI6, STM32U073MBT6, STM32U073MCI6, STM32U073MCT6, STM32U073R8I6, STM32U073R8T6, STM32U073RBI6, STM32U073RBT6, STM32U073RCI6, STM32U073RCT6, STM32U083C-DK, STM32U083CCT6, STM32U083CCU6, STM32U083HCY6TR, STM32U083KCU6, STM32U083MCI6, STM32U083MCT6, STM32U083RCI6, STM32U083RCT6, STM32U375CET6, STM32U375CET6Q, STM32U375CEU6, STM32U375CEU6Q, STM32U375CEY6QTR, STM32U375CGT6, STM32U375CGT6Q, STM32U375CGU6, STM32U375CGU6Q, STM32U375CGY6QTR, STM32U375KEU6, STM32U375KGU6, STM32U375REI6, STM32U375REI6Q, STM32U375RET6, STM32U375RET6Q, STM32U375REY6GTR, STM32U375REY6QTR, STM32U375RGI6, STM32U375RGI6Q, STM32U375RGT6, STM32U375RGT6Q, STM32U375RGY6GTR, STM32U375RGY6QTR, STM32U375VEI6, STM32U375VEI6Q, STM32U375VET6, STM32U375VET6Q, STM32U375VGI6, STM32U375VGI6Q, STM32U375VGT6, STM32U375VGT6Q, STM32U385CGT6, STM32U385CGT6Q, STM32U385CGU6, STM32U385CGU6Q, STM32U385CGY6QTR, STM32U385KGU6, STM32U385RGI6, STM32U385RGI6Q, STM32U385RGT6, STM32U385RGT6Q, STM32U385RGY6GTR, STM32U385RGY6QTR, STM32U385VGI6, STM32U385VGI6Q, STM32U385VGT6, STM32U385VGT6Q, STM32U535CBT6, STM32U535CBT6Q, STM32U535CBU6, STM32U535CBU6Q, STM32U535CCT6, STM32U535CCT6Q, STM32U535CCU6, STM32U535CCU6Q, STM32U535CET6, STM32U535CET6Q, STM32U535CEU6, STM32U535CEU6Q, STM32U535JEY6QTR, STM32U535NCY6QTR, STM32U535NEY6QTR, STM32U535RBI6, STM32U535RBI6Q, STM32U535RBT6, STM32U535RBT6Q, STM32U535RCI6, STM32U535RCI6Q, STM32U535RCT6, STM32U535RCT6Q, STM32U535REI6, STM32U535REI6Q, STM32U535RET6, STM32U535RET6Q, STM32U535VCI6, STM32U535VCI6Q, STM32U535VCT6, STM32U535VCT6Q, STM32U535VEI6, STM32U535VEI6Q, STM32U535VET6, STM32U535VET6Q, STM32U545CET6, STM32U545CET6Q, STM32U545CEU6, STM32U545CEU6Q, STM32U545JEY6QTR, STM32U545NEY6QTR, STM32U545REI6, STM32U545REI6Q, STM32U545RET6, STM32U545RET6Q, STM32U545VEI6, STM32U545VEI6Q, STM32U545VET6, STM32U545VET6Q, STM32U595AIH6, STM32U595AIH6Q, STM32U595AJH6, STM32U595AJH6Q, STM32U595QII6, STM32U595QII6Q, STM32U595QJI6, STM32U595QJI6Q, STM32U595RIT6, STM32U595RIT6Q, STM32U595RJT6, STM32U595RJT6Q, STM32U595VIT6, STM32U595VIT6Q, STM32U595VJT6, STM32U595VJT6Q, STM32U595ZIT6, STM32U595ZIT6Q, STM32U595ZIY6QTR, STM32U595ZJT6, STM32U595ZJT6Q, STM32U595ZJY6QTR, STM32U599BJY6QTR, STM32U599NIH6Q, STM32U599NJH6Q, STM32U599VIT6Q, STM32U599VJT6, STM32U599VJT6Q, STM32U599ZIT6Q, STM32U599ZIY6QTR, STM32U599ZJT6Q, STM32U599ZJY6QTR, STM32U5A5AJH6, STM32U5A5AJH6Q, STM32U5A5QII3Q , STM32U5A5QJI6, STM32U5A5QJI6Q, STM32U5A5RJT6, STM32U5A5RJT6Q, STM32U5A5VJT6, STM32U5A5VJT6Q, STM32U5A5ZJT6, STM32U5A5ZJT6Q, STM32U5A5ZJY6QTR, STM32U5A9BJY6QTR, STM32U5A9J-DK, STM32U5A9NJH6Q, STM32U5A9VJT6Q, STM32U5A9ZJT6Q, STM32U5A9ZJY6QTR, STM32U5F7VIT6, STM32U5F7VIT6Q, STM32U5F7VJT6, STM32U5F7VJT6Q, STM32U5F9BJY6QTR, STM32U5F9NJH6Q, STM32U5F9VIT6Q, STM32U5F9VJT6Q, STM32U5F9ZIJ6QTR, STM32U5F9ZIT6Q, STM32U5F9ZJJ6QTR, STM32U5F9ZJT6Q, STM32U5G7VJT6, STM32U5G7VJT6Q, STM32U5G9BJY6QTR, STM32U5G9J-DK1, STM32U5G9J-DK2, STM32U5G9NJH6Q, STM32U5G9VJT6Q, STM32U5G9ZJJ6QTR, STM32U5G9ZJT6Q, STM32WB05KZV6TR, STM32WB05KZV7TR, STM32WB05TZF6TR, STM32WB05TZF7TR, STM32WB06CCF6TR, STM32WB06CCF7TR, STM32WB06CCV6TR, STM32WB06CCV7TR, STM32WB06KCV6TR, STM32WB06KCV7TR, STM32WB07CCF6TR, STM32WB07CCF7TR, STM32WB07CCV6TR, STM32WB07CCV7TR, STM32WB07KCV6TR, STM32WB07KCV7TR, STM32WB09KEV6TR, STM32WB09KEV7TR, STM32WB09TEF6TR, STM32WB09TEF7TR, STM32WB1MMCH6, STM32WBA50KGU6, STM32WBA50KGU6TR, STM32WBA52CEU6, STM32WBA52CEU6TR, STM32WBA52CEU7, STM32WBA52CEU7TR, STM32WBA52CGU6, STM32WBA52CGU6TR, STM32WBA52CGU6U, STM32WBA52CGU7, STM32WBA52CGU7TR, STM32WBA52KEU6, STM32WBA52KEU6TR, STM32WBA52KGU6, STM32WBA52KGU6TR, STM32WBA54CEU6, STM32WBA54CEU6TR, STM32WBA54CEU7, STM32WBA54CEU7TR, STM32WBA54CGU6, STM32WBA54CGU6TR, STM32WBA54CGU7, STM32WBA54CGU7TR, STM32WBA54KEU6, STM32WBA54KEU6TR, STM32WBA54KEU7, STM32WBA54KEU7TR, STM32WBA54KGU6, STM32WBA54KGU6TR, STM32WBA54KGU7, STM32WBA54KGU7TR, STM32WBA55CEU6, STM32WBA55CEU6TR, STM32WBA55CEU7, STM32WBA55CEU7TR, STM32WBA55CGU6, STM32WBA55CGU6TR, STM32WBA55CGU6U, STM32WBA55CGU7, STM32WBA55CGU7TR, STM32WBA55G-DK1, STM32WBA55HEF6, STM32WBA55HEF7, STM32WBA55HGF6, STM32WBA55HGF7, STM32WBA55UEI6, STM32WBA55UEI6TR, STM32WBA55UEI7, STM32WBA55UEI7TR, STM32WBA55UGI6, STM32WBA55UGI6TR, STM32WBA55UGI7, STM32WBA55UGI7TR, STM32WBA5MMGH6TR, STM32WBA62MGF6, STM32WBA62MIF6, STM32WBA65MGF7, STM32WBA65MIF6, STM32WBA65MIF7, STM32WL30K8V6, STM32WL30KBV6, STM32WL31C8V6, STM32WL31CBV6, STM32WL31K8V6, STM32WL31KBV6, STM32WL33C8V6, STM32WL33C8V6X, STM32WL33CBV6, STM32WL33CBV6X, STM32WL33CCV6, STM32WL33CCV6A, STM32WL33CCV6X, STM32WL33K8V7, STM32WL33K8V7X, STM32WL33KBV7 , STM32WL33KBV7X, STM32WL33KCV7, STM32WL33KCV7X, STM32WL5MOCH6, STM32WL5MOCH6TR]
2026-06-09 16:43:52,922 [INFO] DbMcus:218 - Found 5086 MCUs, 4968 are supported
2026-06-09 16:43:52,925 [INFO] ApiDb:423 - Load user favorites file C:\Users\ASUS/.stm32cubeide/favorites.mcus.txt: 1 item(s)
2026-06-09 16:43:52,925 [INFO] ApiDb:427 - User favorites MCUs=[STM32F446ZET6]
2026-06-09 16:43:52,925 [INFO] DbMcus:224 - Set 1 / 1 favorites MCUs
2026-06-09 16:43:54,705 [INFO] BoardInfo:889 - No configuration file found for board NUCLEO-H5E5ZJ
2026-06-09 16:43:54,709 [INFO] DbBoards:161 - Board is not supported: NUCLEO-H5E5ZJ
2026-06-09 16:43:54,924 [INFO] BoardInfo:889 - No configuration file found for board NUCLEO-U3C5ZI-Q
2026-06-09 16:43:54,928 [INFO] DbBoards:161 - Board is not supported: NUCLEO-U3C5ZI-Q
2026-06-09 16:43:54,971 [INFO] BoardInfo:889 - No configuration file found for board NUCLEO-WBA25CE1
2026-06-09 16:43:54,974 [INFO] DbBoards:161 - Board is not supported: NUCLEO-WBA25CE1
2026-06-09 16:43:54,997 [INFO] BoardInfo:889 - No configuration file found for board NUCLEO-WL3RKB1
2026-06-09 16:43:55,000 [INFO] DbBoards:161 - Board is not supported: NUCLEO-WL3RKB1
2026-06-09 16:43:55,002 [INFO] BoardInfo:889 - No configuration file found for board NUCLEO-WL3RKB2
2026-06-09 16:43:55,004 [INFO] DbBoards:161 - Board is not supported: NUCLEO-WL3RKB2
2026-06-09 16:43:55,024 [INFO] BoardInfo:889 - No configuration file found for board P-NUCLEO-WB55
2026-06-09 16:43:55,027 [INFO] DbBoards:161 - Kit is not supported: P-NUCLEO-WB55
2026-06-09 16:43:55,044 [INFO] BoardInfo:889 - No configuration file found for board STEVAL-BFA001V1B
2026-06-09 16:43:55,046 [INFO] DbBoards:161 - Kit is not supported: STEVAL-BFA001V1B
2026-06-09 16:43:55,049 [INFO] BoardInfo:889 - No configuration file found for board STEVAL-BFA001V2B
2026-06-09 16:43:55,051 [INFO] DbBoards:161 - Kit is not supported: STEVAL-BFA001V2B
2026-06-09 16:43:55,356 [INFO] BoardInfo:889 - No configuration file found for board STM32H5F5J-DK
2026-06-09 16:43:55,359 [INFO] DbBoards:161 - Board is not supported: STM32H5F5J-DK
2026-06-09 16:43:55,569 [INFO] DbBoards:168 - Found 218 boards, 209 are supported
2026-06-09 16:43:55,569 [INFO] DbBoards:169 - Found 218 boards, 43 of them is supported for  Bsp
2026-06-09 16:43:55,580 [INFO] ApiDb:423 - Load user favorites file C:\Users\ASUS/.stm32cubeide/favorites.boards.txt: 0 item(s)
2026-06-09 16:43:55,580 [INFO] ApiDb:427 - User favorites Boards=[]
2026-06-09 16:43:55,581 [INFO] DbBoards:198 - Set 0 / 0 favorites Boards
2026-06-09 16:43:55,716 [INFO] UtilMem:75 - End LoadConfig() Used Memory: 790352336 Bytes (1073741824)
2026-06-09 16:43:56,125 [WARN] ThirdParty:833 - waiting for thirdparty lock release [change project]
2026-06-09 16:43:56,125 [INFO] ThirdParty:835 - entering critical section [change project]
2026-06-09 16:43:56,126 [INFO] ThirdParty:1030 - CMSIS Pack Vendor :STMicroelectronics X-CUBE-AZRTOS-H7 3.5.0
2026-06-09 16:43:56,126 [INFO] ThirdParty:1030 - CMSIS Pack Vendor :STMicroelectronics X-CUBE-PM33A1 1.0.0
2026-06-09 16:43:56,126 [INFO] ThirdParty:1030 - CMSIS Pack Vendor :STMicroelectronics USBPD 4.1
2026-06-09 16:43:56,126 [INFO] ThirdParty:1030 - CMSIS Pack Vendor :STMicroelectronics X-CUBE-NFC9 1.0.0
2026-06-09 16:43:56,126 [INFO] ThirdParty:1030 - CMSIS Pack Vendor :STMicroelectronics USB_HOST 2.0.0
2026-06-09 16:43:56,126 [INFO] ThirdParty:1030 - CMSIS Pack Vendor :STMicroelectronics X-CUBE-AZRTOS-F4 1.1.0
2026-06-09 16:43:56,126 [INFO] ThirdParty:1030 - CMSIS Pack Vendor :STMicroelectronics LIBJPEG 8.0.0
2026-06-09 16:43:56,126 [INFO] ThirdParty:1030 - CMSIS Pack Vendor :STMicroelectronics FP-ATR-ASTRA1 2.0.2
2026-06-09 16:43:56,126 [INFO] ThirdParty:1030 - CMSIS Pack Vendor :STMicroelectronics X-CUBE-BLE1 7.1.0
2026-06-09 16:43:56,126 [INFO] ThirdParty:1030 - CMSIS Pack Vendor :STMicroelectronics X-CUBE-SMBUS 2.1.0
2026-06-09 16:43:56,127 [INFO] ThirdParty:1030 - CMSIS Pack Vendor :wolfSSL I-CUBE-wolfMQTT 1.19.2
2026-06-09 16:43:56,127 [INFO] ThirdParty:1030 - CMSIS Pack Vendor :STMicroelectronics USB_DEVICE 3.0.0
2026-06-09 16:43:56,127 [INFO] ThirdParty:1030 - CMSIS Pack Vendor :STMicroelectronics X-CUBE-ISPU 2.1.0
2026-06-09 16:43:56,127 [INFO] ThirdParty:1030 - CMSIS Pack Vendor :STMicroelectronics X-CUBE-FREERTOS 1.4.0
2026-06-09 16:43:56,127 [INFO] ThirdParty:1030 - CMSIS Pack Vendor :STMicroelectronics X-CUBE-EEPRMA1 5.2.0
2026-06-09 16:43:56,127 [INFO] ThirdParty:1030 - CMSIS Pack Vendor :STMicroelectronics X-CUBE-IPS 3.2.0
2026-06-09 16:43:56,127 [INFO] ThirdParty:1030 - CMSIS Pack Vendor :STMicroelectronics X-CUBE-BLEMGR 4.1.0
2026-06-09 16:43:56,127 [INFO] ThirdParty:1030 - CMSIS Pack Vendor :STMicroelectronics eDS-WB_DPC_TT-BIDIR 2.1.1
2026-06-09 16:43:56,127 [INFO] ThirdParty:1030 - CMSIS Pack Vendor :STMicroelectronics X-CUBE-AZRTOS-WB 2.0.0
2026-06-09 16:43:56,127 [INFO] ThirdParty:1030 - CMSIS Pack Vendor :wolfSSL I-CUBE-wolfSSL 5.8.4
2026-06-09 16:43:56,128 [INFO] ThirdParty:1030 - CMSIS Pack Vendor :Cesanta I-CUBE-Mongoose 7.20.0
2026-06-09 16:43:56,128 [INFO] ThirdParty:1030 - CMSIS Pack Vendor :STMicroelectronics X-CUBE-NFC12 1.0.0
2026-06-09 16:43:56,128 [INFO] ThirdParty:1030 - CMSIS Pack Vendor :STMicroelectronics X-CUBE-AZRTOS-F7 1.1.0
2026-06-09 16:43:56,128 [INFO] ThirdParty:1030 - CMSIS Pack Vendor :STMicroelectronics X-CUBE-AZRTOS-L5 2.0.0
2026-06-09 16:43:56,128 [INFO] ThirdParty:1030 - CMSIS Pack Vendor :STMicroelectronics USB_DEVICE 2.0.0
2026-06-09 16:43:56,128 [INFO] ThirdParty:1030 - CMSIS Pack Vendor :STMicroelectronics FP-SNS-STAIOTCFT 1.1.0
2026-06-09 16:43:56,128 [INFO] ThirdParty:1030 - CMSIS Pack Vendor :quantropi X-CUBE-qispace-sdk-base 2.1.0
2026-06-09 16:43:56,128 [INFO] ThirdParty:1030 - CMSIS Pack Vendor :STMicroelectronics X-CUBE-MEMS1 12.0.0
2026-06-09 16:43:56,128 [INFO] ThirdParty:1030 - CMSIS Pack Vendor :STMicroelectronics X-CUBE-STSE01 2.0.0
2026-06-09 16:43:56,128 [INFO] ThirdParty:1030 - CMSIS Pack Vendor :STMicroelectronics X-CUBE-ALGOBUILD 1.5.0
2026-06-09 16:43:56,128 [INFO] ThirdParty:1030 - CMSIS Pack Vendor :STMicroelectronics FP-SNS-MOTENV1 5.1.0
2026-06-09 16:43:56,129 [INFO] ThirdParty:1030 - CMSIS Pack Vendor :STMicroelectronics FreeRTOS 0.0.1
2026-06-09 16:43:56,129 [INFO] ThirdParty:1030 - CMSIS Pack Vendor :STMicroelectronics X-CUBE-AZRTOS-G0 1.1.0
2026-06-09 16:43:56,129 [INFO] ThirdParty:1030 - CMSIS Pack Vendor :STMicroelectronics X-CUBE-NFC4 3.0.0
2026-06-09 16:43:56,129 [INFO] ThirdParty:1030 - CMSIS Pack Vendor :STMicroelectronics X-CUBE-SUBG2 5.0.0
2026-06-09 16:43:56,129 [INFO] ThirdParty:1030 - CMSIS Pack Vendor :STMicroelectronics STM32_WPAN 1.0.0
2026-06-09 16:43:56,129 [INFO] ThirdParty:1030 - CMSIS Pack Vendor :STMicroelectronics eDS-WB_DPC_VIENNA 1.2.0
2026-06-09 16:43:56,129 [INFO] ThirdParty:1030 - CMSIS Pack Vendor :EmbeddedOffice I-CUBE-FS-RTOS 1.0.1
2026-06-09 16:43:56,129 [INFO] ThirdParty:1030 - CMSIS Pack Vendor :STMicroelectronics lwIP 2.0.3
2026-06-09 16:43:56,129 [INFO] ThirdParty:1030 - CMSIS Pack Vendor :WES I-CUBE-Cesium 1.4.0
2026-06-09 16:43:56,129 [INFO] ThirdParty:1030 - CMSIS Pack Vendor :STMicroelectronics eDS-WB_DPC_3PH2L-BIDIR 1.1.1
2026-06-09 16:43:56,129 [INFO] ThirdParty:1030 - CMSIS Pack Vendor :STMicroelectronics USB_HOST 1.0.0
2026-06-09 16:43:56,129 [INFO] ThirdParty:1030 - CMSIS Pack Vendor :STMicroelectronics X-CUBE-AZRTOS-G4 2.0.0
2026-06-09 16:43:56,130 [INFO] ThirdParty:1030 - CMSIS Pack Vendor :STMicroelectronics X-CUBE-WB05N 2.0.0
2026-06-09 16:43:56,130 [INFO] ThirdParty:1030 - CMSIS Pack Vendor :STMicroelectronics PDM2PCM 3.1.0
2026-06-09 16:43:56,130 [INFO] ThirdParty:1030 - CMSIS Pack Vendor :STMicroelectronics PDM2PCM 3.3.0
2026-06-09 16:43:56,130 [INFO] ThirdParty:1030 - CMSIS Pack Vendor :wolfSSL I-CUBE-wolfTPM 3.8.0
2026-06-09 16:43:56,130 [INFO] ThirdParty:1030 - CMSIS Pack Vendor :STMicroelectronics X-CUBE-AZRTOS-H7 3.4.0
2026-06-09 16:43:56,130 [INFO] ThirdParty:1030 - CMSIS Pack Vendor :STMicroelectronics X-CUBE-DISPLAY 3.0.0
2026-06-09 16:43:56,130 [INFO] ThirdParty:1030 - CMSIS Pack Vendor :wolfSSL I-CUBE-wolfSSH 1.4.20
2026-06-09 16:43:56,130 [INFO] ThirdParty:1030 - CMSIS Pack Vendor :STMicroelectronics X-CUBE-NFC7 2.0.0
2026-06-09 16:43:56,130 [INFO] ThirdParty:1030 - CMSIS Pack Vendor :STMicroelectronics X-CUBE-GNSS1 7.1.1
2026-06-09 16:43:56,130 [INFO] ThirdParty:1030 - CMSIS Pack Vendor :STMicroelectronics FP-SNS-MOTENVWB1 1.5.0
2026-06-09 16:43:56,130 [INFO] ThirdParty:1030 - CMSIS Pack Vendor :STMicroelectronics X-CUBE-TCPP 4.2.0
2026-06-09 16:43:56,130 [INFO] ThirdParty:1030 - CMSIS Pack Vendor :RealThread X-CUBE-RT-Thread_Nano 4.1.1
2026-06-09 16:43:56,130 [INFO] ThirdParty:1030 - CMSIS Pack Vendor :STMicroelectronics FP-ATR-SIGFOX1 3.2.0
2026-06-09 16:43:56,130 [INFO] ThirdParty:1030 - CMSIS Pack Vendor :STMicroelectronics X-CUBE-NFC10 1.0.0
2026-06-09 16:43:56,130 [INFO] ThirdParty:1030 - CMSIS Pack Vendor :STMicroelectronics HAL Drivers 0.0.0
2026-06-09 16:43:56,130 [INFO] ThirdParty:1030 - CMSIS Pack Vendor :STMicroelectronics X-CUBE-FREERTOS 1.5.0
2026-06-09 16:43:56,130 [INFO] ThirdParty:1030 - CMSIS Pack Vendor :STMicroelectronics MBEDTLS 2.16.2
2026-06-09 16:43:56,131 [INFO] ThirdParty:1030 - CMSIS Pack Vendor :STMicroelectronics X-CUBE-ST60 1.1.0
2026-06-09 16:43:56,131 [INFO] ThirdParty:1030 - CMSIS Pack Vendor :STMicroelectronics X-CUBE-ALS 1.0.2
2026-06-09 16:43:56,132 [INFO] ThirdParty:1030 - CMSIS Pack Vendor :emotas I-CUBE-CANOPEN 1.3.0
2026-06-09 16:43:56,132 [INFO] ThirdParty:1030 - CMSIS Pack Vendor :STMicroelectronics MBEDTLS 2.14.1
2026-06-09 16:43:56,132 [INFO] ThirdParty:1030 - CMSIS Pack Vendor :STMicroelectronics X-CUBE-GNSS1 7.1.0
2026-06-09 16:43:56,132 [INFO] ThirdParty:1030 - CMSIS Pack Vendor :ITTIA_DB I-CUBE-ITTIADB 8.9.0
2026-06-09 16:43:56,132 [INFO] ThirdParty:1030 - CMSIS Pack Vendor :STMicroelectronics X-CUBE-TOUCHGFX 4.26.0
2026-06-09 16:43:56,132 [INFO] ThirdParty:1030 - CMSIS Pack Vendor :STMicroelectronics X-CUBE-TOUCHGFX 4.26.1
2026-06-09 16:43:56,132 [INFO] ThirdParty:1030 - CMSIS Pack Vendor :STMicroelectronics X-CUBE-NFC6 3.2.0
2026-06-09 16:43:56,132 [INFO] ThirdParty:1030 - CMSIS Pack Vendor :STMicroelectronics FP-SNS-STBOX1 2.1.0
2026-06-09 16:43:56,132 [INFO] ThirdParty:1030 - CMSIS Pack Vendor :STMicroelectronics X-CUBE-AI 10.2.0
2026-06-09 16:43:56,132 [INFO] ThirdParty:1030 - CMSIS Pack Vendor :STMicroelectronics FP-SNS-STAIOTCFT 1.0.0
2026-06-09 16:43:56,133 [INFO] ThirdParty:1030 - CMSIS Pack Vendor :STMicroelectronics ThreadX 1.0.0
2026-06-09 16:43:56,133 [INFO] ThirdParty:1030 - CMSIS Pack Vendor :STMicroelectronics FP-SNS-SMARTAG2 1.2.0
2026-06-09 16:43:56,133 [INFO] ThirdParty:1030 - CMSIS Pack Vendor :STMicroelectronics X-CUBE-MEMS1 12.1.0
2026-06-09 16:43:56,133 [INFO] ThirdParty:1030 - CMSIS Pack Vendor :STMicroelectronics FP-SNS-FLIGHT1 5.1.0
2026-06-09 16:43:56,133 [INFO] ThirdParty:1030 - CMSIS Pack Vendor :STMicroelectronics X-CUBE-AZRTOS-WL 2.0.0
2026-06-09 16:43:56,133 [INFO] ThirdParty:1030 - CMSIS Pack Vendor :SEGGER I-CUBE-embOS 1.3.1
2026-06-09 16:43:56,133 [INFO] ThirdParty:1030 - CMSIS Pack Vendor :STMicroelectronics X-CUBE-ALGOBUILD 1.4.0
2026-06-09 16:43:56,133 [INFO] ThirdParty:1030 - CMSIS Pack Vendor :STMicroelectronics X-CUBE-DPower 1.3.0
2026-06-09 16:43:56,133 [INFO] ThirdParty:1030 - CMSIS Pack Vendor :STMicroelectronics USB_DEVICE 1.0.0
2026-06-09 16:43:56,133 [INFO] ThirdParty:1030 - CMSIS Pack Vendor :STMicroelectronics X-CUBE-AZRTOS-H7RS 1.2.0
2026-06-09 16:43:56,134 [INFO] ThirdParty:1030 - CMSIS Pack Vendor :STMicroelectronics X-CUBE-AZRTOS-L4 2.0.0
2026-06-09 16:43:56,134 [INFO] ThirdParty:1030 - CMSIS Pack Vendor :STMicroelectronics ThreadX 0.0.2
2026-06-09 16:43:56,134 [INFO] ThirdParty:1030 - CMSIS Pack Vendor :STMicroelectronics lwIP 2.1.2
2026-06-09 16:43:56,134 [INFO] ThirdParty:1030 - CMSIS Pack Vendor :STMicroelectronics X-CUBE-SFXS2LP1 4.0.0
2026-06-09 16:43:56,134 [INFO] ThirdParty:1030 - CMSIS Pack Vendor :STMicroelectronics X-CUBE-BLE2 3.3.0
2026-06-09 16:43:56,134 [INFO] ThirdParty:1030 - CMSIS Pack Vendor :Avnet-IOTCONNECT X-CUBE-iotc-st67-sdk 1.0.0
2026-06-09 16:43:56,134 [INFO] ThirdParty:1030 - CMSIS Pack Vendor :STMicroelectronics X-CUBE-TOF1 3.4.3
2026-06-09 16:43:56,135 [INFO] ThirdParty:1030 - CMSIS Pack Vendor :Infineon AIROC-Wi-Fi-Bluetooth-STM32 1.8.0
2026-06-09 16:43:56,136 [INFO] ThirdParty:1030 - CMSIS Pack Vendor :STMicroelectronics PDM2PCM 3.2.0
2026-06-09 16:43:56,136 [INFO] ThirdParty:1030 - CMSIS Pack Vendor :STMicroelectronics X-CUBE-WB05N 2.1.0
2026-06-09 16:43:56,137 [INFO] ThirdParty:1030 - CMSIS Pack Vendor :STMicroelectronics X-CUBE-ST67W61 1.2.0
2026-06-09 16:43:56,137 [INFO] ThirdParty:841 - exiting critical section [change project]
2026-06-09 16:43:57,910 [INFO] PinOutPanel:1589 - setPackage(No Configuration,No Configuration)
2026-06-09 16:43:57,920 [INFO] PinOutPanel:1589 - setPackage(STM32F207ZGTx,LQFP144)
2026-06-09 16:43:59,870 [INFO] UtilMem:75 - Before build in PCC Used Memory: 651317104 Bytes (1073741824)
2026-06-09 16:44:02,361 [INFO] UtilMem:75 - After build in PCC Used Memory: 711612272 Bytes (1073741824)
2026-06-09 16:44:02,684 [INFO] ApiDbMcu:532 - Load IP Config File for FREERTOS
2026-06-09 16:44:02,716 [INFO] ApiDbMcu:532 - Load IP Config File for LWIP
2026-06-09 16:44:02,859 [INFO] IPUIPlugin:80 - create IPUIPlugin
2026-06-09 16:44:02,859 [INFO] IPUIPlugin:80 - create IPUIPlugin
2026-06-09 16:44:02,860 [INFO] IPUIPlugin:80 - create IPUIPlugin
2026-06-09 16:44:02,860 [INFO] IPUIPlugin:80 - create IPUIPlugin
2026-06-09 16:44:02,860 [INFO] IPUIPlugin:80 - create IPUIPlugin
2026-06-09 16:44:02,861 [INFO] IPUIPlugin:80 - create IPUIPlugin
2026-06-09 16:44:02,861 [INFO] IPUIPlugin:80 - create IPUIPlugin
2026-06-09 16:44:02,862 [INFO] IPUIPlugin:80 - create IPUIPlugin
2026-06-09 16:44:02,862 [INFO] IPUIPlugin:80 - create IPUIPlugin
2026-06-09 16:44:02,863 [INFO] IPUIPlugin:80 - create IPUIPlugin
2026-06-09 16:44:02,864 [INFO] IPUIPlugin:80 - create IPUIPlugin
2026-06-09 16:44:02,864 [INFO] IPUIPlugin:80 - create IPUIPlugin
2026-06-09 16:44:02,865 [INFO] IPUIPlugin:80 - create IPUIPlugin
2026-06-09 16:44:02,867 [INFO] IPUIPlugin:80 - create IPUIPlugin
2026-06-09 16:44:02,868 [INFO] IPUIPlugin:80 - create IPUIPlugin
2026-06-09 16:44:02,868 [INFO] IPUIPlugin:80 - create IPUIPlugin
2026-06-09 16:44:02,869 [INFO] IPUIPlugin:80 - create IPUIPlugin
2026-06-09 16:44:02,870 [INFO] IPUIPlugin:80 - create IPUIPlugin
2026-06-09 16:44:02,870 [INFO] IPUIPlugin:80 - create IPUIPlugin
2026-06-09 16:44:02,871 [INFO] IPUIPlugin:80 - create IPUIPlugin
2026-06-09 16:44:02,872 [INFO] IPUIPlugin:80 - create IPUIPlugin
2026-06-09 16:44:02,873 [INFO] IPUIPlugin:80 - create IPUIPlugin
2026-06-09 16:44:02,873 [INFO] IPUIPlugin:80 - create IPUIPlugin
2026-06-09 16:44:02,874 [INFO] IPUIPlugin:80 - create IPUIPlugin
2026-06-09 16:44:02,875 [INFO] IPUIPlugin:80 - create IPUIPlugin
2026-06-09 16:44:02,876 [INFO] IPUIPlugin:80 - create IPUIPlugin
2026-06-09 16:44:02,877 [INFO] IPUIPlugin:80 - create IPUIPlugin
2026-06-09 16:44:02,878 [INFO] IPUIPlugin:80 - create IPUIPlugin
2026-06-09 16:44:02,879 [INFO] IPUIPlugin:80 - create IPUIPlugin
2026-06-09 16:44:02,879 [INFO] IPUIPlugin:80 - create IPUIPlugin
2026-06-09 16:44:02,881 [INFO] IPUIPlugin:80 - create IPUIPlugin
2026-06-09 16:44:02,881 [INFO] IPUIPlugin:80 - create IPUIPlugin
2026-06-09 16:44:02,883 [INFO] IPUIPlugin:80 - create IPUIPlugin
2026-06-09 16:44:02,885 [INFO] IPUIPlugin:80 - create IPUIPlugin
2026-06-09 16:44:02,886 [INFO] IPUIPlugin:80 - create IPUIPlugin
2026-06-09 16:44:02,887 [INFO] IPUIPlugin:80 - create IPUIPlugin
2026-06-09 16:44:02,888 [INFO] IPUIPlugin:80 - create IPUIPlugin
2026-06-09 16:44:02,889 [INFO] IPUIPlugin:80 - create IPUIPlugin
2026-06-09 16:44:02,890 [INFO] IPUIPlugin:80 - create IPUIPlugin
2026-06-09 16:44:02,891 [INFO] IPUIPlugin:80 - create IPUIPlugin
2026-06-09 16:44:02,891 [INFO] IPUIPlugin:80 - create IPUIPlugin
2026-06-09 16:44:02,892 [INFO] IPUIPlugin:80 - create IPUIPlugin
2026-06-09 16:44:02,892 [INFO] IPUIPlugin:80 - create IPUIPlugin
2026-06-09 16:44:02,893 [INFO] IPUIPlugin:80 - create IPUIPlugin
2026-06-09 16:44:02,893 [INFO] IPUIPlugin:80 - create IPUIPlugin
2026-06-09 16:44:02,894 [INFO] IPUIPlugin:80 - create IPUIPlugin
2026-06-09 16:44:02,895 [INFO] IPUIPlugin:80 - create IPUIPlugin
2026-06-09 16:44:02,896 [INFO] IPUIPlugin:80 - create IPUIPlugin
2026-06-09 16:44:02,897 [INFO] IPUIPlugin:80 - create IPUIPlugin
2026-06-09 16:44:02,898 [INFO] IPUIPlugin:80 - create IPUIPlugin
2026-06-09 16:44:02,899 [INFO] IPUIPlugin:80 - create IPUIPlugin
2026-06-09 16:44:02,900 [INFO] IPUIPlugin:80 - create IPUIPlugin
2026-06-09 16:44:02,902 [INFO] IPUIPlugin:80 - create IPUIPlugin
2026-06-09 16:44:02,903 [INFO] IPUIPlugin:80 - create IPUIPlugin
2026-06-09 16:44:02,904 [INFO] IPUIPlugin:80 - create IPUIPlugin
2026-06-09 16:44:02,905 [INFO] IPUIPlugin:80 - create IPUIPlugin
2026-06-09 16:44:02,906 [INFO] IPUIPlugin:80 - create IPUIPlugin
2026-06-09 16:44:02,906 [INFO] IPUIPlugin:80 - create IPUIPlugin
2026-06-09 16:44:02,948 [INFO] ApiDbMcu:532 - Load IP Config File for PDM2PCM
2026-06-09 16:44:03,052 [WARN] FreeRTOS:1023 - Null or empty value: should not occur! (nothing added to the table)
2026-06-09 16:44:03,737 [INFO] CADModel:165 - CPN selected for project levelSTM32F207ZGT6
2026-06-09 16:44:03,738 [INFO] CADModel:114 - Register for checkConnection events
2026-06-09 16:44:03,745 [INFO] RtosManager:728 - Active RTOS found at IOC load: FREERTOS [Cortex-M3NS]
2026-06-09 16:44:03,892 [INFO] OpenFileManager:386 - Restore cursor
2026-06-09 16:44:04,394 [WARN] IP:2250 - lpm_enable not found: check if there is a RefParameter without a condition.
2026-06-09 16:44:04,395 [WARN] IP:2250 - lpm_enable not found: check if there is a RefParameter without a condition.
2026-06-09 16:44:04,451 [WARN] IP:2250 - LWIP_NETIF_HOSTNAME_NAME not found: check if there is a RefParameter without a condition.
2026-06-09 16:44:04,580 [WARN] IP:2250 - LWIP_NETIF_HOSTNAME_NAME not found: check if there is a RefParameter without a condition.
2026-06-09 16:44:04,762 [INFO] ParamManager:905 - [Generic UI] PropertyChangeEvent: TAB_STATUS_CHANGED , "dont care", "never mind"
2026-06-09 16:44:20,235 [WARN] IP:2250 - LWIP_NETIF_HOSTNAME_NAME not found: check if there is a RefParameter without a condition.
2026-06-09 16:44:26,881 [WARN] IP:2250 - LWIP_NETIF_HOSTNAME_NAME not found: check if there is a RefParameter without a condition.
2026-06-09 16:44:38,070 [WARN] IP:2250 - LWIP_NETIF_HOSTNAME_NAME not found: check if there is a RefParameter without a condition.
2026-06-09 16:44:38,122 [WARN] IP:2250 - LWIP_NETIF_HOSTNAME_NAME not found: check if there is a RefParameter without a condition.
2026-06-09 16:44:38,241 [WARN] IP:2250 - LWIP_NETIF_HOSTNAME_NAME not found: check if there is a RefParameter without a condition.
2026-06-09 16:44:38,309 [INFO] ParamManager:905 - [Generic UI] PropertyChangeEvent: TAB_STATUS_CHANGED , "dont care", "never mind"
2026-06-09 16:46:07,794 [ERROR] RtosPanel:558 - Can not restore the selected Tab for FREERTOS(A reason can be that the tab is no more available.)
2026-06-09 16:56:50,245 [INFO] UtilMem:75 - End SaveConfig() Used Memory: 696911744 Bytes (1073741824)
2026-06-09 16:56:53,125 [INFO] UtilMem:75 - End SaveConfig() Used Memory: 728369024 Bytes (1073741824)
2026-06-09 16:56:54,635 [INFO] UtilMem:75 - End SaveConfig() Used Memory: 816543344 Bytes (1073741824)
2026-06-09 16:56:59,372 [INFO] BlockDiagram:2775 - set Specific Code input for plugin: FREERTOS
2026-06-09 16:56:59,374 [INFO] BlockDiagram:2775 - set Specific Code input for plugin: SYS
2026-06-09 16:56:59,374 [INFO] BlockDiagram:2775 - set Specific Code input for plugin: RCC
2026-06-09 16:56:59,375 [INFO] BlockDiagram:2775 - set Specific Code input for plugin: USB_OTG_FS
2026-06-09 16:56:59,375 [INFO] BlockDiagram:2775 - set Specific Code input for plugin: NVIC
2026-06-09 16:56:59,375 [INFO] BlockDiagram:2775 - set Specific Code input for plugin: LWIP
2026-06-09 16:56:59,375 [INFO] BlockDiagram:2775 - set Specific Code input for plugin: USART
2026-06-09 16:56:59,379 [INFO] BlockDiagram:2775 - set Specific Code input for plugin: GPIO
2026-06-09 16:56:59,380 [INFO] BlockDiagram:2775 - set Specific Code input for plugin: ETH
2026-06-09 16:56:59,394 [INFO] CodeGenerator:892 - code generatio: config db path: C:\ST\STM32CubeIDE_1.19.0\STM32CubeIDE\plugins\com.st.stm32cube.common.mx_6.15.0.202507011659\\db\
2026-06-09 16:56:59,553 [WARN] IP:2250 - LWIP_NETIF_HOSTNAME_NAME not found: check if there is a RefParameter without a condition.
2026-06-09 16:56:59,782 [WARN] IP:2250 - lpm_enable not found: check if there is a RefParameter without a condition.
2026-06-09 16:57:00,641 [INFO] CodeEngine:265 - oldGeneratedFile, C:\Users\ASUS\STM32CubeIDE\workspace_ETH_LWIP\LWIP_ETH\MXTmpFiles\license.tmp_save
2026-06-09 16:57:01,952 [INFO] CodeEngine:289 - Generated code: C:\Users\ASUS\STM32CubeIDE\workspace_ETH_LWIP\LWIP_ETH\MXTmpFiles\license.tmp
2026-06-09 16:57:02,353 [INFO] CodeEngine:265 - oldGeneratedFile, C:\Users\ASUS\STM32CubeIDE\workspace_ETH_LWIP\LWIP_ETH\MXTmpFiles\gpio.tmp_save
2026-06-09 16:57:02,864 [INFO] CodeEngine:289 - Generated code: C:\Users\ASUS\STM32CubeIDE\workspace_ETH_LWIP\LWIP_ETH\MXTmpFiles\gpio.tmp
2026-06-09 16:57:03,400 [INFO] CodeEngine:265 - oldGeneratedFile, C:\Users\ASUS\STM32CubeIDE\workspace_ETH_LWIP\LWIP_ETH\MXTmpFiles\eth_vars.tmp_save
2026-06-09 16:57:03,705 [INFO] CodeEngine:289 - Generated code: C:\Users\ASUS\STM32CubeIDE\workspace_ETH_LWIP\LWIP_ETH\MXTmpFiles\eth_vars.tmp
2026-06-09 16:57:03,727 [INFO] CodeEngine:265 - oldGeneratedFile, C:\Users\ASUS\STM32CubeIDE\workspace_ETH_LWIP\LWIP_ETH\MXTmpFiles\eth_inc.tmp_save
2026-06-09 16:57:04,000 [INFO] CodeEngine:289 - Generated code: C:\Users\ASUS\STM32CubeIDE\workspace_ETH_LWIP\LWIP_ETH\MXTmpFiles\eth_inc.tmp
2026-06-09 16:57:04,023 [INFO] CodeEngine:265 - oldGeneratedFile, C:\Users\ASUS\STM32CubeIDE\workspace_ETH_LWIP\LWIP_ETH\MXTmpFiles\eth_HalInit.tmp_save
2026-06-09 16:57:04,382 [INFO] CodeEngine:289 - Generated code: C:\Users\ASUS\STM32CubeIDE\workspace_ETH_LWIP\LWIP_ETH\MXTmpFiles\eth_HalInit.tmp
2026-06-09 16:57:04,404 [INFO] CodeEngine:265 - oldGeneratedFile, C:\Users\ASUS\STM32CubeIDE\workspace_ETH_LWIP\LWIP_ETH\MXTmpFiles\eth_Msp.tmp_save
2026-06-09 16:57:04,841 [INFO] CodeEngine:289 - Generated code: C:\Users\ASUS\STM32CubeIDE\workspace_ETH_LWIP\LWIP_ETH\MXTmpFiles\eth_Msp.tmp
2026-06-09 16:57:05,993 [INFO] Middleware:1452 - No code input for Bsp Dependency
2026-06-09 16:57:06,036 [INFO] CodeEngine:265 - oldGeneratedFile, C:\Users\ASUS\STM32CubeIDE\workspace_ETH_LWIP\LWIP_ETH\MXTmpFiles\rtos_inc.tmp_save
2026-06-09 16:57:06,187 [INFO] CodeEngine:289 - Generated code: C:\Users\ASUS\STM32CubeIDE\workspace_ETH_LWIP\LWIP_ETH\MXTmpFiles\rtos_inc.tmp
2026-06-09 16:57:06,206 [INFO] CodeEngine:265 - oldGeneratedFile, C:\Users\ASUS\STM32CubeIDE\workspace_ETH_LWIP\LWIP_ETH\MXTmpFiles\rtos_kernelInit.tmp_save
2026-06-09 16:57:06,482 [INFO] CodeEngine:289 - Generated code: C:\Users\ASUS\STM32CubeIDE\workspace_ETH_LWIP\LWIP_ETH\MXTmpFiles\rtos_kernelInit.tmp
2026-06-09 16:57:06,504 [INFO] CodeEngine:265 - oldGeneratedFile, C:\Users\ASUS\STM32CubeIDE\workspace_ETH_LWIP\LWIP_ETH\MXTmpFiles\rtos_kernelStart.tmp_save
2026-06-09 16:57:06,667 [INFO] CodeEngine:289 - Generated code: C:\Users\ASUS\STM32CubeIDE\workspace_ETH_LWIP\LWIP_ETH\MXTmpFiles\rtos_kernelStart.tmp
2026-06-09 16:57:06,686 [INFO] CodeEngine:265 - oldGeneratedFile, C:\Users\ASUS\STM32CubeIDE\workspace_ETH_LWIP\LWIP_ETH\MXTmpFiles\rtos_typedefs.tmp_save
2026-06-09 16:57:06,916 [INFO] CodeEngine:289 - Generated code: C:\Users\ASUS\STM32CubeIDE\workspace_ETH_LWIP\LWIP_ETH\MXTmpFiles\rtos_typedefs.tmp
2026-06-09 16:57:06,934 [INFO] CodeEngine:265 - oldGeneratedFile, C:\Users\ASUS\STM32CubeIDE\workspace_ETH_LWIP\LWIP_ETH\MXTmpFiles\rtos_vars.tmp_save
2026-06-09 16:57:07,147 [INFO] CodeEngine:289 - Generated code: C:\Users\ASUS\STM32CubeIDE\workspace_ETH_LWIP\LWIP_ETH\MXTmpFiles\rtos_vars.tmp
2026-06-09 16:57:07,167 [INFO] CodeEngine:265 - oldGeneratedFile, C:\Users\ASUS\STM32CubeIDE\workspace_ETH_LWIP\LWIP_ETH\MXTmpFiles\rtos_pfp.tmp_save
2026-06-09 16:57:07,513 [INFO] CodeEngine:289 - Generated code: C:\Users\ASUS\STM32CubeIDE\workspace_ETH_LWIP\LWIP_ETH\MXTmpFiles\rtos_pfp.tmp
2026-06-09 16:57:07,546 [INFO] CodeEngine:265 - oldGeneratedFile, C:\Users\ASUS\STM32CubeIDE\workspace_ETH_LWIP\LWIP_ETH\MXTmpFiles\rtos_obj_creat.tmp_save
2026-06-09 16:57:07,839 [INFO] CodeEngine:289 - Generated code: C:\Users\ASUS\STM32CubeIDE\workspace_ETH_LWIP\LWIP_ETH\MXTmpFiles\rtos_obj_creat.tmp
2026-06-09 16:57:07,866 [INFO] CodeEngine:265 - oldGeneratedFile, C:\Users\ASUS\STM32CubeIDE\workspace_ETH_LWIP\LWIP_ETH\MXTmpFiles\rtos_default_thread.tmp_save
2026-06-09 16:57:08,093 [INFO] CodeEngine:289 - Generated code: C:\Users\ASUS\STM32CubeIDE\workspace_ETH_LWIP\LWIP_ETH\MXTmpFiles\rtos_default_thread.tmp
2026-06-09 16:57:08,116 [INFO] CodeEngine:265 - oldGeneratedFile, C:\Users\ASUS\STM32CubeIDE\workspace_ETH_LWIP\LWIP_ETH\MXTmpFiles\rtos_threads.tmp_save
2026-06-09 16:57:08,338 [INFO] CodeEngine:289 - Generated code: C:\Users\ASUS\STM32CubeIDE\workspace_ETH_LWIP\LWIP_ETH\MXTmpFiles\rtos_threads.tmp
2026-06-09 16:57:08,400 [INFO] Middleware:1452 - No code input for Bsp Dependency
2026-06-09 16:57:08,518 [INFO] Middleware:1452 - No code input for Bsp Dependency
2026-06-09 16:57:08,575 [INFO] CodeEngine:265 - oldGeneratedFile, C:\Users\ASUS\STM32CubeIDE\workspace_ETH_LWIP\LWIP_ETH\MXTmpFiles\rtos_inc.tmp_save
2026-06-09 16:57:08,865 [INFO] CodeEngine:289 - Generated code: C:\Users\ASUS\STM32CubeIDE\workspace_ETH_LWIP\LWIP_ETH\MXTmpFiles\rtos_inc.tmp
2026-06-09 16:57:08,897 [INFO] CodeEngine:265 - oldGeneratedFile, C:\Users\ASUS\STM32CubeIDE\workspace_ETH_LWIP\LWIP_ETH\MXTmpFiles\rtos_kernelInit.tmp_save
2026-06-09 16:57:09,077 [INFO] CodeEngine:289 - Generated code: C:\Users\ASUS\STM32CubeIDE\workspace_ETH_LWIP\LWIP_ETH\MXTmpFiles\rtos_kernelInit.tmp
2026-06-09 16:57:09,103 [INFO] CodeEngine:265 - oldGeneratedFile, C:\Users\ASUS\STM32CubeIDE\workspace_ETH_LWIP\LWIP_ETH\MXTmpFiles\rtos_kernelStart.tmp_save
2026-06-09 16:57:09,287 [INFO] CodeEngine:289 - Generated code: C:\Users\ASUS\STM32CubeIDE\workspace_ETH_LWIP\LWIP_ETH\MXTmpFiles\rtos_kernelStart.tmp
2026-06-09 16:57:09,323 [INFO] CodeEngine:265 - oldGeneratedFile, C:\Users\ASUS\STM32CubeIDE\workspace_ETH_LWIP\LWIP_ETH\MXTmpFiles\rtos_typedefs.tmp_save
2026-06-09 16:57:09,546 [INFO] CodeEngine:289 - Generated code: C:\Users\ASUS\STM32CubeIDE\workspace_ETH_LWIP\LWIP_ETH\MXTmpFiles\rtos_typedefs.tmp
2026-06-09 16:57:09,584 [INFO] CodeEngine:265 - oldGeneratedFile, C:\Users\ASUS\STM32CubeIDE\workspace_ETH_LWIP\LWIP_ETH\MXTmpFiles\rtos_vars.tmp_save
2026-06-09 16:57:09,858 [INFO] CodeEngine:289 - Generated code: C:\Users\ASUS\STM32CubeIDE\workspace_ETH_LWIP\LWIP_ETH\MXTmpFiles\rtos_vars.tmp
2026-06-09 16:57:09,894 [INFO] CodeEngine:265 - oldGeneratedFile, C:\Users\ASUS\STM32CubeIDE\workspace_ETH_LWIP\LWIP_ETH\MXTmpFiles\rtos_pfp.tmp_save
2026-06-09 16:57:10,152 [INFO] CodeEngine:289 - Generated code: C:\Users\ASUS\STM32CubeIDE\workspace_ETH_LWIP\LWIP_ETH\MXTmpFiles\rtos_pfp.tmp
2026-06-09 16:57:10,180 [INFO] CodeEngine:265 - oldGeneratedFile, C:\Users\ASUS\STM32CubeIDE\workspace_ETH_LWIP\LWIP_ETH\MXTmpFiles\rtos_obj_creat.tmp_save
2026-06-09 16:57:10,380 [INFO] CodeEngine:289 - Generated code: C:\Users\ASUS\STM32CubeIDE\workspace_ETH_LWIP\LWIP_ETH\MXTmpFiles\rtos_obj_creat.tmp
2026-06-09 16:57:10,407 [INFO] CodeEngine:265 - oldGeneratedFile, C:\Users\ASUS\STM32CubeIDE\workspace_ETH_LWIP\LWIP_ETH\MXTmpFiles\rtos_default_thread.tmp_save
2026-06-09 16:57:10,624 [INFO] CodeEngine:289 - Generated code: C:\Users\ASUS\STM32CubeIDE\workspace_ETH_LWIP\LWIP_ETH\MXTmpFiles\rtos_default_thread.tmp
2026-06-09 16:57:10,658 [INFO] CodeEngine:265 - oldGeneratedFile, C:\Users\ASUS\STM32CubeIDE\workspace_ETH_LWIP\LWIP_ETH\MXTmpFiles\rtos_threads.tmp_save
2026-06-09 16:57:10,877 [INFO] CodeEngine:289 - Generated code: C:\Users\ASUS\STM32CubeIDE\workspace_ETH_LWIP\LWIP_ETH\MXTmpFiles\rtos_threads.tmp
2026-06-09 16:57:10,919 [INFO] CodeEngine:265 - oldGeneratedFile, C:\Users\ASUS\STM32CubeIDE\workspace_ETH_LWIP\LWIP_ETH\Core\Inc\FreeRTOSConfig.h_save
2026-06-09 16:57:11,191 [INFO] CodeEngine:289 - Generated code: C:\Users\ASUS\STM32CubeIDE\workspace_ETH_LWIP\LWIP_ETH\Core\Inc\FreeRTOSConfig.h
2026-06-09 16:57:11,220 [INFO] CodeEngine:265 - oldGeneratedFile, C:\Users\ASUS\STM32CubeIDE\workspace_ETH_LWIP\LWIP_ETH\Core\Src\freertos.c_save
2026-06-09 16:57:11,387 [INFO] CodeEngine:289 - Generated code: C:\Users\ASUS\STM32CubeIDE\workspace_ETH_LWIP\LWIP_ETH\Core\Src\freertos.c
2026-06-09 16:57:11,419 [INFO] Middleware:1452 - No code input for Bsp Dependency
2026-06-09 16:57:11,473 [INFO] CodeEngine:265 - oldGeneratedFile, C:\Users\ASUS\STM32CubeIDE\workspace_ETH_LWIP\LWIP_ETH\LWIP\App\lwip.c_save
2026-06-09 16:57:11,805 [INFO] CodeEngine:289 - Generated code: C:\Users\ASUS\STM32CubeIDE\workspace_ETH_LWIP\LWIP_ETH\LWIP\App\lwip.c
2026-06-09 16:57:11,836 [INFO] CodeEngine:265 - oldGeneratedFile, C:\Users\ASUS\STM32CubeIDE\workspace_ETH_LWIP\LWIP_ETH\LWIP\App\lwip.h_save
2026-06-09 16:57:12,041 [INFO] CodeEngine:289 - Generated code: C:\Users\ASUS\STM32CubeIDE\workspace_ETH_LWIP\LWIP_ETH\LWIP\App\lwip.h
2026-06-09 16:57:12,081 [INFO] CodeEngine:265 - oldGeneratedFile, C:\Users\ASUS\STM32CubeIDE\workspace_ETH_LWIP\LWIP_ETH\LWIP\Target\lwipopts.h_save
2026-06-09 16:57:14,010 [ERROR] CodeEngine:434 - 
java.io.IOException: Can't rename C:\Users\ASUS\STM32CubeIDE\workspace_ETH_LWIP\LWIP_ETH\LWIP\Target\tmp into C:\Users\ASUS\STM32CubeIDE\workspace_ETH_LWIP\LWIP_ETH\LWIP\Target\lwipopts.h_save
	at com.st.components.util.FilesUtils.renameTo(FilesUtils.java:56) ~[STM32CubeMX.jar:?]
	at com.st.microxplorer.codegenerator.CodeEngine.cleanCode(CodeEngine.java:559) ~[STM32CubeMX.jar:?]
	at com.st.microxplorer.codegenerator.CodeEngine.freemarkerDo(CodeEngine.java:423) ~[STM32CubeMX.jar:?]
	at com.st.microxplorer.codegenerator.CodeEngine.genCode(CodeEngine.java:273) ~[STM32CubeMX.jar:?]
	at com.st.microxplorer.codegenerator.CodeGenerator.generateOutputCode(CodeGenerator.java:6459) ~[STM32CubeMX.jar:?]
	at com.st.microxplorer.codegenerator.CodeGenerator.generateSpecificCode(CodeGenerator.java:5281) ~[STM32CubeMX.jar:?]
	at com.st.microxplorer.codegenerator.CodeGenerator.generateSpecificCodeFile(CodeGenerator.java:1862) ~[STM32CubeMX.jar:?]
	at com.st.microxplorer.codegenerator.CodeGenerator.generateCodeFiles(CodeGenerator.java:2188) ~[STM32CubeMX.jar:?]
	at com.st.microxplorer.codegenerator.CodeGenerator.generateDefaultConfig(CodeGenerator.java:10991) ~[STM32CubeMX.jar:?]
	at com.st.microxplorer.codegenerator.CodeGenerator.generateCode(CodeGenerator.java:1593) ~[STM32CubeMX.jar:?]
	at com.st.microxplorer.plugins.projectmanager.engine.ProjectBuilder.generateCode(ProjectBuilder.java:3343) ~[filemanager.jar:?]
	at com.st.microxplorer.plugins.projectmanager.engine.ProjectBuilder.createCode(ProjectBuilder.java:2235) ~[filemanager.jar:?]
	at com.st.microxplorer.plugins.projectmanager.engine.ProjectBuilder.createProject(ProjectBuilder.java:819) ~[filemanager.jar:?]
	at com.st.microxplorer.plugins.projectmanager.engine.ProjectBuilder.createProject(ProjectBuilder.java:608) ~[filemanager.jar:?]
	at com.st.microxplorer.plugins.projectmanager.engine.MainProjectManager.startGenerateCode(MainProjectManager.java:1497) ~[filemanager.jar:?]
	at com.st.microxplorer.plugins.projectmanager.engine.MainProjectManager$3.onCommandEntered(MainProjectManager.java:283) ~[filemanager.jar:?]
	at com.st.components.util.CommandLineManager$3.run(CommandLineManager.java:175) ~[STM32CubeMX.jar:?]
	at java.awt.event.InvocationEvent.dispatch(InvocationEvent.java:308) ~[?:?]
	at java.awt.EventQueue.dispatchEventImpl(EventQueue.java:773) ~[?:?]
	at java.awt.EventQueue$4.run(EventQueue.java:720) ~[?:?]
	at java.awt.EventQueue$4.run(EventQueue.java:714) ~[?:?]
	at java.security.AccessController.doPrivileged(AccessController.java:400) ~[?:?]
	at java.security.ProtectionDomain$JavaSecurityAccessImpl.doIntersectionPrivilege(ProtectionDomain.java:87) ~[?:?]
	at java.awt.EventQueue.dispatchEvent(EventQueue.java:742) ~[?:?]
	at java.awt.EventDispatchThread.pumpOneEventForFilters(EventDispatchThread.java:203) ~[?:?]
	at java.awt.EventDispatchThread.pumpEventsForFilter(EventDispatchThread.java:124) ~[?:?]
	at java.awt.EventDispatchThread.pumpEventsForHierarchy(EventDispatchThread.java:113) ~[?:?]
	at java.awt.EventDispatchThread.pumpEvents(EventDispatchThread.java:109) ~[?:?]
	at java.awt.EventDispatchThread.pumpEvents(EventDispatchThread.java:101) ~[?:?]
	at java.awt.EventDispatchThread.run(EventDispatchThread.java:90) ~[?:?]
2026-06-09 16:57:14,099 [INFO] CodeEngine:289 - Generated code: C:\Users\ASUS\STM32CubeIDE\workspace_ETH_LWIP\LWIP_ETH\LWIP\Target\lwipopts.h
2026-06-09 16:57:14,152 [INFO] CodeEngine:265 - oldGeneratedFile, C:\Users\ASUS\STM32CubeIDE\workspace_ETH_LWIP\LWIP_ETH\LWIP\Target\ethernetif.c_save
2026-06-09 16:57:14,509 [INFO] CodeEngine:289 - Generated code: C:\Users\ASUS\STM32CubeIDE\workspace_ETH_LWIP\LWIP_ETH\LWIP\Target\ethernetif.c
2026-06-09 16:57:14,544 [INFO] CodeEngine:265 - oldGeneratedFile, C:\Users\ASUS\STM32CubeIDE\workspace_ETH_LWIP\LWIP_ETH\LWIP\Target\ethernetif.h_save
2026-06-09 16:57:14,906 [INFO] CodeEngine:289 - Generated code: C:\Users\ASUS\STM32CubeIDE\workspace_ETH_LWIP\LWIP_ETH\LWIP\Target\ethernetif.h
2026-06-09 16:57:15,064 [INFO] CodeEngine:265 - oldGeneratedFile, C:\Users\ASUS\STM32CubeIDE\workspace_ETH_LWIP\LWIP_ETH\Core\Src\stm32f2xx_it.c_save
2026-06-09 16:57:16,183 [INFO] CodeEngine:289 - Generated code: C:\Users\ASUS\STM32CubeIDE\workspace_ETH_LWIP\LWIP_ETH\Core\Src\stm32f2xx_it.c
2026-06-09 16:57:16,228 [INFO] CodeEngine:265 - oldGeneratedFile, C:\Users\ASUS\STM32CubeIDE\workspace_ETH_LWIP\LWIP_ETH\Core\Inc\stm32f2xx_it.h_save
2026-06-09 16:57:16,493 [INFO] CodeEngine:289 - Generated code: C:\Users\ASUS\STM32CubeIDE\workspace_ETH_LWIP\LWIP_ETH\Core\Inc\stm32f2xx_it.h
2026-06-09 16:57:16,569 [INFO] CodeEngine:265 - oldGeneratedFile, C:\Users\ASUS\STM32CubeIDE\workspace_ETH_LWIP\LWIP_ETH\Core\Src\stm32f2xx_hal_msp.c_save
2026-06-09 16:57:17,139 [INFO] CodeEngine:289 - Generated code: C:\Users\ASUS\STM32CubeIDE\workspace_ETH_LWIP\LWIP_ETH\Core\Src\stm32f2xx_hal_msp.c
2026-06-09 16:57:17,172 [INFO] CodeEngine:265 - oldGeneratedFile, C:\Users\ASUS\STM32CubeIDE\workspace_ETH_LWIP\LWIP_ETH\MXTmpFiles\system.tmp_save
2026-06-09 16:57:17,695 [INFO] CodeEngine:289 - Generated code: C:\Users\ASUS\STM32CubeIDE\workspace_ETH_LWIP\LWIP_ETH\MXTmpFiles\system.tmp
2026-06-09 16:57:17,854 [INFO] CodeEngine:265 - oldGeneratedFile, C:\Users\ASUS\STM32CubeIDE\workspace_ETH_LWIP\LWIP_ETH\Core\Src\stm32f2xx_hal_timebase_tim.c_save
2026-06-09 16:57:18,283 [INFO] CodeEngine:289 - Generated code: C:\Users\ASUS\STM32CubeIDE\workspace_ETH_LWIP\LWIP_ETH\Core\Src\stm32f2xx_hal_timebase_tim.c
2026-06-09 16:57:18,351 [INFO] CodeEngine:321 - oldGeneratedFile, C:\Users\ASUS\STM32CubeIDE\workspace_ETH_LWIP\LWIP_ETH\Core\Inc\stm32f2xx_hal_conf.h_save
2026-06-09 16:57:19,553 [INFO] CodeEngine:345 - Generated code: C:\Users\ASUS\STM32CubeIDE\workspace_ETH_LWIP\LWIP_ETH\Core\Inc\stm32f2xx_hal_conf.h
2026-06-09 16:57:20,002 [INFO] ApiDbMcu:532 - Load IP Config File for USART3
2026-06-09 16:57:20,014 [INFO] ApiDbMcu:532 - Load IP Config File for USB_OTG_FS
2026-06-09 16:57:20,029 [INFO] ApiDbMcu:532 - Load IP Config File for RCC
2026-06-09 16:57:20,047 [WARN] IPConfigManager:3811 - IP not found : USB_OTG
2026-06-09 16:57:20,052 [WARN] CodeGenerator:4259 - IP not found : null
2026-06-09 16:57:20,115 [INFO] CodeEngine:265 - oldGeneratedFile, C:\Users\ASUS\STM32CubeIDE\workspace_ETH_LWIP\LWIP_ETH\Core\Inc\main.h_save
2026-06-09 16:57:20,652 [INFO] CodeEngine:289 - Generated code: C:\Users\ASUS\STM32CubeIDE\workspace_ETH_LWIP\LWIP_ETH\Core\Inc\main.h
2026-06-09 16:57:20,702 [INFO] CodeEngine:265 - oldGeneratedFile, C:\Users\ASUS\STM32CubeIDE\workspace_ETH_LWIP\LWIP_ETH\Core\Src\main.c_save
2026-06-09 16:57:21,636 [INFO] CodeEngine:289 - Generated code: C:\Users\ASUS\STM32CubeIDE\workspace_ETH_LWIP\LWIP_ETH\Core\Src\main.c
2026-06-09 16:57:28,614 [INFO] ProjectBuilder:3606 - Time for Copy HAL[1] : 4855mS.
2026-06-09 16:57:28,762 [INFO] ProjectBuilder:5216 - Project Generator version: 4.7.0-B52
2026-06-09 16:57:29,341 [INFO] ConfigFileManager:1595 - The Die is : DIE411
2026-06-09 16:57:29,370 [INFO] ApiDbMcu:532 - Load IP Config File for FATFS
2026-06-09 16:57:29,378 [INFO] ApiDbMcu:532 - Load IP Config File for LIBJPEG
2026-06-09 16:57:29,412 [INFO] ApiDbMcu:532 - Load IP Config File for MBEDTLS
2026-06-09 16:57:29,487 [INFO] ApiDbMcu:532 - Load IP Config File for USB_DEVICE
2026-06-09 16:57:29,525 [INFO] ApiDbMcu:532 - Load IP Config File for USB_HOST
2026-06-09 16:57:32,754 [INFO] LogOutputStream:77 - [STDOUT_REDIRECT] 
2026-06-09 16:57:42,966 [INFO] ProjectBuilder:5496 - Time for Generating toolchain IDE Files: 14200mS.
2026-06-09 16:57:42,971 [INFO] ProjectBuilder:3463 - Time for Copy CMSIS : 3mS.
2026-06-09 16:57:43,214 [INFO] ProjectBuilder:3463 - Time for Copy CMSIS : 1mS.
2026-06-09 17:58:47,780 [WARN] IP:2250 - LWIP_NETIF_HOSTNAME_NAME not found: check if there is a RefParameter without a condition.
2026-06-09 18:16:07,532 [WARN] IP:2250 - LWIP_NETIF_HOSTNAME_NAME not found: check if there is a RefParameter without a condition.
2026-06-09 18:16:07,719 [WARN] IP:2250 - LWIP_NETIF_HOSTNAME_NAME not found: check if there is a RefParameter without a condition.
2026-06-09 18:16:08,090 [WARN] IP:2250 - LWIP_NETIF_HOSTNAME_NAME not found: check if there is a RefParameter without a condition.
2026-06-09 18:17:31,220 [INFO] UtilMem:75 - End SaveConfig() Used Memory: 675820928 Bytes (1073741824)
2026-06-09 18:17:35,248 [INFO] UtilMem:75 - End SaveConfig() Used Memory: 760115032 Bytes (1073741824)
2026-06-09 18:17:35,891 [INFO] BlockDiagram:2775 - set Specific Code input for plugin: FREERTOS
2026-06-09 18:17:35,892 [INFO] BlockDiagram:2775 - set Specific Code input for plugin: SYS
2026-06-09 18:17:35,892 [INFO] BlockDiagram:2775 - set Specific Code input for plugin: RCC
2026-06-09 18:17:35,893 [INFO] BlockDiagram:2775 - set Specific Code input for plugin: USB_OTG_FS
2026-06-09 18:17:35,893 [INFO] BlockDiagram:2775 - set Specific Code input for plugin: NVIC
2026-06-09 18:17:35,893 [INFO] BlockDiagram:2775 - set Specific Code input for plugin: LWIP
2026-06-09 18:17:35,894 [INFO] BlockDiagram:2775 - set Specific Code input for plugin: USART
2026-06-09 18:17:35,895 [INFO] BlockDiagram:2775 - set Specific Code input for plugin: GPIO
2026-06-09 18:17:35,895 [INFO] BlockDiagram:2775 - set Specific Code input for plugin: ETH
2026-06-09 18:17:35,899 [INFO] CodeGenerator:892 - code generatio: config db path: C:\ST\STM32CubeIDE_1.19.0\STM32CubeIDE\plugins\com.st.stm32cube.common.mx_6.15.0.202507011659\\db\
2026-06-09 18:17:35,956 [WARN] IP:2250 - LWIP_NETIF_HOSTNAME_NAME not found: check if there is a RefParameter without a condition.
2026-06-09 18:17:36,133 [WARN] IP:2250 - lpm_enable not found: check if there is a RefParameter without a condition.
2026-06-09 18:17:36,394 [INFO] CodeEngine:265 - oldGeneratedFile, C:\Users\ASUS\STM32CubeIDE\workspace_ETH_LWIP\LWIP_ETH\MXTmpFiles\license.tmp_save
2026-06-09 18:17:37,348 [INFO] CodeEngine:289 - Generated code: C:\Users\ASUS\STM32CubeIDE\workspace_ETH_LWIP\LWIP_ETH\MXTmpFiles\license.tmp
2026-06-09 18:17:37,649 [INFO] CodeEngine:265 - oldGeneratedFile, C:\Users\ASUS\STM32CubeIDE\workspace_ETH_LWIP\LWIP_ETH\MXTmpFiles\gpio.tmp_save
2026-06-09 18:17:38,186 [INFO] CodeEngine:289 - Generated code: C:\Users\ASUS\STM32CubeIDE\workspace_ETH_LWIP\LWIP_ETH\MXTmpFiles\gpio.tmp
2026-06-09 18:17:38,453 [INFO] CodeEngine:265 - oldGeneratedFile, C:\Users\ASUS\STM32CubeIDE\workspace_ETH_LWIP\LWIP_ETH\MXTmpFiles\eth_vars.tmp_save
2026-06-09 18:17:38,677 [INFO] CodeEngine:289 - Generated code: C:\Users\ASUS\STM32CubeIDE\workspace_ETH_LWIP\LWIP_ETH\MXTmpFiles\eth_vars.tmp
2026-06-09 18:17:38,691 [INFO] CodeEngine:265 - oldGeneratedFile, C:\Users\ASUS\STM32CubeIDE\workspace_ETH_LWIP\LWIP_ETH\MXTmpFiles\eth_inc.tmp_save
2026-06-09 18:17:38,838 [INFO] CodeEngine:289 - Generated code: C:\Users\ASUS\STM32CubeIDE\workspace_ETH_LWIP\LWIP_ETH\MXTmpFiles\eth_inc.tmp
2026-06-09 18:17:38,854 [INFO] CodeEngine:265 - oldGeneratedFile, C:\Users\ASUS\STM32CubeIDE\workspace_ETH_LWIP\LWIP_ETH\MXTmpFiles\eth_HalInit.tmp_save
2026-06-09 18:17:39,059 [INFO] CodeEngine:289 - Generated code: C:\Users\ASUS\STM32CubeIDE\workspace_ETH_LWIP\LWIP_ETH\MXTmpFiles\eth_HalInit.tmp
2026-06-09 18:17:39,078 [INFO] CodeEngine:265 - oldGeneratedFile, C:\Users\ASUS\STM32CubeIDE\workspace_ETH_LWIP\LWIP_ETH\MXTmpFiles\eth_Msp.tmp_save
2026-06-09 18:17:39,437 [INFO] CodeEngine:289 - Generated code: C:\Users\ASUS\STM32CubeIDE\workspace_ETH_LWIP\LWIP_ETH\MXTmpFiles\eth_Msp.tmp
2026-06-09 18:17:40,309 [INFO] Middleware:1452 - No code input for Bsp Dependency
2026-06-09 18:17:40,345 [INFO] CodeEngine:265 - oldGeneratedFile, C:\Users\ASUS\STM32CubeIDE\workspace_ETH_LWIP\LWIP_ETH\MXTmpFiles\rtos_inc.tmp_save
2026-06-09 18:17:40,620 [INFO] CodeEngine:289 - Generated code: C:\Users\ASUS\STM32CubeIDE\workspace_ETH_LWIP\LWIP_ETH\MXTmpFiles\rtos_inc.tmp
2026-06-09 18:17:40,651 [INFO] CodeEngine:265 - oldGeneratedFile, C:\Users\ASUS\STM32CubeIDE\workspace_ETH_LWIP\LWIP_ETH\MXTmpFiles\rtos_kernelInit.tmp_save
2026-06-09 18:17:40,974 [INFO] CodeEngine:289 - Generated code: C:\Users\ASUS\STM32CubeIDE\workspace_ETH_LWIP\LWIP_ETH\MXTmpFiles\rtos_kernelInit.tmp
2026-06-09 18:17:41,017 [INFO] CodeEngine:265 - oldGeneratedFile, C:\Users\ASUS\STM32CubeIDE\workspace_ETH_LWIP\LWIP_ETH\MXTmpFiles\rtos_kernelStart.tmp_save
2026-06-09 18:17:41,293 [INFO] CodeEngine:289 - Generated code: C:\Users\ASUS\STM32CubeIDE\workspace_ETH_LWIP\LWIP_ETH\MXTmpFiles\rtos_kernelStart.tmp
2026-06-09 18:17:41,322 [INFO] CodeEngine:265 - oldGeneratedFile, C:\Users\ASUS\STM32CubeIDE\workspace_ETH_LWIP\LWIP_ETH\MXTmpFiles\rtos_typedefs.tmp_save
2026-06-09 18:17:41,629 [INFO] CodeEngine:289 - Generated code: C:\Users\ASUS\STM32CubeIDE\workspace_ETH_LWIP\LWIP_ETH\MXTmpFiles\rtos_typedefs.tmp
2026-06-09 18:17:41,663 [INFO] CodeEngine:265 - oldGeneratedFile, C:\Users\ASUS\STM32CubeIDE\workspace_ETH_LWIP\LWIP_ETH\MXTmpFiles\rtos_vars.tmp_save
2026-06-09 18:17:41,934 [INFO] CodeEngine:289 - Generated code: C:\Users\ASUS\STM32CubeIDE\workspace_ETH_LWIP\LWIP_ETH\MXTmpFiles\rtos_vars.tmp
2026-06-09 18:17:41,965 [INFO] CodeEngine:265 - oldGeneratedFile, C:\Users\ASUS\STM32CubeIDE\workspace_ETH_LWIP\LWIP_ETH\MXTmpFiles\rtos_pfp.tmp_save
2026-06-09 18:17:42,219 [INFO] CodeEngine:289 - Generated code: C:\Users\ASUS\STM32CubeIDE\workspace_ETH_LWIP\LWIP_ETH\MXTmpFiles\rtos_pfp.tmp
2026-06-09 18:17:42,238 [INFO] CodeEngine:265 - oldGeneratedFile, C:\Users\ASUS\STM32CubeIDE\workspace_ETH_LWIP\LWIP_ETH\MXTmpFiles\rtos_obj_creat.tmp_save
2026-06-09 18:17:42,368 [INFO] CodeEngine:289 - Generated code: C:\Users\ASUS\STM32CubeIDE\workspace_ETH_LWIP\LWIP_ETH\MXTmpFiles\rtos_obj_creat.tmp
2026-06-09 18:17:42,394 [INFO] CodeEngine:265 - oldGeneratedFile, C:\Users\ASUS\STM32CubeIDE\workspace_ETH_LWIP\LWIP_ETH\MXTmpFiles\rtos_default_thread.tmp_save
2026-06-09 18:17:42,533 [INFO] CodeEngine:289 - Generated code: C:\Users\ASUS\STM32CubeIDE\workspace_ETH_LWIP\LWIP_ETH\MXTmpFiles\rtos_default_thread.tmp
2026-06-09 18:17:42,553 [INFO] CodeEngine:265 - oldGeneratedFile, C:\Users\ASUS\STM32CubeIDE\workspace_ETH_LWIP\LWIP_ETH\MXTmpFiles\rtos_threads.tmp_save
2026-06-09 18:17:42,691 [INFO] CodeEngine:289 - Generated code: C:\Users\ASUS\STM32CubeIDE\workspace_ETH_LWIP\LWIP_ETH\MXTmpFiles\rtos_threads.tmp
2026-06-09 18:17:42,721 [INFO] Middleware:1452 - No code input for Bsp Dependency
2026-06-09 18:17:42,928 [INFO] Middleware:1452 - No code input for Bsp Dependency
2026-06-09 18:17:42,973 [INFO] CodeEngine:265 - oldGeneratedFile, C:\Users\ASUS\STM32CubeIDE\workspace_ETH_LWIP\LWIP_ETH\MXTmpFiles\rtos_inc.tmp_save
2026-06-09 18:17:43,356 [INFO] CodeEngine:289 - Generated code: C:\Users\ASUS\STM32CubeIDE\workspace_ETH_LWIP\LWIP_ETH\MXTmpFiles\rtos_inc.tmp
2026-06-09 18:17:43,375 [INFO] CodeEngine:265 - oldGeneratedFile, C:\Users\ASUS\STM32CubeIDE\workspace_ETH_LWIP\LWIP_ETH\MXTmpFiles\rtos_kernelInit.tmp_save
2026-06-09 18:17:43,709 [INFO] CodeEngine:289 - Generated code: C:\Users\ASUS\STM32CubeIDE\workspace_ETH_LWIP\LWIP_ETH\MXTmpFiles\rtos_kernelInit.tmp
2026-06-09 18:17:43,726 [INFO] CodeEngine:265 - oldGeneratedFile, C:\Users\ASUS\STM32CubeIDE\workspace_ETH_LWIP\LWIP_ETH\MXTmpFiles\rtos_kernelStart.tmp_save
2026-06-09 18:17:43,998 [INFO] CodeEngine:289 - Generated code: C:\Users\ASUS\STM32CubeIDE\workspace_ETH_LWIP\LWIP_ETH\MXTmpFiles\rtos_kernelStart.tmp
2026-06-09 18:17:44,029 [INFO] CodeEngine:265 - oldGeneratedFile, C:\Users\ASUS\STM32CubeIDE\workspace_ETH_LWIP\LWIP_ETH\MXTmpFiles\rtos_typedefs.tmp_save
2026-06-09 18:17:44,416 [INFO] CodeEngine:289 - Generated code: C:\Users\ASUS\STM32CubeIDE\workspace_ETH_LWIP\LWIP_ETH\MXTmpFiles\rtos_typedefs.tmp
2026-06-09 18:17:44,437 [INFO] CodeEngine:265 - oldGeneratedFile, C:\Users\ASUS\STM32CubeIDE\workspace_ETH_LWIP\LWIP_ETH\MXTmpFiles\rtos_vars.tmp_save
2026-06-09 18:17:44,555 [INFO] CodeEngine:289 - Generated code: C:\Users\ASUS\STM32CubeIDE\workspace_ETH_LWIP\LWIP_ETH\MXTmpFiles\rtos_vars.tmp
2026-06-09 18:17:44,584 [INFO] CodeEngine:265 - oldGeneratedFile, C:\Users\ASUS\STM32CubeIDE\workspace_ETH_LWIP\LWIP_ETH\MXTmpFiles\rtos_pfp.tmp_save
2026-06-09 18:17:44,735 [INFO] CodeEngine:289 - Generated code: C:\Users\ASUS\STM32CubeIDE\workspace_ETH_LWIP\LWIP_ETH\MXTmpFiles\rtos_pfp.tmp
2026-06-09 18:17:44,759 [INFO] CodeEngine:265 - oldGeneratedFile, C:\Users\ASUS\STM32CubeIDE\workspace_ETH_LWIP\LWIP_ETH\MXTmpFiles\rtos_obj_creat.tmp_save
2026-06-09 18:17:44,897 [INFO] CodeEngine:289 - Generated code: C:\Users\ASUS\STM32CubeIDE\workspace_ETH_LWIP\LWIP_ETH\MXTmpFiles\rtos_obj_creat.tmp
2026-06-09 18:17:44,924 [INFO] CodeEngine:265 - oldGeneratedFile, C:\Users\ASUS\STM32CubeIDE\workspace_ETH_LWIP\LWIP_ETH\MXTmpFiles\rtos_default_thread.tmp_save
2026-06-09 18:17:45,085 [INFO] CodeEngine:289 - Generated code: C:\Users\ASUS\STM32CubeIDE\workspace_ETH_LWIP\LWIP_ETH\MXTmpFiles\rtos_default_thread.tmp
2026-06-09 18:17:45,103 [INFO] CodeEngine:265 - oldGeneratedFile, C:\Users\ASUS\STM32CubeIDE\workspace_ETH_LWIP\LWIP_ETH\MXTmpFiles\rtos_threads.tmp_save
2026-06-09 18:17:45,214 [INFO] CodeEngine:289 - Generated code: C:\Users\ASUS\STM32CubeIDE\workspace_ETH_LWIP\LWIP_ETH\MXTmpFiles\rtos_threads.tmp
2026-06-09 18:17:45,238 [INFO] CodeEngine:265 - oldGeneratedFile, C:\Users\ASUS\STM32CubeIDE\workspace_ETH_LWIP\LWIP_ETH\Core\Inc\FreeRTOSConfig.h_save
2026-06-09 18:17:45,587 [INFO] CodeEngine:289 - Generated code: C:\Users\ASUS\STM32CubeIDE\workspace_ETH_LWIP\LWIP_ETH\Core\Inc\FreeRTOSConfig.h
2026-06-09 18:17:45,637 [INFO] CodeEngine:265 - oldGeneratedFile, C:\Users\ASUS\STM32CubeIDE\workspace_ETH_LWIP\LWIP_ETH\Core\Src\freertos.c_save
2026-06-09 18:17:45,862 [INFO] CodeEngine:289 - Generated code: C:\Users\ASUS\STM32CubeIDE\workspace_ETH_LWIP\LWIP_ETH\Core\Src\freertos.c
2026-06-09 18:17:45,928 [INFO] Middleware:1452 - No code input for Bsp Dependency
2026-06-09 18:17:46,019 [INFO] CodeEngine:265 - oldGeneratedFile, C:\Users\ASUS\STM32CubeIDE\workspace_ETH_LWIP\LWIP_ETH\LWIP\App\lwip.c_save
2026-06-09 18:17:46,329 [INFO] CodeEngine:289 - Generated code: C:\Users\ASUS\STM32CubeIDE\workspace_ETH_LWIP\LWIP_ETH\LWIP\App\lwip.c
2026-06-09 18:17:46,352 [INFO] CodeEngine:265 - oldGeneratedFile, C:\Users\ASUS\STM32CubeIDE\workspace_ETH_LWIP\LWIP_ETH\LWIP\App\lwip.h_save
2026-06-09 18:17:46,512 [INFO] CodeEngine:289 - Generated code: C:\Users\ASUS\STM32CubeIDE\workspace_ETH_LWIP\LWIP_ETH\LWIP\App\lwip.h
2026-06-09 18:17:46,552 [INFO] CodeEngine:265 - oldGeneratedFile, C:\Users\ASUS\STM32CubeIDE\workspace_ETH_LWIP\LWIP_ETH\LWIP\Target\lwipopts.h_save
2026-06-09 18:17:46,971 [INFO] CodeEngine:289 - Generated code: C:\Users\ASUS\STM32CubeIDE\workspace_ETH_LWIP\LWIP_ETH\LWIP\Target\lwipopts.h
2026-06-09 18:17:47,047 [INFO] CodeEngine:265 - oldGeneratedFile, C:\Users\ASUS\STM32CubeIDE\workspace_ETH_LWIP\LWIP_ETH\LWIP\Target\ethernetif.c_save
2026-06-09 18:17:47,252 [INFO] CodeEngine:289 - Generated code: C:\Users\ASUS\STM32CubeIDE\workspace_ETH_LWIP\LWIP_ETH\LWIP\Target\ethernetif.c
2026-06-09 18:17:47,289 [INFO] CodeEngine:265 - oldGeneratedFile, C:\Users\ASUS\STM32CubeIDE\workspace_ETH_LWIP\LWIP_ETH\LWIP\Target\ethernetif.h_save
2026-06-09 18:17:47,434 [INFO] CodeEngine:289 - Generated code: C:\Users\ASUS\STM32CubeIDE\workspace_ETH_LWIP\LWIP_ETH\LWIP\Target\ethernetif.h
2026-06-09 18:17:47,487 [INFO] CodeEngine:265 - oldGeneratedFile, C:\Users\ASUS\STM32CubeIDE\workspace_ETH_LWIP\LWIP_ETH\Core\Src\stm32f2xx_it.c_save
2026-06-09 18:17:48,027 [INFO] CodeEngine:289 - Generated code: C:\Users\ASUS\STM32CubeIDE\workspace_ETH_LWIP\LWIP_ETH\Core\Src\stm32f2xx_it.c
2026-06-09 18:17:48,099 [INFO] CodeEngine:265 - oldGeneratedFile, C:\Users\ASUS\STM32CubeIDE\workspace_ETH_LWIP\LWIP_ETH\Core\Inc\stm32f2xx_it.h_save
2026-06-09 18:17:48,346 [INFO] CodeEngine:289 - Generated code: C:\Users\ASUS\STM32CubeIDE\workspace_ETH_LWIP\LWIP_ETH\Core\Inc\stm32f2xx_it.h
2026-06-09 18:17:48,427 [INFO] CodeEngine:265 - oldGeneratedFile, C:\Users\ASUS\STM32CubeIDE\workspace_ETH_LWIP\LWIP_ETH\Core\Src\stm32f2xx_hal_msp.c_save
2026-06-09 18:17:48,762 [INFO] CodeEngine:289 - Generated code: C:\Users\ASUS\STM32CubeIDE\workspace_ETH_LWIP\LWIP_ETH\Core\Src\stm32f2xx_hal_msp.c
2026-06-09 18:17:48,784 [INFO] CodeEngine:265 - oldGeneratedFile, C:\Users\ASUS\STM32CubeIDE\workspace_ETH_LWIP\LWIP_ETH\MXTmpFiles\system.tmp_save
2026-06-09 18:17:49,049 [INFO] CodeEngine:289 - Generated code: C:\Users\ASUS\STM32CubeIDE\workspace_ETH_LWIP\LWIP_ETH\MXTmpFiles\system.tmp
2026-06-09 18:17:49,075 [INFO] CodeEngine:265 - oldGeneratedFile, C:\Users\ASUS\STM32CubeIDE\workspace_ETH_LWIP\LWIP_ETH\Core\Src\stm32f2xx_hal_timebase_tim.c_save
2026-06-09 18:17:49,360 [INFO] CodeEngine:289 - Generated code: C:\Users\ASUS\STM32CubeIDE\workspace_ETH_LWIP\LWIP_ETH\Core\Src\stm32f2xx_hal_timebase_tim.c
2026-06-09 18:17:49,465 [INFO] CodeEngine:321 - oldGeneratedFile, C:\Users\ASUS\STM32CubeIDE\workspace_ETH_LWIP\LWIP_ETH\Core\Inc\stm32f2xx_hal_conf.h_save
2026-06-09 18:17:49,693 [INFO] CodeEngine:345 - Generated code: C:\Users\ASUS\STM32CubeIDE\workspace_ETH_LWIP\LWIP_ETH\Core\Inc\stm32f2xx_hal_conf.h
2026-06-09 18:17:49,831 [WARN] IPConfigManager:3811 - IP not found : USB_OTG
2026-06-09 18:17:49,834 [WARN] CodeGenerator:4259 - IP not found : null
2026-06-09 18:17:49,887 [INFO] CodeEngine:265 - oldGeneratedFile, C:\Users\ASUS\STM32CubeIDE\workspace_ETH_LWIP\LWIP_ETH\Core\Inc\main.h_save
2026-06-09 18:17:50,163 [INFO] CodeEngine:289 - Generated code: C:\Users\ASUS\STM32CubeIDE\workspace_ETH_LWIP\LWIP_ETH\Core\Inc\main.h
2026-06-09 18:17:50,193 [INFO] CodeEngine:265 - oldGeneratedFile, C:\Users\ASUS\STM32CubeIDE\workspace_ETH_LWIP\LWIP_ETH\Core\Src\main.c_save
2026-06-09 18:17:50,561 [INFO] CodeEngine:289 - Generated code: C:\Users\ASUS\STM32CubeIDE\workspace_ETH_LWIP\LWIP_ETH\Core\Src\main.c
2026-06-09 18:17:54,337 [INFO] ProjectBuilder:3606 - Time for Copy HAL[1] : 2846mS.
2026-06-09 18:17:54,386 [INFO] ProjectBuilder:5216 - Project Generator version: 4.7.0-B52
2026-06-09 18:17:54,782 [INFO] ConfigFileManager:1595 - The Die is : DIE411
2026-06-09 18:18:05,330 [INFO] ProjectBuilder:5496 - Time for Generating toolchain IDE Files: 10944mS.
2026-06-09 18:18:05,334 [INFO] ProjectBuilder:3463 - Time for Copy CMSIS : 3mS.
2026-06-09 18:18:05,436 [INFO] ProjectBuilder:3463 - Time for Copy CMSIS : 0mS.
2026-06-09 18:28:19,166 [INFO] WebApp:194 - Connection lost
2026-06-09 18:28:19,927 [INFO] WebApp:191 - Connection restablished
2026-06-09 18:28:20,957 [INFO] WebApp:194 - Connection lost
2026-06-09 18:28:21,271 [INFO] WebApp:191 - Connection restablished
2026-06-09 18:28:24,414 [INFO] WebApp:194 - Connection lost
2026-06-09 18:28:24,681 [INFO] WebApp:191 - Connection restablished
2026-06-09 18:29:44,918 [INFO] WebApp:194 - Connection lost
2026-06-09 18:29:45,158 [INFO] WebApp:191 - Connection restablished
2026-06-09 18:29:48,494 [INFO] WebApp:194 - Connection lost
2026-06-09 18:29:48,743 [INFO] WebApp:191 - Connection restablished
2026-06-09 18:33:47,571 [INFO] WebApp:194 - Connection lost
2026-06-09 18:33:47,816 [INFO] WebApp:191 - Connection restablished
2026-06-09 18:33:51,003 [INFO] WebApp:194 - Connection lost
2026-06-09 18:33:51,287 [INFO] WebApp:191 - Connection restablished
2026-06-09 18:34:13,514 [INFO] WebApp:194 - Connection lost
2026-06-09 18:34:13,820 [INFO] WebApp:191 - Connection restablished
2026-06-09 18:34:18,355 [INFO] WebApp:194 - Connection lost
2026-06-09 18:34:19,061 [INFO] WebApp:191 - Connection restablished
2026-06-09 18:34:23,754 [INFO] WebApp:194 - Connection lost
2026-06-09 18:34:24,001 [INFO] WebApp:191 - Connection restablished
2026-06-09 18:34:33,222 [INFO] WebApp:194 - Connection lost
2026-06-09 18:34:33,481 [INFO] WebApp:191 - Connection restablished
2026-06-09 18:34:36,765 [INFO] WebApp:194 - Connection lost
2026-06-09 18:34:37,425 [INFO] WebApp:191 - Connection restablished
2026-06-09 18:34:41,741 [INFO] WebApp:194 - Connection lost
2026-06-09 18:34:42,155 [INFO] WebApp:191 - Connection restablished
2026-06-09 18:39:00,502 [INFO] WebApp:194 - Connection lost
2026-06-09 18:39:01,531 [INFO] WebApp:191 - Connection restablished
2026-06-09 18:39:59,660 [INFO] WebApp:194 - Connection lost
2026-06-09 18:40:00,021 [INFO] WebApp:191 - Connection restablished
2026-06-09 18:40:05,499 [INFO] WebApp:194 - Connection lost
2026-06-09 18:40:05,727 [INFO] WebApp:191 - Connection restablished
2026-06-09 18:40:09,056 [INFO] WebApp:194 - Connection lost
2026-06-09 18:40:09,317 [INFO] WebApp:191 - Connection restablished
2026-06-09 18:54:31,317 [INFO] WebApp:194 - Connection lost
2026-06-09 18:54:32,541 [INFO] WebApp:191 - Connection restablished
2026-06-09 19:15:17,181 [INFO] WebApp:194 - Connection lost
2026-06-09 19:15:22,064 [INFO] WebApp:191 - Connection restablished
2026-06-09 19:17:55,972 [INFO] WebApp:194 - Connection lost
2026-06-09 19:17:57,082 [INFO] WebApp:191 - Connection restablished
2026-06-09 19:18:01,431 [INFO] WebApp:194 - Connection lost
2026-06-09 19:18:01,772 [INFO] WebApp:191 - Connection restablished
2026-06-09 19:18:06,568 [INFO] WebApp:194 - Connection lost
2026-06-09 19:18:06,769 [INFO] WebApp:191 - Connection restablished
2026-06-09 19:18:29,932 [INFO] WebApp:194 - Connection lost
2026-06-09 19:18:30,139 [INFO] WebApp:191 - Connection restablished
2026-06-09 19:18:32,953 [INFO] WebApp:194 - Connection lost
2026-06-09 19:18:33,161 [INFO] WebApp:191 - Connection restablished
2026-06-09 19:30:23,946 [INFO] WebApp:194 - Connection lost
2026-06-09 19:30:24,895 [INFO] WebApp:191 - Connection restablished
2026-06-09 19:31:06,821 [ERROR] LogOutputStream:75 - [STDERR_REDIRECT] 
