2026-06-08 11:24:01,752 [INFO] Activator:176 - 


2026-06-08 11:24:01,776 [INFO] Activator:177 - !SESSION log4j initialized
2026-06-08 11:24:36,358 [INFO] LogOutputStream:77 - [STDOUT_REDIRECT] 
2026-06-08 11:24:40,385 [INFO] ApplicationProperties:184 - Using Application install path: C:\ST\STM32CubeIDE_1.19.0\STM32CubeIDE\plugins\com.st.stm32cube.common.mx_6.15.0.202507011659
2026-06-08 11:24:40,511 [INFO] DbMcusXml:78 - Set database path to: C:\ST\STM32CubeIDE_1.19.0\STM32CubeIDE\plugins\com.st.stm32cube.common.mx_6.15.0.202507011659\\db\/mcu/
2026-06-08 11:24:40,514 [INFO] ApiDb:274 - Set plugin database path to: C:\ST\STM32CubeIDE_1.19.0\STM32CubeIDE\plugins\com.st.stm32cube.common.mx_6.15.0.202507011659\\db\/plugins/boardmanager/
2026-06-08 11:24:40,515 [WARN] ApiDb:259 - Overriding images path with different value:  => C:\ST\STM32CubeIDE_1.19.0\STM32CubeIDE\plugins\com.st.stm32cube.common.mx_6.15.0.202507011659\\db\/plugins/mcufinder/images/
2026-06-08 11:24:40,560 [INFO] ApiDb:250 - Set database path to: C:\Users\ASUS\.stmcufinder\plugins\mcufinder//mcu/
2026-06-08 11:24:40,561 [INFO] DbMcusAds:125 - Set database path to: C:\Users\ASUS\.stmcufinder\plugins\mcufinder//mcu/
2026-06-08 11:24:40,577 [INFO] CrossReferenceDbSqlite:203 - Set database path to: C:\Users\ASUS\.stmcufinder\plugins\mcufinder//mcu/cs/
2026-06-08 11:24:41,095 [INFO] RulesReader:64 - Compatibility file has been processed (317 Rules)
2026-06-08 11:24:41,367 [INFO] DbMcusXml:78 - Set database path to: C:\ST\STM32CubeIDE_1.19.0\STM32CubeIDE\plugins\com.st.stm32cube.common.mx_6.15.0.202507011659\\db\/mcu/
2026-06-08 11:24:41,367 [INFO] ApiDb:274 - Set plugin database path to: C:\ST\STM32CubeIDE_1.19.0\STM32CubeIDE\plugins\com.st.stm32cube.common.mx_6.15.0.202507011659\\db\/plugins/boardmanager/
2026-06-08 11:24:41,367 [INFO] ApiDb:261 - Set plugin images path to: C:\ST\STM32CubeIDE_1.19.0\STM32CubeIDE\plugins\com.st.stm32cube.common.mx_6.15.0.202507011659\\db\/plugins/mcufinder/images/
2026-06-08 11:24:41,369 [WARN] DbFile:41 - Overriding database path with different value: C:\Users\ASUS\.stmcufinder\plugins\mcufinder/ => C:\Users\ASUS\.stmcufinder\plugins\mcufinder
2026-06-08 11:24:41,369 [INFO] ApiDb:250 - Set database path to: C:\Users\ASUS\.stmcufinder\plugins\mcufinder//mcu/
2026-06-08 11:24:41,369 [WARN] DbFile:41 - Overriding database path with different value: C:\Users\ASUS\.stmcufinder\plugins\mcufinder/ => C:\Users\ASUS\.stmcufinder\plugins\mcufinder
2026-06-08 11:24:41,369 [INFO] DbMcusAds:125 - Set database path to: C:\Users\ASUS\.stmcufinder\plugins\mcufinder//mcu/
2026-06-08 11:24:41,369 [WARN] DbFile:41 - Overriding database path with different value: C:\Users\ASUS\.stmcufinder\plugins\mcufinder/ => C:\Users\ASUS\.stmcufinder\plugins\mcufinder
2026-06-08 11:24:41,369 [WARN] DbFile:41 - Overriding database path with different value: C:\Users\ASUS\.stmcufinder\plugins\mcufinder/ => C:\Users\ASUS\.stmcufinder\plugins\mcufinder
2026-06-08 11:24:41,369 [INFO] CrossReferenceDbSqlite:203 - Set database path to: C:\Users\ASUS\.stmcufinder\plugins\mcufinder//mcu/cs/
2026-06-08 11:24:41,576 [INFO] MainPanel:274 - HeapMemory: 268435456
2026-06-08 11:24:41,933 [INFO] DbMcusXml:78 - Set database path to: C:\ST\STM32CubeIDE_1.19.0\STM32CubeIDE\plugins\com.st.stm32cube.common.mx_6.15.0.202507011659\\db\/mcu/
2026-06-08 11:24:41,933 [INFO] ApiDb:274 - Set plugin database path to: C:\ST\STM32CubeIDE_1.19.0\STM32CubeIDE\plugins\com.st.stm32cube.common.mx_6.15.0.202507011659\\db\/plugins/boardmanager/
2026-06-08 11:24:41,934 [INFO] ApiDb:261 - Set plugin images path to: C:\ST\STM32CubeIDE_1.19.0\STM32CubeIDE\plugins\com.st.stm32cube.common.mx_6.15.0.202507011659\\db\/plugins/mcufinder/images/
2026-06-08 11:24:41,935 [WARN] DbFile:41 - Overriding database path with different value: C:\Users\ASUS\.stmcufinder\plugins\mcufinder/ => C:\Users\ASUS\.stmcufinder\plugins\mcufinder
2026-06-08 11:24:41,935 [INFO] ApiDb:250 - Set database path to: C:\Users\ASUS\.stmcufinder\plugins\mcufinder//mcu/
2026-06-08 11:24:41,935 [WARN] DbFile:41 - Overriding database path with different value: C:\Users\ASUS\.stmcufinder\plugins\mcufinder/ => C:\Users\ASUS\.stmcufinder\plugins\mcufinder
2026-06-08 11:24:41,936 [INFO] DbMcusAds:125 - Set database path to: C:\Users\ASUS\.stmcufinder\plugins\mcufinder//mcu/
2026-06-08 11:24:41,936 [WARN] DbFile:41 - Overriding database path with different value: C:\Users\ASUS\.stmcufinder\plugins\mcufinder/ => C:\Users\ASUS\.stmcufinder\plugins\mcufinder
2026-06-08 11:24:41,936 [WARN] DbFile:41 - Overriding database path with different value: C:\Users\ASUS\.stmcufinder\plugins\mcufinder/ => C:\Users\ASUS\.stmcufinder\plugins\mcufinder
2026-06-08 11:24:41,936 [INFO] CrossReferenceDbSqlite:203 - Set database path to: C:\Users\ASUS\.stmcufinder\plugins\mcufinder//mcu/cs/
2026-06-08 11:24:41,981 [INFO] ApplicationProperties:184 - Using Application install path: C:\ST\STM32CubeIDE_1.19.0\STM32CubeIDE\plugins\com.st.stm32cube.common.mx_6.15.0.202507011659
2026-06-08 11:24:41,985 [INFO] PluginManage:196 - Search for loadable plugins [exclusion list=, ]
2026-06-08 11:24:41,989 [INFO] PluginManage:310 - Check plugin analytics
2026-06-08 11:24:42,685 [INFO] AnalyticsPlugin:253 - Accepted Software Licenses: 
2026-06-08 11:24:42,686 [INFO] AnalyticsPlugin:255 - Accepted CMSIS Pack Licenses: 
2026-06-08 11:24:42,687 [INFO] AnalyticsPlugin:257 - Accepted Firmware Licenses: FW.F4.1.28.0,FW.C0.1.4.0
2026-06-08 11:24:42,699 [INFO] PluginManage:359 - Loaded plugin analytics (category:tool,tabindex:-1)
2026-06-08 11:24:42,702 [INFO] PluginManage:310 - Check plugin cadmodel
2026-06-08 11:24:42,718 [INFO] CADModel:105 - Init CAD model plugin
2026-06-08 11:24:42,718 [INFO] PluginManage:359 - Loaded plugin cadmodel (category:power,tabindex:5)
2026-06-08 11:24:42,719 [INFO] PluginManage:310 - Check plugin clock
2026-06-08 11:24:42,756 [INFO] PluginManage:359 - Loaded plugin clock (category:base,tabindex:2)
2026-06-08 11:24:42,757 [INFO] PluginManage:310 - Check plugin ddr
2026-06-08 11:24:42,770 [INFO] PluginManage:359 - Loaded plugin ddr (category:tool,tabindex:6)
2026-06-08 11:24:42,771 [INFO] PluginManage:310 - Check plugin filemanager
2026-06-08 11:24:43,227 [INFO] PluginManage:359 - Loaded plugin filemanager (category:base,tabindex:10)
2026-06-08 11:24:43,227 [INFO] PluginManage:310 - Check plugin ipmanager
2026-06-08 11:24:43,249 [INFO] PluginManage:359 - Loaded plugin ipmanager (category:base,tabindex:5)
2026-06-08 11:24:43,249 [INFO] PluginManage:310 - Check plugin lpbam
2026-06-08 11:24:43,270 [INFO] PluginManage:359 - Loaded plugin lpbam (category:base,tabindex:0)
2026-06-08 11:24:43,270 [INFO] PluginManage:310 - Check plugin memorymap
2026-06-08 11:24:43,311 [INFO] PluginManage:359 - Loaded plugin memorymap (category:base,tabindex:4)
2026-06-08 11:24:43,312 [INFO] PluginManage:310 - Check plugin pinoutandconfiguration
2026-06-08 11:24:43,336 [INFO] PluginManage:359 - Loaded plugin pinoutandconfiguration (category:base,tabindex:1)
2026-06-08 11:24:43,336 [INFO] PluginManage:310 - Check plugin pinoutconfig
2026-06-08 11:24:43,594 [WARN] SupportedApi:132 - Cannot load RTOS API schema: s4s-elt-must-match.1: The content of 'definitions' must match (annotation?, (simpleType | complexType)?, (unique | key | keyref)*)). A problem was found starting at: attribute.
2026-06-08 11:24:44,189 [INFO] PluginManage:359 - Loaded plugin pinoutconfig (category:base,tabindex:0)
2026-06-08 11:24:44,190 [INFO] PluginManage:310 - Check plugin power
2026-06-08 11:24:44,275 [INFO] PluginManage:359 - Loaded plugin power (category:power,tabindex:4)
2026-06-08 11:24:44,275 [INFO] PluginManage:310 - Check plugin projectmanager
2026-06-08 11:24:44,328 [INFO] PluginManage:359 - Loaded plugin projectmanager (category:projectmanager,tabindex:4)
2026-06-08 11:24:44,328 [INFO] PluginManage:310 - Check plugin rif
2026-06-08 11:24:44,365 [INFO] PluginManage:359 - Loaded plugin rif (category:base,tabindex:3)
2026-06-08 11:24:44,365 [INFO] PluginManage:310 - Check plugin thirdparty
2026-06-08 11:24:45,400 [INFO] PluginManage:359 - Loaded plugin thirdparty (category:base,tabindex:-1)
2026-06-08 11:24:45,403 [INFO] PluginManage:310 - Check plugin tools
2026-06-08 11:24:45,403 [WARN] IntegrityCheckThread:84 - waiting for thirdparty lock release [integrity check]
2026-06-08 11:24:45,404 [INFO] IntegrityCheckThread:86 - entering critical section [integrity check]
2026-06-08 11:24:45,411 [INFO] ThirdPartyUpdaterWithRetryManager:70 - Updater plugin not ready yet. [1/15]
2026-06-08 11:24:45,427 [INFO] PluginManage:359 - Loaded plugin tools (category:base,tabindex:7)
2026-06-08 11:24:45,428 [INFO] PluginManage:310 - Check plugin tutovideos
2026-06-08 11:24:46,473 [INFO] PluginManage:359 - Loaded plugin tutovideos (category:base,tabindex:-1)
2026-06-08 11:24:46,473 [INFO] PluginManage:310 - Check plugin updater
2026-06-08 11:24:46,561 [INFO] PluginManage:359 - Loaded plugin updater (category:base,tabindex:12)
2026-06-08 11:24:46,562 [INFO] PluginManage:310 - Check plugin userauth
2026-06-08 11:24:46,578 [INFO] UserAuth:118 - Init User Auth plugin
2026-06-08 11:24:46,578 [INFO] PluginManage:359 - Loaded plugin userauth (category:base,tabindex:14)
2026-06-08 11:24:46,578 [INFO] PluginManage:283 - PluginManage : Loaded plugins [18]
2026-06-08 11:24:47,304 [INFO] PinOutPanel:1589 - setPackage(No Configuration,No Configuration)
2026-06-08 11:24:47,591 [INFO] CADModel:165 - CPN selected for project level
2026-06-08 11:24:47,591 [INFO] CADModel:114 - Register for checkConnection events
2026-06-08 11:24:47,646 [INFO] IPUIPlugin:80 - create IPUIPlugin
2026-06-08 11:24:47,646 [INFO] PluginManager:220 - loadIPPluginJar : add adc
2026-06-08 11:24:47,656 [INFO] IPUIPlugin:80 - create IPUIPlugin
2026-06-08 11:24:47,657 [INFO] PluginManager:220 - loadIPPluginJar : add aes
2026-06-08 11:24:47,665 [INFO] IPUIPlugin:80 - create IPUIPlugin
2026-06-08 11:24:47,666 [INFO] PluginManager:220 - loadIPPluginJar : add can
2026-06-08 11:24:47,671 [INFO] IPUIPlugin:80 - create IPUIPlugin
2026-06-08 11:24:47,671 [INFO] PluginManager:220 - loadIPPluginJar : add comp
2026-06-08 11:24:47,682 [INFO] IPUIPlugin:80 - create IPUIPlugin
2026-06-08 11:24:47,682 [INFO] PluginManager:220 - loadIPPluginJar : add cryp
2026-06-08 11:24:47,692 [INFO] IPUIPlugin:80 - create IPUIPlugin
2026-06-08 11:24:47,692 [INFO] PluginManager:220 - loadIPPluginJar : add ddr_ctrl_phy
2026-06-08 11:24:47,702 [INFO] IPUIPlugin:80 - create IPUIPlugin
2026-06-08 11:24:47,702 [INFO] PluginManager:220 - loadIPPluginJar : add dfsdm
2026-06-08 11:24:47,719 [INFO] IPUIPlugin:80 - create IPUIPlugin
2026-06-08 11:24:47,719 [INFO] PluginManager:220 - loadIPPluginJar : add dma
2026-06-08 11:24:47,727 [INFO] IPUIPlugin:80 - create IPUIPlugin
2026-06-08 11:24:47,729 [INFO] PluginManager:220 - loadIPPluginJar : add dma3
2026-06-08 11:24:47,738 [INFO] IPUIPlugin:80 - create IPUIPlugin
2026-06-08 11:24:47,740 [INFO] PluginManager:220 - loadIPPluginJar : add extmemmanager
2026-06-08 11:24:47,743 [INFO] IPUIPlugin:80 - create IPUIPlugin
2026-06-08 11:24:47,743 [INFO] PluginManager:220 - loadIPPluginJar : add fatfs
2026-06-08 11:24:47,752 [INFO] IPUIPlugin:80 - create IPUIPlugin
2026-06-08 11:24:47,752 [INFO] PluginManager:220 - loadIPPluginJar : add fmc
2026-06-08 11:24:47,786 [INFO] IPUIPlugin:80 - create IPUIPlugin
2026-06-08 11:24:47,787 [INFO] PluginManager:220 - loadIPPluginJar : add freertos
2026-06-08 11:24:47,792 [INFO] IPUIPlugin:80 - create IPUIPlugin
2026-06-08 11:24:47,792 [INFO] PluginManager:220 - loadIPPluginJar : add genericplugin
2026-06-08 11:24:47,799 [INFO] IPUIPlugin:80 - create IPUIPlugin
2026-06-08 11:24:47,800 [INFO] PluginManager:220 - loadIPPluginJar : add gfxmmu
2026-06-08 11:24:47,812 [INFO] IPUIPlugin:80 - create IPUIPlugin
2026-06-08 11:24:47,812 [INFO] PluginManager:220 - loadIPPluginJar : add gic
2026-06-08 11:24:47,819 [INFO] IPUIPlugin:80 - create IPUIPlugin
2026-06-08 11:24:47,819 [INFO] PluginManager:220 - loadIPPluginJar : add gpio
2026-06-08 11:24:47,819 [INFO] IPUIPlugin:80 - create IPUIPlugin
2026-06-08 11:24:47,835 [INFO] PluginManager:220 - loadIPPluginJar : add gtzc
2026-06-08 11:24:47,841 [INFO] IPUIPlugin:80 - create IPUIPlugin
2026-06-08 11:24:47,841 [INFO] PluginManager:220 - loadIPPluginJar : add hash
2026-06-08 11:24:47,843 [INFO] IPUIPlugin:80 - create IPUIPlugin
2026-06-08 11:24:47,843 [INFO] PluginManager:220 - loadIPPluginJar : add i2c
2026-06-08 11:24:47,856 [INFO] IPUIPlugin:80 - create IPUIPlugin
2026-06-08 11:24:47,856 [INFO] PluginManager:220 - loadIPPluginJar : add i2s
2026-06-08 11:24:47,856 [INFO] IPUIPlugin:80 - create IPUIPlugin
2026-06-08 11:24:47,856 [INFO] PluginManager:220 - loadIPPluginJar : add i3c
2026-06-08 11:24:47,871 [INFO] IPUIPlugin:80 - create IPUIPlugin
2026-06-08 11:24:47,871 [INFO] PluginManager:220 - loadIPPluginJar : add ipddr
2026-06-08 11:24:47,884 [INFO] IPUIPlugin:80 - create IPUIPlugin
2026-06-08 11:24:47,884 [INFO] PluginManager:220 - loadIPPluginJar : add linkedlist
2026-06-08 11:24:47,884 [INFO] IPUIPlugin:80 - create IPUIPlugin
2026-06-08 11:24:47,884 [INFO] PluginManager:220 - loadIPPluginJar : add lorawan
2026-06-08 11:24:47,899 [INFO] IPUIPlugin:80 - create IPUIPlugin
2026-06-08 11:24:47,899 [INFO] PluginManager:220 - loadIPPluginJar : add ltdc
2026-06-08 11:24:47,910 [INFO] IPUIPlugin:80 - create IPUIPlugin
2026-06-08 11:24:47,912 [INFO] PluginManager:220 - loadIPPluginJar : add mdma
2026-06-08 11:24:47,921 [INFO] IPUIPlugin:80 - create IPUIPlugin
2026-06-08 11:24:47,921 [INFO] PluginManager:220 - loadIPPluginJar : add nvic
2026-06-08 11:24:47,924 [INFO] IPUIPlugin:80 - create IPUIPlugin
2026-06-08 11:24:47,924 [INFO] PluginManager:220 - loadIPPluginJar : add opamp
2026-06-08 11:24:47,939 [INFO] IPUIPlugin:80 - create IPUIPlugin
2026-06-08 11:24:47,939 [INFO] PluginManager:220 - loadIPPluginJar : add openamp
2026-06-08 11:24:47,948 [INFO] IPUIPlugin:80 - create IPUIPlugin
2026-06-08 11:24:47,948 [INFO] PluginManager:220 - loadIPPluginJar : add pdm2pcm
2026-06-08 11:24:47,966 [INFO] IPUIPlugin:80 - create IPUIPlugin
2026-06-08 11:24:47,972 [INFO] PluginManager:220 - loadIPPluginJar : add plateformsettings
2026-06-08 11:24:47,972 [INFO] IPUIPlugin:80 - create IPUIPlugin
2026-06-08 11:24:47,972 [INFO] PluginManager:220 - loadIPPluginJar : add quadspi
2026-06-08 11:24:47,988 [INFO] IPUIPlugin:80 - create IPUIPlugin
2026-06-08 11:24:47,990 [INFO] PluginManager:220 - loadIPPluginJar : add radio
2026-06-08 11:24:48,003 [INFO] IPUIPlugin:80 - create IPUIPlugin
2026-06-08 11:24:48,003 [INFO] PluginManager:220 - loadIPPluginJar : add resmgrutility
2026-06-08 11:24:48,014 [INFO] IPUIPlugin:80 - create IPUIPlugin
2026-06-08 11:24:48,014 [INFO] PluginManager:220 - loadIPPluginJar : add sai
2026-06-08 11:24:48,018 [INFO] IPUIPlugin:80 - create IPUIPlugin
2026-06-08 11:24:48,018 [INFO] PluginManager:220 - loadIPPluginJar : add spi
2026-06-08 11:24:48,038 [INFO] IPUIPlugin:80 - create IPUIPlugin
2026-06-08 11:24:48,038 [INFO] PluginManager:220 - loadIPPluginJar : add stm32_wpan
2026-06-08 11:24:48,048 [INFO] IPUIPlugin:80 - create IPUIPlugin
2026-06-08 11:24:48,048 [INFO] PluginManager:220 - loadIPPluginJar : add tim
2026-06-08 11:24:48,052 [INFO] IPUIPlugin:80 - create IPUIPlugin
2026-06-08 11:24:48,052 [INFO] PluginManager:220 - loadIPPluginJar : add touchsensing
2026-06-08 11:24:48,066 [INFO] IPUIPlugin:80 - create IPUIPlugin
2026-06-08 11:24:48,067 [INFO] PluginManager:220 - loadIPPluginJar : add tracer_emb
2026-06-08 11:24:48,074 [INFO] IPUIPlugin:80 - create IPUIPlugin
2026-06-08 11:24:48,075 [INFO] PluginManager:220 - loadIPPluginJar : add ts
2026-06-08 11:24:48,080 [INFO] IPUIPlugin:80 - create IPUIPlugin
2026-06-08 11:24:48,081 [INFO] PluginManager:220 - loadIPPluginJar : add tsc
2026-06-08 11:24:48,088 [INFO] IPUIPlugin:80 - create IPUIPlugin
2026-06-08 11:24:48,088 [INFO] PluginManager:220 - loadIPPluginJar : add ucpd
2026-06-08 11:24:48,097 [INFO] IPUIPlugin:80 - create IPUIPlugin
2026-06-08 11:24:48,097 [INFO] PluginManager:220 - loadIPPluginJar : add usart
2026-06-08 11:24:48,110 [INFO] IPUIPlugin:80 - create IPUIPlugin
2026-06-08 11:24:48,110 [INFO] PluginManager:220 - loadIPPluginJar : add usbx
2026-06-08 11:24:48,415 [INFO] ThirdPartyUpdaterWithRetryManager:70 - Updater plugin not ready yet. [2/15]
2026-06-08 11:24:48,491 [FATAL] Updater:351 - Updater called before beeing initialized
2026-06-08 11:24:48,945 [INFO] RulesReader:64 - Compatibility file has been processed (317 Rules)
2026-06-08 11:24:49,005 [INFO] RulesReader:64 - Compatibility file has been processed (317 Rules)
2026-06-08 11:24:49,049 [INFO] CADModel:165 - CPN selected for project level
2026-06-08 11:24:49,049 [INFO] CADModel:114 - Register for checkConnection events
2026-06-08 11:24:49,050 [FATAL] Updater:351 - Updater called before beeing initialized
2026-06-08 11:24:49,050 [ERROR] CADModel:125 - Updater not yet initialized, retry later 
2026-06-08 11:24:49,744 [FATAL] Updater:351 - Updater called before beeing initialized
2026-06-08 11:24:49,753 [INFO] CADModel:165 - CPN selected for project level
2026-06-08 11:24:49,753 [INFO] CADModel:114 - Register for checkConnection events
2026-06-08 11:24:49,753 [FATAL] Updater:351 - Updater called before beeing initialized
2026-06-08 11:24:49,754 [ERROR] CADModel:125 - Updater not yet initialized, retry later 
2026-06-08 11:24:49,769 [FATAL] Updater:351 - Updater called before beeing initialized
2026-06-08 11:24:50,321 [FATAL] Updater:351 - Updater called before beeing initialized
2026-06-08 11:24:50,368 [INFO] DbMcusAds:53 - JSON generation date=Thu May 28 21:38:17 IST 2026 (1779984497073)
2026-06-08 11:24:50,368 [FATAL] Updater:351 - Updater called before beeing initialized
2026-06-08 11:24:50,571 [WARN] DetailPanel:346 - Failed to get advertising image, set to default
2026-06-08 11:24:51,195 [FATAL] Updater:351 - Updater called before beeing initialized
2026-06-08 11:24:51,203 [FATAL] Updater:351 - Updater called before beeing initialized
2026-06-08 11:24:51,204 [FATAL] Updater:351 - Updater called before beeing initialized
2026-06-08 11:24:51,204 [WARN] DetailPanel:346 - Failed to get advertising image, set to default
2026-06-08 11:24:51,212 [FATAL] Updater:351 - Updater called before beeing initialized
2026-06-08 11:24:51,423 [FATAL] Updater:351 - Updater called before beeing initialized
2026-06-08 11:24:51,425 [ERROR] IntegrityCheckThread:130 - Cannot retrieve database content from updater: error 21
2026-06-08 11:24:51,426 [INFO] ThirdParty:978 - Integrity check success = false
2026-06-08 11:24:51,426 [INFO] IntegrityCheckThread:100 - exiting critical section [integrity check]
2026-06-08 11:24:51,426 [INFO] IntegrityCheckThread:103 - End integrity checks thread
2026-06-08 11:24:51,476 [ERROR] Updater:1198 - MainUpdater not yet initialized. External WinMGr cannot be set.
2026-06-08 11:24:51,500 [INFO] Updater:1134 - Updater Version found : 6.15.0
2026-06-08 11:24:51,569 [INFO] ApplicationProperties:184 - Using Application install path: C:\ST\STM32CubeIDE_1.19.0\STM32CubeIDE\plugins\com.st.stm32cube.common.mx_6.15.0.202507011659
2026-06-08 11:24:53,251 [ERROR] LogOutputStream:75 - [STDERR_REDIRECT] Jun 08, 2026 11:24:53 AM java.util.prefs.WindowsPreferences <init>
2026-06-08 11:24:53,258 [ERROR] LogOutputStream:75 - [STDERR_REDIRECT] WARNING: Could not open/create prefs root node Software\JavaSoft\Prefs at root 0xffffffff80000002. Windows RegCreateKeyEx(...) returned error code 5.
2026-06-08 11:24:53,259 [ERROR] LogOutputStream:75 - [STDERR_REDIRECT] 
2026-06-08 11:24:54,932 [INFO] MainUpdater:2872 - connection check result : 10
2026-06-08 11:24:54,932 [INFO] MainUpdater:3604 - Updater definition file requires update
2026-06-08 11:24:54,940 [INFO] MainUpdater:289 - Updater Check For Update Now.
2026-06-08 11:24:54,941 [INFO] MicroXplorer:498 - Change Database Version : DB.6.0.150
2026-06-08 11:24:54,973 [INFO] McuFinderGlobals:63 - Set McuFinder mode to 2 (CubeIDE integrated)
2026-06-08 11:24:54,976 [INFO] UserAuth:487 - Internet connection configuration mode: 1
2026-06-08 11:24:55,054 [INFO] JxBrowserEngine:152 - Initiate JxBrowser Engine with user profile folder
2026-06-08 11:24:55,174 [INFO] ServerAccessManage:452 - Complete download http(s) 200
2026-06-08 11:24:55,178 [INFO] ServerAccessManage:509 - Download File updaters.zip
2026-06-08 11:24:55,680 [INFO] FileExtend:248 - Unzip File : updaters.zip
2026-06-08 11:24:55,685 [INFO] FileExtend:263 - Standard Zip Deflate
2026-06-08 11:24:57,953 [INFO] ServerAccessManage:452 - Complete download http(s) 200
2026-06-08 11:24:57,954 [INFO] ServerAccessManage:509 - Download File PacksControlFlags.xml
2026-06-08 11:24:58,391 [INFO] ServerAccessManage:452 - Complete download http(s) 200
2026-06-08 11:24:58,391 [INFO] ServerAccessManage:509 - Download File cubemx.pidx
2026-06-08 11:25:06,702 [INFO] ServerAccessManage:452 - Complete download http(s) 200
2026-06-08 11:25:06,703 [INFO] ServerAccessManage:509 - Download File STMicroelectronics.X-CUBE-SMBUS.pdsc
2026-06-08 11:25:07,771 [ERROR] ServerAccessManage:1212 - Problem, file not found on Server
2026-06-08 11:25:10,404 [INFO] WebApp:169 - Instantiating new browser for Auth
2026-06-08 11:25:14,075 [WARN] PopulateThirdPartyThread:106 - Error when creating pack: C:/Users/ASUS/.stm32cubemx/thirdparties/pdsc/STMicroelectronics.X-CUBE-SMBUS.pdsc
2026-06-08 11:25:14,084 [INFO] PopulateThirdPartyThread:66 - Ending populate Thread
2026-06-08 11:25:14,085 [INFO] LoadServerUpdatesThread:375 - End of LoadServerUpdate Thread
2026-06-08 11:25:15,395 [INFO] CheckServerUpdateThread:120 - End of CheckServer Thread
2026-06-08 11:25:20,918 [INFO] WebApp:463 - Apply proxy settings
2026-06-08 11:25:20,921 [INFO] WebApp:548 - Chromium requires no authentication
2026-06-08 11:25:20,982 [INFO] WebApp:491 - Direct internet connection detected
2026-06-08 11:25:21,144 [INFO] WebApp:900 - Register for checkConnection events
2026-06-08 11:25:21,145 [INFO] WebApp:463 - Apply proxy settings
2026-06-08 11:25:21,146 [INFO] WebApp:548 - Chromium requires no authentication
2026-06-08 11:25:21,148 [INFO] WebApp:491 - Direct internet connection detected
2026-06-08 11:25:22,118 [INFO] WebApp:191 - Connection restablished
2026-06-08 11:25:22,842 [INFO] WebApp:225 - Starting web application
2026-06-08 11:25:22,844 [INFO] WebApp:593 - Web application path used C:\ST\STM32CubeIDE_1.19.0\STM32CubeIDE\plugins\com.st.stm32cube.common.mx_6.15.0.202507011659\db\plugins\mcufinder\reactClient1\index.html
2026-06-08 11:25:26,716 [INFO] UserAuth:487 - Internet connection configuration mode: 1
2026-06-08 12:10:53,062 [INFO] WebApp:194 - Connection lost
2026-06-08 12:11:10,072 [INFO] WebApp:191 - Connection restablished
2026-06-08 12:11:10,767 [INFO] WebApp:194 - Connection lost
2026-06-08 12:11:12,758 [INFO] WebApp:191 - Connection restablished
2026-06-08 12:12:57,920 [INFO] WebApp:194 - Connection lost
2026-06-08 12:13:19,629 [INFO] WebApp:191 - Connection restablished
2026-06-08 14:48:08,416 [INFO] WebApp:194 - Connection lost
2026-06-08 14:48:10,210 [INFO] WebApp:191 - Connection restablished
2026-06-08 14:48:10,818 [INFO] WebApp:194 - Connection lost
2026-06-08 14:48:11,261 [INFO] WebApp:191 - Connection restablished
2026-06-08 14:58:57,992 [INFO] McuFinderGlobals:63 - Set McuFinder mode to 2 (CubeIDE integrated)
2026-06-08 14:58:58,589 [INFO] MainUpdater:2872 - connection check result : 10
2026-06-08 14:58:58,632 [INFO] MainUpdater:2872 - connection check result : 10
2026-06-08 14:59:00,202 [INFO] MicroXplorer:468 - Change Database Path : 
2026-06-08 14:59:00,209 [INFO] MicroXplorer:498 - Change Database Version : DB.6.0.150
2026-06-08 14:59:00,650 [WARN] ThirdParty:871 - waiting for thirdparty lock release [close project]
2026-06-08 14:59:00,661 [INFO] ThirdParty:873 - entering critical section [close project]
2026-06-08 14:59:00,863 [INFO] ThirdParty:883 - exiting critical section [close project]
2026-06-08 14:59:01,104 [INFO] PinOutPanel:1589 - setPackage(No Configuration,No Configuration)
2026-06-08 14:59:01,535 [INFO] UtilMem:75 - Begin LoadConfig() Used Memory: 669920464 Bytes (1073741824)
2026-06-08 14:59:01,721 [INFO] MicroXplorer:468 - Change Database Path : 
2026-06-08 14:59:01,721 [INFO] MicroXplorer:498 - Change Database Version : DB.6.0.150
2026-06-08 14:59:01,755 [INFO] OpenFileManager:355 - Change cursor
2026-06-08 14:59:03,176 [WARN] IntegrityCheckThread:84 - waiting for thirdparty lock release [integrity check]
2026-06-08 14:59:03,177 [INFO] IntegrityCheckThread:86 - entering critical section [integrity check]
2026-06-08 14:59:06,111 [WARN] PackLoader:240 - Cannot read IP mode file for STMicroelectronics.X-CUBE-AZRTOS-H7.3.5.0
2026-06-08 14:59:06,170 [WARN] PackLoader:240 - Cannot read IP mode file for STMicroelectronics.FP-ATR-ASTRA1.2.0.2
2026-06-08 14:59:06,198 [ERROR] Engine:466 - C:\Users\ASUS\.stm32cubemx\thirdparties\pdsc\STMicroelectronics.X-CUBE-SMBUS.2.1.1.pdsc: PDSC version is not supported
2026-06-08 14:59:06,210 [WARN] PackLoader:240 - Cannot read IP mode file for STMicroelectronics.X-CUBE-SMBUS.2.1.0
2026-06-08 14:59:06,287 [WARN] PackLoader:240 - Cannot read IP mode file for STMicroelectronics.X-CUBE-AZRTOS-F7.1.1.0
2026-06-08 14:59:06,326 [WARN] PackLoader:240 - Cannot read IP mode file for STMicroelectronics.FP-SNS-MOTENV1.5.1.0
2026-06-08 14:59:06,429 [WARN] PackLoader:240 - Cannot read IP mode file for WES.I-CUBE-Cesium.1.4.0
2026-06-08 14:59:06,506 [WARN] PackLoader:240 - Cannot read IP mode file for STMicroelectronics.X-CUBE-AZRTOS-H7.3.4.0
2026-06-08 14:59:06,533 [WARN] PackLoader:240 - Cannot read IP mode file for STMicroelectronics.X-CUBE-DISPLAY.3.0.0
2026-06-08 14:59:06,648 [WARN] PackLoader:240 - Cannot read IP mode file for STMicroelectronics.X-CUBE-GNSS1.7.1.1
2026-06-08 14:59:06,676 [WARN] PackLoader:240 - Cannot read IP mode file for STMicroelectronics.FP-SNS-MOTENVWB1.1.5.0
2026-06-08 14:59:06,715 [WARN] PackLoader:240 - Cannot read IP mode file for STMicroelectronics.X-CUBE-NFC10.1.0.0
2026-06-08 14:59:06,744 [WARN] PackLoader:240 - Cannot read IP mode file for STMicroelectronics.X-CUBE-ST60.1.1.0
2026-06-08 14:59:06,775 [WARN] PackLoader:240 - Cannot read IP mode file for emotas.I-CUBE-CANOPEN.1.3.0
2026-06-08 14:59:06,806 [WARN] PackLoader:240 - Cannot read IP mode file for STMicroelectronics.X-CUBE-GNSS1.7.1.0
2026-06-08 14:59:06,828 [WARN] PackLoader:240 - Cannot read IP mode file for STMicroelectronics.FP-SNS-STBOX1.2.1.0
2026-06-08 14:59:06,843 [WARN] PackLoader:240 - Cannot read IP mode file for STMicroelectronics.FP-SNS-SMARTAG2.1.2.0
2026-06-08 14:59:06,863 [WARN] PackLoader:240 - Cannot read IP mode file for STMicroelectronics.FP-SNS-FLIGHT1.5.1.0
2026-06-08 14:59:07,153 [INFO] LogOutputStream:77 - [STDOUT_REDIRECT] 1 : Invalid condition id : UX_CORESTACK_Condition cause : null
2026-06-08 14:59:07,307 [INFO] LogOutputStream:77 - [STDOUT_REDIRECT] 1 : Invalid condition id : UX_CORESTACK_Condition cause : null
2026-06-08 14:59:07,313 [INFO] LogOutputStream:77 - [STDOUT_REDIRECT] 1 : Invalid condition id : UX_CORESTACK_Condition cause : null
2026-06-08 14:59:07,318 [INFO] LogOutputStream:77 - [STDOUT_REDIRECT] 1 : Invalid condition id : UX_CORESTACK_Condition cause : null
2026-06-08 14:59:07,324 [INFO] LogOutputStream:77 - [STDOUT_REDIRECT] 1 : Invalid condition id : UX_CORESTACK_Condition cause : null
2026-06-08 14:59:07,342 [WARN] PackLoader:240 - Cannot read IP mode file for STMicroelectronics.X-CUBE-AZRTOS-WL.2.0.0
2026-06-08 14:59:07,530 [WARN] PackLoader:240 - Cannot read IP mode file for STMicroelectronics.X-CUBE-AZRTOS-H7RS.1.2.0
2026-06-08 14:59:07,559 [WARN] PackLoader:240 - Cannot read IP mode file for STMicroelectronics.X-CUBE-BLE2.3.3.0
2026-06-08 14:59:07,978 [WARN] PackLoader:240 - Cannot read IP mode file for Infineon.AIROC-Wi-Fi-Bluetooth-STM32.1.8.0
2026-06-08 14:59:08,028 [WARN] PackLoader:240 - Cannot read IP mode file for STMicroelectronics.X-CUBE-NFC9.1.0.0
2026-06-08 14:59:08,073 [WARN] PackLoader:240 - Cannot read IP mode file for STMicroelectronics.X-CUBE-BLE1.7.1.0
2026-06-08 14:59:08,094 [WARN] PackLoader:240 - Cannot read IP mode file for wolfSSL.I-CUBE-wolfMQTT.1.19.2
2026-06-08 14:59:08,112 [WARN] PackLoader:240 - Cannot read IP mode file for STMicroelectronics.X-CUBE-FREERTOS.1.4.0
2026-06-08 14:59:08,129 [WARN] PackLoader:240 - Cannot read IP mode file for STMicroelectronics.X-CUBE-EEPRMA1.5.2.0
2026-06-08 14:59:08,169 [WARN] PackLoader:240 - Cannot read IP mode file for wolfSSL.I-CUBE-wolfSSL.5.8.4
2026-06-08 14:59:08,205 [WARN] PackLoader:240 - Cannot read IP mode file for Cesanta.I-CUBE-Mongoose.7.20.0
2026-06-08 14:59:08,298 [WARN] PackLoader:240 - Cannot read IP mode file for STMicroelectronics.FP-SNS-STAIOTCFT.1.1.0
2026-06-08 14:59:09,265 [WARN] PackLoader:240 - Cannot read IP mode file for STMicroelectronics.X-CUBE-MEMS1.12.0.0
2026-06-08 14:59:10,249 [WARN] PackLoader:240 - Cannot read IP mode file for STMicroelectronics.X-CUBE-AZRTOS-G0.1.1.0
2026-06-08 14:59:10,272 [WARN] PackLoader:240 - Cannot read IP mode file for STMicroelectronics.X-CUBE-NFC4.3.0.0
2026-06-08 14:59:10,297 [WARN] PackLoader:240 - Cannot read IP mode file for EmbeddedOffice.I-CUBE-FS-RTOS.1.0.1
2026-06-08 14:59:10,337 [WARN] PackLoader:240 - Cannot read IP mode file for STMicroelectronics.X-CUBE-WB05N.2.0.0
2026-06-08 14:59:10,351 [WARN] PackLoader:240 - Cannot read IP mode file for wolfSSL.I-CUBE-wolfTPM.3.8.0
2026-06-08 14:59:10,370 [WARN] PackLoader:240 - Cannot read IP mode file for STMicroelectronics.X-CUBE-TCPP.4.2.0
2026-06-08 14:59:10,391 [WARN] PackLoader:240 - Cannot read IP mode file for RealThread.X-CUBE-RT-Thread_Nano.4.1.1
2026-06-08 14:59:10,407 [WARN] PackLoader:240 - Cannot read IP mode file for STMicroelectronics.FP-ATR-SIGFOX1.3.2.0
2026-06-08 14:59:10,426 [WARN] PackLoader:240 - Cannot read IP mode file for STMicroelectronics.X-CUBE-FREERTOS.1.5.0
2026-06-08 14:59:10,451 [WARN] PackLoader:240 - Cannot read IP mode file for ITTIA_DB.I-CUBE-ITTIADB.8.9.0
2026-06-08 14:59:10,476 [WARN] PackLoader:240 - Cannot read IP mode file for STMicroelectronics.X-CUBE-NFC6.3.2.0
2026-06-08 14:59:10,500 [WARN] PackLoader:240 - Cannot read IP mode file for STMicroelectronics.X-CUBE-AI.10.2.0
2026-06-08 14:59:10,656 [WARN] PackLoader:240 - Cannot read IP mode file for STMicroelectronics.X-CUBE-MEMS1.12.1.0
2026-06-08 14:59:10,928 [WARN] PackLoader:240 - Cannot read IP mode file for SEGGER.I-CUBE-embOS.1.3.1
2026-06-08 14:59:11,057 [WARN] PackLoader:240 - Cannot read IP mode file for STMicroelectronics.X-CUBE-ALGOBUILD.1.4.0
2026-06-08 14:59:11,076 [WARN] PackLoader:240 - Cannot read IP mode file for STMicroelectronics.X-CUBE-PM33A1.1.0.0
2026-06-08 14:59:11,117 [WARN] PackLoader:240 - Cannot read IP mode file for STMicroelectronics.X-CUBE-AZRTOS-F4.1.1.0
2026-06-08 14:59:11,140 [WARN] PackLoader:240 - Cannot read IP mode file for STMicroelectronics.X-CUBE-ISPU.2.1.0
2026-06-08 14:59:11,188 [WARN] PackLoader:240 - Cannot read IP mode file for STMicroelectronics.X-CUBE-IPS.3.2.0
2026-06-08 14:59:11,230 [WARN] PackLoader:240 - Cannot read IP mode file for STMicroelectronics.eDS-WB_DPC_TT-BIDIR.2.1.1
2026-06-08 14:59:11,248 [WARN] PackLoader:240 - Cannot read IP mode file for STMicroelectronics.X-CUBE-NFC12.1.0.0
2026-06-08 14:59:11,292 [WARN] PackLoader:240 - Cannot read IP mode file for STMicroelectronics.X-CUBE-AZRTOS-L5.2.0.0
2026-06-08 14:59:11,310 [WARN] PackLoader:240 - Cannot read IP mode file for STMicroelectronics.X-CUBE-ALGOBUILD.1.5.0
2026-06-08 14:59:11,322 [WARN] PackLoader:240 - Cannot read IP mode file for STMicroelectronics.eDS-WB_DPC_VIENNA.1.2.0
2026-06-08 14:59:11,335 [WARN] PackLoader:240 - Cannot read IP mode file for STMicroelectronics.eDS-WB_DPC_3PH2L-BIDIR.1.1.1
2026-06-08 14:59:11,346 [ERROR] Engine:466 - C:\Users\ASUS\.stm32cubemx\thirdparties\pdsc\STMicroelectronics.X-CUBE-ST67W61.1.3.0.pdsc: PDSC version is not supported
2026-06-08 14:59:11,374 [WARN] PackLoader:240 - Cannot read IP mode file for STMicroelectronics.X-CUBE-TOUCHGFX.4.26.0
2026-06-08 14:59:11,384 [WARN] PackLoader:240 - Cannot read IP mode file for STMicroelectronics.X-CUBE-TOUCHGFX.4.26.1
2026-06-08 14:59:11,396 [WARN] PackLoader:240 - Cannot read IP mode file for STMicroelectronics.FP-SNS-STAIOTCFT.1.0.0
2026-06-08 14:59:11,415 [WARN] PackLoader:240 - Cannot read IP mode file for STMicroelectronics.X-CUBE-DPower.1.3.0
2026-06-08 14:59:11,480 [WARN] ConditionMgr:438 - getConditionDescription Invalid condition id : LAN8742 Phy interface Condition cause : null
2026-06-08 14:59:11,482 [WARN] PackLoader:240 - Cannot read IP mode file for STMicroelectronics.X-CUBE-AZRTOS-L4.2.0.0
2026-06-08 14:59:11,486 [WARN] ConditionMgr:1044 - genDependencies : Invalid condition id : LAN8742 Phy interface Condition cause : null
2026-06-08 14:59:11,486 [WARN] ConditionMgr:1044 - genDependencies : Invalid condition id : LAN8742 Phy interface Condition cause : null
2026-06-08 14:59:11,488 [WARN] ConditionMgr:1044 - genDependencies : Invalid condition id : LAN8742 Phy interface Condition cause : null
2026-06-08 14:59:11,516 [WARN] PackLoader:240 - Cannot read IP mode file for STMicroelectronics.X-CUBE-SFXS2LP1.4.0.0
2026-06-08 14:59:11,537 [WARN] PackLoader:240 - Cannot read IP mode file for STMicroelectronics.X-CUBE-WB05N.2.1.0
2026-06-08 14:59:11,570 [WARN] PackLoader:240 - Cannot read IP mode file for STMicroelectronics.X-CUBE-ST67W61.1.2.0
2026-06-08 14:59:11,617 [WARN] PackLoader:240 - Cannot read IP mode file for STMicroelectronics.X-CUBE-BLEMGR.4.1.0
2026-06-08 14:59:11,687 [WARN] ConditionMgr:438 - getConditionDescription Invalid condition id : UX DEVICE CLASS RTOS Condition cause : null
2026-06-08 14:59:11,688 [WARN] ConditionMgr:438 - getConditionDescription Invalid condition id : UX DEVICE CLASS RTOS Condition cause : null
2026-06-08 14:59:11,697 [WARN] PackLoader:240 - Cannot read IP mode file for STMicroelectronics.X-CUBE-AZRTOS-WB.2.0.0
2026-06-08 14:59:11,699 [WARN] ConditionMgr:1044 - genDependencies : Invalid condition id : UX DEVICE CLASS RTOS Condition cause : null
2026-06-08 14:59:11,700 [WARN] ConditionMgr:1044 - genDependencies : Invalid condition id : UX DEVICE CLASS RTOS Condition cause : null
2026-06-08 14:59:11,701 [WARN] ConditionMgr:1044 - genDependencies : Invalid condition id : UX DEVICE CLASS RTOS Condition cause : null
2026-06-08 14:59:11,703 [WARN] ConditionMgr:1044 - genDependencies : Invalid condition id : UX DEVICE CLASS RTOS Condition cause : null
2026-06-08 14:59:11,703 [WARN] ConditionMgr:1044 - genDependencies : Invalid condition id : UX DEVICE CLASS RTOS Condition cause : null
2026-06-08 14:59:11,749 [WARN] ConditionMgr:438 - getConditionDescription Invalid condition id : Cortex-A Device cause : null
2026-06-08 14:59:11,795 [WARN] ConditionMgr:1044 - genDependencies : Invalid condition id : Cortex-A Device cause : null
2026-06-08 14:59:11,795 [WARN] ConditionMgr:1044 - genDependencies : Invalid condition id : Cortex-A Device cause : null
2026-06-08 14:59:11,796 [WARN] ConditionMgr:1044 - genDependencies : Invalid condition id : Cortex-A Device cause : null
2026-06-08 14:59:11,834 [WARN] PackLoader:240 - Cannot read IP mode file for STMicroelectronics.X-CUBE-STSE01.2.0.0
2026-06-08 14:59:11,886 [WARN] PackLoader:240 - Cannot read IP mode file for STMicroelectronics.X-CUBE-SUBG2.5.0.0
2026-06-08 14:59:12,078 [WARN] PackLoader:240 - Cannot read IP mode file for STMicroelectronics.X-CUBE-AZRTOS-G4.2.0.0
2026-06-08 14:59:12,151 [WARN] PackLoader:240 - Cannot read IP mode file for wolfSSL.I-CUBE-wolfSSH.1.4.20
2026-06-08 14:59:12,188 [WARN] PackLoader:240 - Cannot read IP mode file for STMicroelectronics.X-CUBE-NFC7.2.0.0
2026-06-08 14:59:12,243 [WARN] PackLoader:240 - Cannot read IP mode file for STMicroelectronics.X-CUBE-ALS.1.0.2
2026-06-08 14:59:12,383 [WARN] PackLoader:240 - Cannot read IP mode file for STMicroelectronics.X-CUBE-TOF1.3.4.3
2026-06-08 14:59:12,518 [INFO] ThirdParty:978 - Integrity check success = true
2026-06-08 14:59:12,519 [INFO] IntegrityCheckThread:100 - exiting critical section [integrity check]
2026-06-08 14:59:12,519 [INFO] IntegrityCheckThread:103 - End integrity checks thread
2026-06-08 14:59:13,650 [INFO] Mcu:2029 - Initializing MCU STM32F207Z(C-E-F-G)Tx STM32F207ZGTx STM32F207ZGT6
2026-06-08 14:59:27,247 [INFO] Context:786 - Trying to add GPIOservice into a context  which must be forbidden
2026-06-08 14:59:30,997 [INFO] ImportTextPane:234 - (OptionalMessage_ERROR) Pin31 (VP_RIF_VS_RIF1) cannot be retrieved for this MCU
2026-06-08 14:59:31,581 [INFO] RtosManager:558 - Registered RTOS mode: class=CMSIS, group=RTOS, mode=CMSIS_V1, owner=FREERTOS
2026-06-08 14:59:31,581 [INFO] RtosManager:558 - Registered RTOS mode: class=CMSIS, group=RTOS2, mode=CMSIS_V2, owner=FREERTOS
2026-06-08 14:59:31,581 [INFO] RtosManager:558 - Registered RTOS mode: class=RTOS, group=Core, mode=CMSIS_V1, owner=FREERTOS
2026-06-08 14:59:31,582 [INFO] RtosManager:558 - Registered RTOS mode: class=RTOS, group=Core, mode=CMSIS_V2, owner=FREERTOS
2026-06-08 14:59:31,582 [WARN] ModelIntegratedComponent:184 - Missing modes for component STMicroelectronics:FreeRTOS:0.0.1:STMicroelectronics:RTOS:FreeRTOS:Core:::10.2.0:
2026-06-08 14:59:31,660 [WARN] ModelIntegratedComponent:63 - No mode defined for component null
2026-06-08 14:59:31,660 [WARN] ModelIntegratedComponent:63 - No mode defined for component null
2026-06-08 14:59:31,660 [WARN] ModelIntegratedComponent:63 - No mode defined for component null
2026-06-08 14:59:31,661 [WARN] ModelIntegratedComponent:63 - No mode defined for component null
2026-06-08 14:59:31,661 [WARN] ModelIntegratedComponent:63 - No mode defined for component null
2026-06-08 14:59:31,661 [WARN] ModelIntegratedComponent:63 - No mode defined for component null
2026-06-08 14:59:31,661 [WARN] ModelIntegratedComponent:63 - No mode defined for component null
2026-06-08 14:59:31,661 [WARN] ModelIntegratedComponent:63 - No mode defined for component null
2026-06-08 14:59:31,662 [WARN] ModelIntegratedComponent:63 - No mode defined for component null
2026-06-08 14:59:31,662 [WARN] ModelIntegratedComponent:63 - No mode defined for component null
2026-06-08 14:59:31,662 [WARN] ModelIntegratedComponent:63 - No mode defined for component null
2026-06-08 14:59:31,662 [WARN] ModelIntegratedComponent:63 - No mode defined for component null
2026-06-08 14:59:31,663 [WARN] ModelIntegratedComponent:63 - No mode defined for component null
2026-06-08 14:59:31,663 [WARN] ModelIntegratedComponent:63 - No mode defined for component null
2026-06-08 14:59:31,663 [WARN] ModelIntegratedComponent:63 - No mode defined for component null
2026-06-08 14:59:31,663 [WARN] ModelIntegratedComponent:63 - No mode defined for component null
2026-06-08 14:59:31,664 [WARN] ModelIntegratedComponent:63 - No mode defined for component null
2026-06-08 14:59:31,664 [WARN] ModelIntegratedComponent:63 - No mode defined for component null
2026-06-08 14:59:31,664 [WARN] ModelIntegratedComponent:63 - No mode defined for component null
2026-06-08 14:59:31,664 [WARN] ModelIntegratedComponent:63 - No mode defined for component null
2026-06-08 14:59:31,665 [WARN] ModelIntegratedComponent:63 - No mode defined for component null
2026-06-08 14:59:31,665 [WARN] ModelIntegratedComponent:63 - No mode defined for component null
2026-06-08 14:59:31,665 [WARN] ModelIntegratedComponent:63 - No mode defined for component null
2026-06-08 14:59:31,665 [WARN] ModelIntegratedComponent:63 - No mode defined for component null
2026-06-08 14:59:31,665 [WARN] ModelIntegratedComponent:63 - No mode defined for component null
2026-06-08 14:59:31,666 [WARN] ModelIntegratedComponent:63 - No mode defined for component null
2026-06-08 14:59:31,666 [WARN] ModelIntegratedComponent:63 - No mode defined for component null
2026-06-08 14:59:31,666 [WARN] ModelIntegratedComponent:63 - No mode defined for component null
2026-06-08 14:59:31,667 [WARN] ModelIntegratedComponent:63 - No mode defined for component null
2026-06-08 14:59:31,667 [WARN] ModelIntegratedComponent:63 - No mode defined for component null
2026-06-08 14:59:31,667 [WARN] ModelIntegratedComponent:63 - No mode defined for component null
2026-06-08 14:59:31,667 [WARN] ModelIntegratedComponent:63 - No mode defined for component null
2026-06-08 14:59:31,667 [WARN] ModelIntegratedComponent:63 - No mode defined for component null
2026-06-08 14:59:31,668 [WARN] ModelIntegratedComponent:63 - No mode defined for component null
2026-06-08 14:59:31,668 [WARN] ModelIntegratedComponent:63 - No mode defined for component null
2026-06-08 14:59:31,669 [WARN] ModelPack:524 - Component already loaded: STMicroelectronics:HAL Drivers:0.0.0:STMicroelectronics:Device:STMicro_Driver:XSPI:HAL::0.0.1:HAL_XSPI
2026-06-08 14:59:32,011 [INFO] ThirdPartyModel:298 - Start build external matchings
2026-06-08 14:59:33,195 [INFO] ThirdPartyModel:316 - End build external matchings
2026-06-08 14:59:33,280 [WARN] IP:2250 - CMSIS_VERSION not found: check if there is a RefParameter without a condition.
2026-06-08 14:59:33,313 [WARN] IP:2250 - LWIP_NETIF_HOSTNAME_NAME not found: check if there is a RefParameter without a condition.
2026-06-08 14:59:33,516 [INFO] ImportTextPane:234 - (OptionalMessage_ERROR) IP (RCC) : Invalid parameter (ADC12outputFreq_Value)
2026-06-08 14:59:33,517 [INFO] ImportTextPane:234 - (OptionalMessage_ERROR) IP (RCC) : Invalid parameter (ADC34outputFreq_Value)
2026-06-08 14:59:33,517 [INFO] ImportTextPane:234 - (OptionalMessage_ERROR) IP (RCC) : Invalid parameter (FamilyName)
2026-06-08 14:59:33,518 [INFO] ImportTextPane:234 - (OptionalMessage_ERROR) IP (RCC) : Invalid parameter (I2C1Freq_Value)
2026-06-08 14:59:33,518 [INFO] ImportTextPane:234 - (OptionalMessage_ERROR) IP (RCC) : Invalid parameter (I2C2Freq_Value)
2026-06-08 14:59:33,518 [INFO] ImportTextPane:234 - (OptionalMessage_ERROR) IP (RCC) : Invalid parameter (I2C3Freq_Value)
2026-06-08 14:59:33,519 [INFO] ImportTextPane:234 - (OptionalMessage_ERROR) IP (RCC) : Invalid parameter (MCOFreq_Value)
2026-06-08 14:59:33,520 [INFO] ImportTextPane:234 - (OptionalMessage_ERROR) IP (RCC) : Invalid parameter (PLLMCOFreq_Value)
2026-06-08 14:59:33,520 [INFO] ImportTextPane:234 - (OptionalMessage_ERROR) IP (RCC) : Invalid parameter (PLLMUL)
2026-06-08 14:59:33,521 [INFO] ImportTextPane:234 - (OptionalMessage_ERROR) IP (RCC) : Invalid parameter (PRESCALERUSB)
2026-06-08 14:59:33,522 [INFO] ImportTextPane:234 - (OptionalMessage_ERROR) IP (RCC) : Parameter (RTCHSEDivFreq_Value) has invalid value (4000000)
2026-06-08 14:59:33,523 [INFO] ImportTextPane:234 - (OptionalMessage_ERROR) IP (RCC) : Invalid parameter (SYSCLKSourceVirtual)
2026-06-08 14:59:33,523 [INFO] ImportTextPane:234 - (OptionalMessage_ERROR) IP (RCC) : Invalid parameter (TIM15Freq_Value)
2026-06-08 14:59:33,523 [INFO] ImportTextPane:234 - (OptionalMessage_ERROR) IP (RCC) : Invalid parameter (TIM16Freq_Value)
2026-06-08 14:59:33,523 [INFO] ImportTextPane:234 - (OptionalMessage_ERROR) IP (RCC) : Invalid parameter (TIM17Freq_Value)
2026-06-08 14:59:33,523 [INFO] ImportTextPane:234 - (OptionalMessage_ERROR) IP (RCC) : Invalid parameter (TIM1Freq_Value)
2026-06-08 14:59:33,524 [INFO] ImportTextPane:234 - (OptionalMessage_ERROR) IP (RCC) : Invalid parameter (TIM20Freq_Value)
2026-06-08 14:59:33,524 [INFO] ImportTextPane:234 - (OptionalMessage_ERROR) IP (RCC) : Invalid parameter (TIM2Freq_Value)
2026-06-08 14:59:33,524 [INFO] ImportTextPane:234 - (OptionalMessage_ERROR) IP (RCC) : Invalid parameter (TIM3Freq_Value)
2026-06-08 14:59:33,525 [INFO] ImportTextPane:234 - (OptionalMessage_ERROR) IP (RCC) : Invalid parameter (TIM8Freq_Value)
2026-06-08 14:59:33,525 [INFO] ImportTextPane:234 - (OptionalMessage_ERROR) IP (RCC) : Invalid parameter (UART4Freq_Value)
2026-06-08 14:59:33,525 [INFO] ImportTextPane:234 - (OptionalMessage_ERROR) IP (RCC) : Invalid parameter (UART5Freq_Value)
2026-06-08 14:59:33,525 [INFO] ImportTextPane:234 - (OptionalMessage_ERROR) IP (RCC) : Invalid parameter (USART1Freq_Value)
2026-06-08 14:59:33,525 [INFO] ImportTextPane:234 - (OptionalMessage_ERROR) IP (RCC) : Invalid parameter (USART2Freq_Value)
2026-06-08 14:59:33,525 [INFO] ImportTextPane:234 - (OptionalMessage_ERROR) IP (RCC) : Invalid parameter (USART3Freq_Value)
2026-06-08 14:59:33,526 [INFO] ImportTextPane:234 - (OptionalMessage_ERROR) IP (RCC) : Invalid parameter (USBFreq_Value)
2026-06-08 14:59:33,526 [INFO] ImportTextPane:234 - (OptionalMessage_ERROR) IP (RCC) : Invalid parameter (VCOOutput2Freq_Value)
2026-06-08 14:59:33,533 [WARN] IP:2250 - lpm_enable not found: check if there is a RefParameter without a condition.
2026-06-08 14:59:35,730 [INFO] ApiDb:581 - Connected to CubeFinder SQLite database (C:\Users\ASUS\.stmcufinder\plugins\mcufinder\mcu\cube-finder-db.db)
2026-06-08 14:59:36,213 [INFO] ApiDb:668 - CubeFinder database Data Model version=2.1
2026-06-08 14:59:36,213 [INFO] ApiDb:669 - CubeFinder database Configuration version=3.0.42
2026-06-08 14:59:36,216 [INFO] ApiDb:670 - CubeFinder database generation date=2026-05-14 (1778746352)
2026-06-08 14:59:36,216 [INFO] ApiDb:671 - CubeFinder database FW Pack versions=[FP-ATR-ASTRA1_V2.0.0, FP-SNS-FLIGHT1_V5.1.0, FP-SNS-MOTENV1_V5.1.0, FP-SNS-MOTENVWB1_V1.5.0, FP-SNS-SMARTAG2_V1.2.0, FP-SNS-STBOX1_V2.1.0, STM32Cube_FW_C0_V1.4.0, STM32Cube_FW_F4_V1.28.3, STM32Cube_FW_F7_V1.17.4, STM32Cube_FW_G0_V1.6.3, STM32Cube_FW_G4_V1.6.2, STM32Cube_FW_H5_V1.6.0, STM32Cube_FW_H7RS_V1.3.0, STM32Cube_FW_H7_V1.13.0, STM32Cube_FW_L0_V1.12.2, STM32Cube_FW_L4_V1.18.2, STM32Cube_FW_L5_V1.6.0, STM32Cube_FW_N6_V1.3.0, STM32Cube_FW_U0_V1.3.0, STM32Cube_FW_U3_V1.3.0, STM32Cube_FW_U5_V1.8.0, STM32Cube_FW_WB0_V1.4.0, STM32Cube_FW_WBA_V1.9.0, STM32Cube_FW_WB_V1.24.0, STM32Cube_FW_WL3_V1.4.0, STM32Cube_FW_WL_V1.5.0, X-CUBE-ALGOBUILD_V1.4.0, X-CUBE-ALS_V1.0.2, X-CUBE-AZRTOS-F4_V1.1.0, X-CUBE-AZRTOS-F7_V1.1.0, X-CUBE-AZRTOS-G0_V1.1.0, X-CUBE-AZRTOS-G4_V2.0.0, X-CUBE-AZRTOS-H7RS_V1.1.0, X-CUBE-AZRTOS-H7_V3.5.0, X-CUBE-AZRTOS-L4_V2.0.0, X-CUBE-AZRTOS-L5_V2.0.0, X-CUBE-AZRTOS-WB_V2.0.0, X-CUBE-AZRTOS-WL_V2.0.0, X-CUBE-BLE1_V7.1.0, X-CUBE-BLE2_V3.3.0, X-CUBE-BLEMGR_V4.1.0, X-CUBE-EEPRMA1_V5.2.0, X-CUBE-FREERTOS_V1.5.0, X-CUBE-GNSS1_V7.1.1, X-CUBE-MEMS1_V12.1.0, X-CUBE-NFC4_V3.0.0, X-CUBE-NFC7_V2.0.0, X-CUBE-SFXS2LP1_V4.0.0, X-CUBE-ST67W61_V1.3.0, X-CUBE-SUBG2_V5.0.0, X-CUBE-TOF1_V3.4.3]
2026-06-08 14:59:36,541 [INFO] DbBoardsSqlite:226 - include board P-NUCLEO-WB55-NUCLEO as a kit item of type 'Nucleo-64'
2026-06-08 14:59:36,542 [INFO] DbBoardsSqlite:226 - include board P-NUCLEO-WB55-USBDONGLE as a kit item of type 'Nucleo USB Dongle'
2026-06-08 14:59:36,545 [INFO] DbBoardsSqlite:226 - include board STEVAL-IDP005V1 as a kit item of type 'Evaluation Board'
2026-06-08 14:59:36,546 [INFO] DbBoardsSqlite:226 - include board STEVAL-IDP005V2 as a kit item of type 'Evaluation Board'
2026-06-08 14:59:38,098 [INFO] ApiDb:240 - Found 880 in-development CPN: [B-G473E-ZEST1S, B-WB1M-WPAN1, B-WBA5M-WPAN, B-WL5M-SUBG1, NUCLEO-C031C6, NUCLEO-C051C8, NUCLEO-C071RB, NUCLEO-C092RC, NUCLEO-H503RB, NUCLEO-H533RE, NUCLEO-H563ZI, NUCLEO-H7S3L8, NUCLEO-N657X0-Q, NUCLEO-U031R8, NUCLEO-U083RC, NUCLEO-U385RG-Q, NUCLEO-U545RE-Q, NUCLEO-U5A5ZJ-Q, NUCLEO-WB05KZ, NUCLEO-WB07CC, NUCLEO-WB09KE, NUCLEO-WBA52CG, NUCLEO-WBA55CG, NUCLEO-WL33CC1, NUCLEO-WL33CC2, STEVAL-PROTEUS1, STEVAL-SMARTAG2, STEVAL-STWINBX1, STM320518-EVAL, STM32C0116-DK, STM32C011D6Y3TR, STM32C011D6Y6TR, STM32C011F4P3, STM32C011F4P6, STM32C011F4U3, STM32C011F4U6TR, STM32C011F6P3, STM32C011F6P6, STM32C011F6U3, STM32C011F6U6TR, STM32C011J4M3, STM32C011J4M6, STM32C011J6M3, STM32C011J6M6, STM32C0316-DK, STM32C031C4T3, STM32C031C4T6, STM32C031C4U3, STM32C031C4U6, STM32C031C6T3, STM32C031C6T6, STM32C031C6U3, STM32C031C6U6, STM32C031F4P3, STM32C031F4P6, STM32C031F6P3, STM32C031F6P6, STM32C031G4U3, STM32C031G4U6, STM32C031G6U3, STM32C031G6U6, STM32C031K4T3, STM32C031K4T6, STM32C031K4U3, STM32C031K4U6, STM32C031K6T3, STM32C031K6T6, STM32C031K6U3, STM32C031K6U6, STM32C051C6T6, STM32C051C6U6, STM32C051C8T6, STM32C051C8U6, STM32C051D8Y6TR, STM32C051F6P6, STM32C051F8P6, STM32C051G6U6, STM32C051G8U6, STM32C051K6T6, STM32C051K6U6, STM32C051K8T6, STM32C071C8T6, STM32C071C8T6N, STM32C071C8U6, STM32C071C8U6N, STM32C071CBT6, STM32C071CBT6N, STM32C071CBU6, STM32C071CBU6N, STM32C071F8P6, STM32C071F8P6N, STM32C071FBP6, STM32C071FBP6N, STM32C071FBY6TR, STM32C071G8U6, STM32C071G8U6N, STM32C071GBU6, STM32C071GBU6N, STM32C071K8T6, STM32C071K8T6N, STM32C071K8U6, STM32C071K8U6N, STM32C071KBT6, STM32C071KBT6N, STM32C071KBU6, STM32C071KBU6N, STM32C071R8T6, STM32C071R8T6N, STM32C071RBI6N, STM32C071RBT6, STM32C071RBT6N, STM32C091CBT6, STM32C091CBU6, STM32C091CCT6, STM32C091CCU6, STM32C091ECY6TR, STM32C091FBP6, STM32C091FCP6, STM32C091GBU6, STM32C091GCU6, STM32C091KBT6, STM32C091KBU6, STM32C091KCT6, STM32C091KCU6, STM32C091RBT6, STM32C091RCI6, STM32C091RCT6, STM32C092CBT6, STM32C092CBU6, STM32C092CCT6, STM32C092CCU6, STM32C092ECY6TR, STM32C092FBP6, STM32C092FCP6, STM32C092GBU6, STM32C092GCU6, STM32C092KBT6, STM32C092KBU6, STM32C092KCT6, STM32C092KCU6, STM32C092RBT6, STM32C092RCI6, STM32C092RCT6, STM32G071K8TXN, STM32G071K8UXN, STM32G081GBU6N, STM32G081KBT6N, STM32G081KBUXN, STM32G0B1CCT6N, STM32G0B1KCT6, STM32G0B1NEY6TR, STM32G0B1RCT6N, STM32G0C1CCT6, STM32G0C1CCT6N, STM32G0C1CCU6N, STM32G0C1CET6N, STM32G0C1CEU6N, STM32G0C1KCT6, STM32G0C1NEY6TR, STM32G0C1RCI6N, STM32G0C1RCT6N, STM32G0C1REI6N, STM32G0C1RET6N, STM32G0C1VCI6, STM32G0C1VEI6, STM32G411C6T3, STM32G411C6T6, STM32G411C6U3, STM32G411C6U6, STM32G411C8T3, STM32G411C8T6, STM32G411C8U3, STM32G411C8U6, STM32G411CBT3, STM32G411CBT6, STM32G411CBU3, STM32G411CBU6, STM32G411K6T3, STM32G411K6T6, STM32G411K6U3, STM32G411K6U6, STM32G411K8T3, STM32G411K8T6, STM32G411K8U3, STM32G411K8U6, STM32G411KBT3, STM32G411KBT6, STM32G411KBU3, STM32G411KBU6, STM32G411M6T3, STM32G411M6T6, STM32G411M8T3, STM32G411M8T6, STM32G411MBT3, STM32G411MBT6, STM32G411R6T3, STM32G411R6T6, STM32G411R8T3, STM32G411R8T6, STM32G411RBT3, STM32G411RBT6, STM32G414CBT3, STM32G414CBT6, STM32G414CBU3, STM32G414CBU6, STM32G414CCT3, STM32G414CCT6, STM32G414CCU3, STM32G414CCU6, STM32G414MBT3, STM32G414MBT6, STM32G414MCT3, STM32G414MCT6, STM32G414RBT3, STM32G414RBT6, STM32G414RCT3, STM32G414RCT6, STM32G414VBT3, STM32G414VBT6, STM32G414VCT3, STM32G414VCT6, STM32G431CBT3Z, STM32G431RBT3Z, STM32G471CCT6, STM32G471CCU6, STM32G471CET3, STM32G471CET6, STM32G471CEU3, STM32G471CEU6, STM32G471MCT6, STM32G471MET3, STM32G471MET6, STM32G471MEY6TR, STM32G471QCT6, STM32G471QET3, STM32G471RCT6, STM32G471RET3, STM32G471RET6, STM32G471VCH6, STM32G471VCI6, STM32G471VCT6, STM32G471VEH3, STM32G471VEH6, STM32G471VEI3, STM32G471VEI6, STM32G471VET3, STM32G471VET6, STM32G473QET3Z, STM32G473RET3Z, STM32G474CCT6, STM32G491RET3Z, STM32H503CBT6, STM32H503CBU6, STM32H503EBY6TR, STM32H503KBU6, STM32H503RBT6, STM32H523CCT6, STM32H523CCU6, STM32H523CET6, STM32H523CEU6, STM32H523HEY6TR, STM32H523RCT6, STM32H523RET6, STM32H523VCI6, STM32H523VCT6, STM32H523VEI6, STM32H523VET6, STM32H523ZCJ6, STM32H523ZCT6, STM32H523ZEJ6, STM32H523ZET6, STM32H533CET6, STM32H533CEU6, STM32H533HEY6TR, STM32H533RET6, STM32H533VEI6, STM32H533VET6, STM32H533ZEJ6, STM32H533ZET6, STM32H562AGI6, STM32H562AII6, STM32H562IGK6, STM32H562IGT6, STM32H562IIK6, STM32H562IIT6, STM32H562RGT6, STM32H562RGV6, STM32H562RIT6, STM32H562RIV6, STM32H562VGT6, STM32H562VIT6, STM32H562ZGT6, STM32H562ZIT6, STM32H563AGI6, STM32H563AII3Q, STM32H563AII6, STM32H563IGK6, STM32H563IGT6, STM32H563IIK3Q, STM32H563IIK6, STM32H563IIT3Q, STM32H563IIT6, STM32H563MIY3QTR, STM32H563RGT6, STM32H563RGV6, STM32H563RIT6, STM32H563RIV6, STM32H563VGT6, STM32H563VIT3Q, STM32H563VIT6, STM32H563ZGT6, STM32H563ZIT3Q, STM32H563ZIT6, STM32H573AII3Q, STM32H573AII6, STM32H573I-DK, STM32H573IIK3Q, STM32H573IIK6, STM32H573IIT3Q, STM32H573IIT6, STM32H573MIY3QTR, STM32H573RIT6, STM32H573RIV6, STM32H573VIT3Q, STM32H573VIT6, STM32H573ZIT3Q, STM32H573ZIT6, STM32H7R3A8I6, STM32H7R3I8K6, STM32H7R3I8T6, STM32H7R3L8H6, STM32H7R3L8H6H, STM32H7R3R8V6, STM32H7R3V8H6, STM32H7R3V8T6, STM32H7R3V8Y6TR, STM32H7R3Z8J6, STM32H7R3Z8T6, STM32H7R7A8I6, STM32H7R7I8K6, STM32H7R7I8T6, STM32H7R7L8H6, STM32H7R7L8H6H, STM32H7R7Z8J6, STM32H7S3A8I6, STM32H7S3I8K6, STM32H7S3I8T6, STM32H7S3L8H6, STM32H7S3L8H6H, STM32H7S3R8V6, STM32H7S3V8H6, STM32H7S3V8T6, STM32H7S3V8Y6TR, STM32H7S3Z8J6, STM32H7S3Z8T6, STM32H7S78-DK, STM32H7S7A8I6, STM32H7S7I8K6, STM32H7S7I8T6, STM32H7S7L8H6, STM32H7S7L8H6H, STM32H7S7Z8J6, STM32L4R5QGI6STR, STM32MP131AAE3, STM32MP131AAF3, STM32MP131AAG3, STM32MP131CAE3, STM32MP131CAF3, STM32MP131CAG3, STM32MP131DAE7, STM32MP131DAF7, STM32MP131DAG7, STM32MP131FAE7, STM32MP131FAF7, STM32MP131FAG7, STM32MP133AAE3, STM32MP133AAF3, STM32MP133AAG3, STM32MP133CAE3, STM32MP133CAF3, STM32MP133CAG3, STM32MP133DAE7, STM32MP133DAF7, STM32MP133DAG7, STM32MP133FAE7, STM32MP133FAF7, STM32MP133FAG7, STM32MP135AAE3, STM32MP135AAF3, STM32MP135AAG3, STM32MP135CAE3, STM32MP135CAF3, STM32MP135CAG3, STM32MP135DAE7, STM32MP135DAF7, STM32MP135DAG7, STM32MP135F-DK, STM32MP135FAE7, STM32MP135FAF7, STM32MP135FAF7T, STM32MP135FAF7U, STM32MP135FAG7, STM32MP211AAL3, STM32MP211AAM3, STM32MP211AAN3, STM32MP211AAO3, STM32MP211CAL3, STM32MP211CAM3, STM32MP211CAN3, STM32MP211CAO3, STM32MP211DAL3, STM32MP211DAM3, STM32MP211DAN3, STM32MP211DAO3, STM32MP211FAL3, STM32MP211FAM3, STM32MP211FAN3, STM32MP211FAO3, STM32MP213AAL3, STM32MP213AAM3, STM32MP213AAN3, STM32MP213AAO3, STM32MP213CAL3, STM32MP213CAM3, STM32MP213CAN3, STM32MP213CAO3, STM32MP213DAL3, STM32MP213DAM3, STM32MP213DAN3, STM32MP213DAO3, STM32MP213FAL3, STM32MP213FAM3, STM32MP213FAN3, STM32MP213FAO3, STM32MP215AAL3, STM32MP215AAM3, STM32MP215AAN3, STM32MP215AAO3, STM32MP215CAL3, STM32MP215CAM3, STM32MP215CAN3, STM32MP215CAO3, STM32MP215DAL3, STM32MP215DAM3, STM32MP215DAN3, STM32MP215DAO3, STM32MP215F-DK, STM32MP215FAL3, STM32MP215FAM3, STM32MP215FAN3, STM32MP215FAO3, STM32MP231AAJ3, STM32MP231AAK3, STM32MP231AAL3, STM32MP231CAJ3, STM32MP231CAK3, STM32MP231CAL3, STM32MP231DAJ3, STM32MP231DAK3, STM32MP231DAL3, STM32MP231FAJ3, STM32MP231FAK3, STM32MP231FAL3, STM32MP233AAJ3, STM32MP233AAK3, STM32MP233AAL3, STM32MP233CAJ3, STM32MP233CAK3, STM32MP233CAL3, STM32MP233DAJ3, STM32MP233DAK3, STM32MP233DAL3, STM32MP233FAJ3, STM32MP233FAK3, STM32MP233FAL3, STM32MP235AAJ3, STM32MP235AAK3, STM32MP235AAL3, STM32MP235CAJ3, STM32MP235CAK3, STM32MP235CAL3, STM32MP235DAJ3, STM32MP235DAK3, STM32MP235DAL3, STM32MP235FAJ3, STM32MP235FAK3, STM32MP235FAL3, STM32MP251AAI3, STM32MP251AAK3, STM32MP251AAL3, STM32MP251CAI3, STM32MP251CAK3, STM32MP251CAL3, STM32MP251DAI3, STM32MP251DAK3, STM32MP251DAL3, STM32MP251FAI3, STM32MP251FAK3, STM32MP251FAL3, STM32MP253AAI3, STM32MP253AAK3, STM32MP253AAL3, STM32MP253CAI3, STM32MP253CAK3, STM32MP253CAL3, STM32MP253DAI3, STM32MP253DAK3, STM32MP253DAL3, STM32MP253FAI3, STM32MP253FAK3, STM32MP253FAL3, STM32MP255AAI3, STM32MP255AAK3, STM32MP255AAL3, STM32MP255CAI3, STM32MP255CAK3, STM32MP255CAL3, STM32MP255DAI3, STM32MP255DAK3, STM32MP255DAL3, STM32MP255FAI3, STM32MP255FAK3, STM32MP255FAL3, STM32MP257AAI3, STM32MP257AAK3, STM32MP257AAL3, STM32MP257CAI3, STM32MP257CAK3, STM32MP257CAL3, STM32MP257DAI3, STM32MP257DAK3, STM32MP257DAL3, STM32MP257F-DK, STM32MP257F-EV1, STM32MP257FAI3, STM32MP257FAK3, STM32MP257FAL3, STM32N645A0H3Q, STM32N645B0H3Q, STM32N645I0H3Q, STM32N645L0H3Q, STM32N645X0H3Q, STM32N645Z0H3Q, STM32N647A0H3Q, STM32N647B0H3Q, STM32N647I0H3Q, STM32N647L0H3Q, STM32N647X0H3Q, STM32N647Z0H3Q, STM32N655A0H3Q, STM32N655B0H3Q, STM32N655I0H3Q, STM32N655L0H3Q, STM32N655X0H3Q, STM32N655Z0H3Q, STM32N6570-DK, STM32N657A0H3Q, STM32N657B0H3Q, STM32N657I0H3Q, STM32N657L0H3Q, STM32N657X0H3Q, STM32N657Z0H3Q, STM32U031C6T6, STM32U031C6U6, STM32U031C8T6, STM32U031C8U6, STM32U031F4P6, STM32U031F6P6, STM32U031F8P6, STM32U031G6Y6TR, STM32U031G8Y6TR, STM32U031K4U6, STM32U031K6U6, STM32U031K8U6, STM32U031R6I6, STM32U031R6T6, STM32U031R8I6, STM32U031R8T6, STM32U073C8T6, STM32U073C8U6, STM32U073CBT6, STM32U073CBU6, STM32U073CCT6, STM32U073CCU6, STM32U073H8Y6TR, STM32U073HBY6TR, STM32U073HCY6TR, STM32U073K8U6, STM32U073KBU6, STM32U073KCU6, STM32U073M8I6, STM32U073M8T6, STM32U073MBI6, STM32U073MBT6, STM32U073MCI6, STM32U073MCT6, STM32U073R8I6, STM32U073R8T6, STM32U073RBI6, STM32U073RBT6, STM32U073RCI6, STM32U073RCT6, STM32U083C-DK, STM32U083CCT6, STM32U083CCU6, STM32U083HCY6TR, STM32U083KCU6, STM32U083MCI6, STM32U083MCT6, STM32U083RCI6, STM32U083RCT6, STM32U375CET6, STM32U375CET6Q, STM32U375CEU6, STM32U375CEU6Q, STM32U375CEY6QTR, STM32U375CGT6, STM32U375CGT6Q, STM32U375CGU6, STM32U375CGU6Q, STM32U375CGY6QTR, STM32U375KEU6, STM32U375KGU6, STM32U375REI6, STM32U375REI6Q, STM32U375RET6, STM32U375RET6Q, STM32U375REY6GTR, STM32U375REY6QTR, STM32U375RGI6, STM32U375RGI6Q, STM32U375RGT6, STM32U375RGT6Q, STM32U375RGY6GTR, STM32U375RGY6QTR, STM32U375VEI6, STM32U375VEI6Q, STM32U375VET6, STM32U375VET6Q, STM32U375VGI6, STM32U375VGI6Q, STM32U375VGT6, STM32U375VGT6Q, STM32U385CGT6, STM32U385CGT6Q, STM32U385CGU6, STM32U385CGU6Q, STM32U385CGY6QTR, STM32U385KGU6, STM32U385RGI6, STM32U385RGI6Q, STM32U385RGT6, STM32U385RGT6Q, STM32U385RGY6GTR, STM32U385RGY6QTR, STM32U385VGI6, STM32U385VGI6Q, STM32U385VGT6, STM32U385VGT6Q, STM32U535CBT6, STM32U535CBT6Q, STM32U535CBU6, STM32U535CBU6Q, STM32U535CCT6, STM32U535CCT6Q, STM32U535CCU6, STM32U535CCU6Q, STM32U535CET6, STM32U535CET6Q, STM32U535CEU6, STM32U535CEU6Q, STM32U535JEY6QTR, STM32U535NCY6QTR, STM32U535NEY6QTR, STM32U535RBI6, STM32U535RBI6Q, STM32U535RBT6, STM32U535RBT6Q, STM32U535RCI6, STM32U535RCI6Q, STM32U535RCT6, STM32U535RCT6Q, STM32U535REI6, STM32U535REI6Q, STM32U535RET6, STM32U535RET6Q, STM32U535VCI6, STM32U535VCI6Q, STM32U535VCT6, STM32U535VCT6Q, STM32U535VEI6, STM32U535VEI6Q, STM32U535VET6, STM32U535VET6Q, STM32U545CET6, STM32U545CET6Q, STM32U545CEU6, STM32U545CEU6Q, STM32U545JEY6QTR, STM32U545NEY6QTR, STM32U545REI6, STM32U545REI6Q, STM32U545RET6, STM32U545RET6Q, STM32U545VEI6, STM32U545VEI6Q, STM32U545VET6, STM32U545VET6Q, STM32U595AIH6, STM32U595AIH6Q, STM32U595AJH6, STM32U595AJH6Q, STM32U595QII6, STM32U595QII6Q, STM32U595QJI6, STM32U595QJI6Q, STM32U595RIT6, STM32U595RIT6Q, STM32U595RJT6, STM32U595RJT6Q, STM32U595VIT6, STM32U595VIT6Q, STM32U595VJT6, STM32U595VJT6Q, STM32U595ZIT6, STM32U595ZIT6Q, STM32U595ZIY6QTR, STM32U595ZJT6, STM32U595ZJT6Q, STM32U595ZJY6QTR, STM32U599BJY6QTR, STM32U599NIH6Q, STM32U599NJH6Q, STM32U599VIT6Q, STM32U599VJT6, STM32U599VJT6Q, STM32U599ZIT6Q, STM32U599ZIY6QTR, STM32U599ZJT6Q, STM32U599ZJY6QTR, STM32U5A5AJH6, STM32U5A5AJH6Q, STM32U5A5QII3Q , STM32U5A5QJI6, STM32U5A5QJI6Q, STM32U5A5RJT6, STM32U5A5RJT6Q, STM32U5A5VJT6, STM32U5A5VJT6Q, STM32U5A5ZJT6, STM32U5A5ZJT6Q, STM32U5A5ZJY6QTR, STM32U5A9BJY6QTR, STM32U5A9J-DK, STM32U5A9NJH6Q, STM32U5A9VJT6Q, STM32U5A9ZJT6Q, STM32U5A9ZJY6QTR, STM32U5F7VIT6, STM32U5F7VIT6Q, STM32U5F7VJT6, STM32U5F7VJT6Q, STM32U5F9BJY6QTR, STM32U5F9NJH6Q, STM32U5F9VIT6Q, STM32U5F9VJT6Q, STM32U5F9ZIJ6QTR, STM32U5F9ZIT6Q, STM32U5F9ZJJ6QTR, STM32U5F9ZJT6Q, STM32U5G7VJT6, STM32U5G7VJT6Q, STM32U5G9BJY6QTR, STM32U5G9J-DK1, STM32U5G9J-DK2, STM32U5G9NJH6Q, STM32U5G9VJT6Q, STM32U5G9ZJJ6QTR, STM32U5G9ZJT6Q, STM32WB05KZV6TR, STM32WB05KZV7TR, STM32WB05TZF6TR, STM32WB05TZF7TR, STM32WB06CCF6TR, STM32WB06CCF7TR, STM32WB06CCV6TR, STM32WB06CCV7TR, STM32WB06KCV6TR, STM32WB06KCV7TR, STM32WB07CCF6TR, STM32WB07CCF7TR, STM32WB07CCV6TR, STM32WB07CCV7TR, STM32WB07KCV6TR, STM32WB07KCV7TR, STM32WB09KEV6TR, STM32WB09KEV7TR, STM32WB09TEF6TR, STM32WB09TEF7TR, STM32WB1MMCH6, STM32WBA50KGU6, STM32WBA50KGU6TR, STM32WBA52CEU6, STM32WBA52CEU6TR, STM32WBA52CEU7, STM32WBA52CEU7TR, STM32WBA52CGU6, STM32WBA52CGU6TR, STM32WBA52CGU6U, STM32WBA52CGU7, STM32WBA52CGU7TR, STM32WBA52KEU6, STM32WBA52KEU6TR, STM32WBA52KGU6, STM32WBA52KGU6TR, STM32WBA54CEU6, STM32WBA54CEU6TR, STM32WBA54CEU7, STM32WBA54CEU7TR, STM32WBA54CGU6, STM32WBA54CGU6TR, STM32WBA54CGU7, STM32WBA54CGU7TR, STM32WBA54KEU6, STM32WBA54KEU6TR, STM32WBA54KEU7, STM32WBA54KEU7TR, STM32WBA54KGU6, STM32WBA54KGU6TR, STM32WBA54KGU7, STM32WBA54KGU7TR, STM32WBA55CEU6, STM32WBA55CEU6TR, STM32WBA55CEU7, STM32WBA55CEU7TR, STM32WBA55CGU6, STM32WBA55CGU6TR, STM32WBA55CGU6U, STM32WBA55CGU7, STM32WBA55CGU7TR, STM32WBA55G-DK1, STM32WBA55HEF6, STM32WBA55HEF7, STM32WBA55HGF6, STM32WBA55HGF7, STM32WBA55UEI6, STM32WBA55UEI6TR, STM32WBA55UEI7, STM32WBA55UEI7TR, STM32WBA55UGI6, STM32WBA55UGI6TR, STM32WBA55UGI7, STM32WBA55UGI7TR, STM32WBA5MMGH6TR, STM32WBA62MGF6, STM32WBA62MIF6, STM32WBA65MGF7, STM32WBA65MIF6, STM32WBA65MIF7, STM32WL30K8V6, STM32WL30KBV6, STM32WL31C8V6, STM32WL31CBV6, STM32WL31K8V6, STM32WL31KBV6, STM32WL33C8V6, STM32WL33C8V6X, STM32WL33CBV6, STM32WL33CBV6X, STM32WL33CCV6, STM32WL33CCV6A, STM32WL33CCV6X, STM32WL33K8V7, STM32WL33K8V7X, STM32WL33KBV7 , STM32WL33KBV7X, STM32WL33KCV7, STM32WL33KCV7X, STM32WL5MOCH6, STM32WL5MOCH6TR]
2026-06-08 14:59:38,111 [INFO] ApiDb:668 - CubeFinder database Data Model version=2.1
2026-06-08 14:59:38,111 [INFO] ApiDb:669 - CubeFinder database Configuration version=3.0.42
2026-06-08 14:59:38,111 [INFO] ApiDb:670 - CubeFinder database generation date=2026-05-14 (1778746352)
2026-06-08 14:59:38,112 [INFO] ApiDb:671 - CubeFinder database FW Pack versions=[FP-ATR-ASTRA1_V2.0.0, FP-SNS-FLIGHT1_V5.1.0, FP-SNS-MOTENV1_V5.1.0, FP-SNS-MOTENVWB1_V1.5.0, FP-SNS-SMARTAG2_V1.2.0, FP-SNS-STBOX1_V2.1.0, STM32Cube_FW_C0_V1.4.0, STM32Cube_FW_F4_V1.28.3, STM32Cube_FW_F7_V1.17.4, STM32Cube_FW_G0_V1.6.3, STM32Cube_FW_G4_V1.6.2, STM32Cube_FW_H5_V1.6.0, STM32Cube_FW_H7RS_V1.3.0, STM32Cube_FW_H7_V1.13.0, STM32Cube_FW_L0_V1.12.2, STM32Cube_FW_L4_V1.18.2, STM32Cube_FW_L5_V1.6.0, STM32Cube_FW_N6_V1.3.0, STM32Cube_FW_U0_V1.3.0, STM32Cube_FW_U3_V1.3.0, STM32Cube_FW_U5_V1.8.0, STM32Cube_FW_WB0_V1.4.0, STM32Cube_FW_WBA_V1.9.0, STM32Cube_FW_WB_V1.24.0, STM32Cube_FW_WL3_V1.4.0, STM32Cube_FW_WL_V1.5.0, X-CUBE-ALGOBUILD_V1.4.0, X-CUBE-ALS_V1.0.2, X-CUBE-AZRTOS-F4_V1.1.0, X-CUBE-AZRTOS-F7_V1.1.0, X-CUBE-AZRTOS-G0_V1.1.0, X-CUBE-AZRTOS-G4_V2.0.0, X-CUBE-AZRTOS-H7RS_V1.1.0, X-CUBE-AZRTOS-H7_V3.5.0, X-CUBE-AZRTOS-L4_V2.0.0, X-CUBE-AZRTOS-L5_V2.0.0, X-CUBE-AZRTOS-WB_V2.0.0, X-CUBE-AZRTOS-WL_V2.0.0, X-CUBE-BLE1_V7.1.0, X-CUBE-BLE2_V3.3.0, X-CUBE-BLEMGR_V4.1.0, X-CUBE-EEPRMA1_V5.2.0, X-CUBE-FREERTOS_V1.5.0, X-CUBE-GNSS1_V7.1.1, X-CUBE-MEMS1_V12.1.0, X-CUBE-NFC4_V3.0.0, X-CUBE-NFC7_V2.0.0, X-CUBE-SFXS2LP1_V4.0.0, X-CUBE-ST67W61_V1.3.0, X-CUBE-SUBG2_V5.0.0, X-CUBE-TOF1_V3.4.3]
2026-06-08 14:59:43,742 [INFO] ApiDb:240 - Found 880 in-development CPN: [B-G473E-ZEST1S, B-WB1M-WPAN1, B-WBA5M-WPAN, B-WL5M-SUBG1, NUCLEO-C031C6, NUCLEO-C051C8, NUCLEO-C071RB, NUCLEO-C092RC, NUCLEO-H503RB, NUCLEO-H533RE, NUCLEO-H563ZI, NUCLEO-H7S3L8, NUCLEO-N657X0-Q, NUCLEO-U031R8, NUCLEO-U083RC, NUCLEO-U385RG-Q, NUCLEO-U545RE-Q, NUCLEO-U5A5ZJ-Q, NUCLEO-WB05KZ, NUCLEO-WB07CC, NUCLEO-WB09KE, NUCLEO-WBA52CG, NUCLEO-WBA55CG, NUCLEO-WL33CC1, NUCLEO-WL33CC2, STEVAL-PROTEUS1, STEVAL-SMARTAG2, STEVAL-STWINBX1, STM320518-EVAL, STM32C0116-DK, STM32C011D6Y3TR, STM32C011D6Y6TR, STM32C011F4P3, STM32C011F4P6, STM32C011F4U3, STM32C011F4U6TR, STM32C011F6P3, STM32C011F6P6, STM32C011F6U3, STM32C011F6U6TR, STM32C011J4M3, STM32C011J4M6, STM32C011J6M3, STM32C011J6M6, STM32C0316-DK, STM32C031C4T3, STM32C031C4T6, STM32C031C4U3, STM32C031C4U6, STM32C031C6T3, STM32C031C6T6, STM32C031C6U3, STM32C031C6U6, STM32C031F4P3, STM32C031F4P6, STM32C031F6P3, STM32C031F6P6, STM32C031G4U3, STM32C031G4U6, STM32C031G6U3, STM32C031G6U6, STM32C031K4T3, STM32C031K4T6, STM32C031K4U3, STM32C031K4U6, STM32C031K6T3, STM32C031K6T6, STM32C031K6U3, STM32C031K6U6, STM32C051C6T6, STM32C051C6U6, STM32C051C8T6, STM32C051C8U6, STM32C051D8Y6TR, STM32C051F6P6, STM32C051F8P6, STM32C051G6U6, STM32C051G8U6, STM32C051K6T6, STM32C051K6U6, STM32C051K8T6, STM32C071C8T6, STM32C071C8T6N, STM32C071C8U6, STM32C071C8U6N, STM32C071CBT6, STM32C071CBT6N, STM32C071CBU6, STM32C071CBU6N, STM32C071F8P6, STM32C071F8P6N, STM32C071FBP6, STM32C071FBP6N, STM32C071FBY6TR, STM32C071G8U6, STM32C071G8U6N, STM32C071GBU6, STM32C071GBU6N, STM32C071K8T6, STM32C071K8T6N, STM32C071K8U6, STM32C071K8U6N, STM32C071KBT6, STM32C071KBT6N, STM32C071KBU6, STM32C071KBU6N, STM32C071R8T6, STM32C071R8T6N, STM32C071RBI6N, STM32C071RBT6, STM32C071RBT6N, STM32C091CBT6, STM32C091CBU6, STM32C091CCT6, STM32C091CCU6, STM32C091ECY6TR, STM32C091FBP6, STM32C091FCP6, STM32C091GBU6, STM32C091GCU6, STM32C091KBT6, STM32C091KBU6, STM32C091KCT6, STM32C091KCU6, STM32C091RBT6, STM32C091RCI6, STM32C091RCT6, STM32C092CBT6, STM32C092CBU6, STM32C092CCT6, STM32C092CCU6, STM32C092ECY6TR, STM32C092FBP6, STM32C092FCP6, STM32C092GBU6, STM32C092GCU6, STM32C092KBT6, STM32C092KBU6, STM32C092KCT6, STM32C092KCU6, STM32C092RBT6, STM32C092RCI6, STM32C092RCT6, STM32G071K8TXN, STM32G071K8UXN, STM32G081GBU6N, STM32G081KBT6N, STM32G081KBUXN, STM32G0B1CCT6N, STM32G0B1KCT6, STM32G0B1NEY6TR, STM32G0B1RCT6N, STM32G0C1CCT6, STM32G0C1CCT6N, STM32G0C1CCU6N, STM32G0C1CET6N, STM32G0C1CEU6N, STM32G0C1KCT6, STM32G0C1NEY6TR, STM32G0C1RCI6N, STM32G0C1RCT6N, STM32G0C1REI6N, STM32G0C1RET6N, STM32G0C1VCI6, STM32G0C1VEI6, STM32G411C6T3, STM32G411C6T6, STM32G411C6U3, STM32G411C6U6, STM32G411C8T3, STM32G411C8T6, STM32G411C8U3, STM32G411C8U6, STM32G411CBT3, STM32G411CBT6, STM32G411CBU3, STM32G411CBU6, STM32G411K6T3, STM32G411K6T6, STM32G411K6U3, STM32G411K6U6, STM32G411K8T3, STM32G411K8T6, STM32G411K8U3, STM32G411K8U6, STM32G411KBT3, STM32G411KBT6, STM32G411KBU3, STM32G411KBU6, STM32G411M6T3, STM32G411M6T6, STM32G411M8T3, STM32G411M8T6, STM32G411MBT3, STM32G411MBT6, STM32G411R6T3, STM32G411R6T6, STM32G411R8T3, STM32G411R8T6, STM32G411RBT3, STM32G411RBT6, STM32G414CBT3, STM32G414CBT6, STM32G414CBU3, STM32G414CBU6, STM32G414CCT3, STM32G414CCT6, STM32G414CCU3, STM32G414CCU6, STM32G414MBT3, STM32G414MBT6, STM32G414MCT3, STM32G414MCT6, STM32G414RBT3, STM32G414RBT6, STM32G414RCT3, STM32G414RCT6, STM32G414VBT3, STM32G414VBT6, STM32G414VCT3, STM32G414VCT6, STM32G431CBT3Z, STM32G431RBT3Z, STM32G471CCT6, STM32G471CCU6, STM32G471CET3, STM32G471CET6, STM32G471CEU3, STM32G471CEU6, STM32G471MCT6, STM32G471MET3, STM32G471MET6, STM32G471MEY6TR, STM32G471QCT6, STM32G471QET3, STM32G471RCT6, STM32G471RET3, STM32G471RET6, STM32G471VCH6, STM32G471VCI6, STM32G471VCT6, STM32G471VEH3, STM32G471VEH6, STM32G471VEI3, STM32G471VEI6, STM32G471VET3, STM32G471VET6, STM32G473QET3Z, STM32G473RET3Z, STM32G474CCT6, STM32G491RET3Z, STM32H503CBT6, STM32H503CBU6, STM32H503EBY6TR, STM32H503KBU6, STM32H503RBT6, STM32H523CCT6, STM32H523CCU6, STM32H523CET6, STM32H523CEU6, STM32H523HEY6TR, STM32H523RCT6, STM32H523RET6, STM32H523VCI6, STM32H523VCT6, STM32H523VEI6, STM32H523VET6, STM32H523ZCJ6, STM32H523ZCT6, STM32H523ZEJ6, STM32H523ZET6, STM32H533CET6, STM32H533CEU6, STM32H533HEY6TR, STM32H533RET6, STM32H533VEI6, STM32H533VET6, STM32H533ZEJ6, STM32H533ZET6, STM32H562AGI6, STM32H562AII6, STM32H562IGK6, STM32H562IGT6, STM32H562IIK6, STM32H562IIT6, STM32H562RGT6, STM32H562RGV6, STM32H562RIT6, STM32H562RIV6, STM32H562VGT6, STM32H562VIT6, STM32H562ZGT6, STM32H562ZIT6, STM32H563AGI6, STM32H563AII3Q, STM32H563AII6, STM32H563IGK6, STM32H563IGT6, STM32H563IIK3Q, STM32H563IIK6, STM32H563IIT3Q, STM32H563IIT6, STM32H563MIY3QTR, STM32H563RGT6, STM32H563RGV6, STM32H563RIT6, STM32H563RIV6, STM32H563VGT6, STM32H563VIT3Q, STM32H563VIT6, STM32H563ZGT6, STM32H563ZIT3Q, STM32H563ZIT6, STM32H573AII3Q, STM32H573AII6, STM32H573I-DK, STM32H573IIK3Q, STM32H573IIK6, STM32H573IIT3Q, STM32H573IIT6, STM32H573MIY3QTR, STM32H573RIT6, STM32H573RIV6, STM32H573VIT3Q, STM32H573VIT6, STM32H573ZIT3Q, STM32H573ZIT6, STM32H7R3A8I6, STM32H7R3I8K6, STM32H7R3I8T6, STM32H7R3L8H6, STM32H7R3L8H6H, STM32H7R3R8V6, STM32H7R3V8H6, STM32H7R3V8T6, STM32H7R3V8Y6TR, STM32H7R3Z8J6, STM32H7R3Z8T6, STM32H7R7A8I6, STM32H7R7I8K6, STM32H7R7I8T6, STM32H7R7L8H6, STM32H7R7L8H6H, STM32H7R7Z8J6, STM32H7S3A8I6, STM32H7S3I8K6, STM32H7S3I8T6, STM32H7S3L8H6, STM32H7S3L8H6H, STM32H7S3R8V6, STM32H7S3V8H6, STM32H7S3V8T6, STM32H7S3V8Y6TR, STM32H7S3Z8J6, STM32H7S3Z8T6, STM32H7S78-DK, STM32H7S7A8I6, STM32H7S7I8K6, STM32H7S7I8T6, STM32H7S7L8H6, STM32H7S7L8H6H, STM32H7S7Z8J6, STM32L4R5QGI6STR, STM32MP131AAE3, STM32MP131AAF3, STM32MP131AAG3, STM32MP131CAE3, STM32MP131CAF3, STM32MP131CAG3, STM32MP131DAE7, STM32MP131DAF7, STM32MP131DAG7, STM32MP131FAE7, STM32MP131FAF7, STM32MP131FAG7, STM32MP133AAE3, STM32MP133AAF3, STM32MP133AAG3, STM32MP133CAE3, STM32MP133CAF3, STM32MP133CAG3, STM32MP133DAE7, STM32MP133DAF7, STM32MP133DAG7, STM32MP133FAE7, STM32MP133FAF7, STM32MP133FAG7, STM32MP135AAE3, STM32MP135AAF3, STM32MP135AAG3, STM32MP135CAE3, STM32MP135CAF3, STM32MP135CAG3, STM32MP135DAE7, STM32MP135DAF7, STM32MP135DAG7, STM32MP135F-DK, STM32MP135FAE7, STM32MP135FAF7, STM32MP135FAF7T, STM32MP135FAF7U, STM32MP135FAG7, STM32MP211AAL3, STM32MP211AAM3, STM32MP211AAN3, STM32MP211AAO3, STM32MP211CAL3, STM32MP211CAM3, STM32MP211CAN3, STM32MP211CAO3, STM32MP211DAL3, STM32MP211DAM3, STM32MP211DAN3, STM32MP211DAO3, STM32MP211FAL3, STM32MP211FAM3, STM32MP211FAN3, STM32MP211FAO3, STM32MP213AAL3, STM32MP213AAM3, STM32MP213AAN3, STM32MP213AAO3, STM32MP213CAL3, STM32MP213CAM3, STM32MP213CAN3, STM32MP213CAO3, STM32MP213DAL3, STM32MP213DAM3, STM32MP213DAN3, STM32MP213DAO3, STM32MP213FAL3, STM32MP213FAM3, STM32MP213FAN3, STM32MP213FAO3, STM32MP215AAL3, STM32MP215AAM3, STM32MP215AAN3, STM32MP215AAO3, STM32MP215CAL3, STM32MP215CAM3, STM32MP215CAN3, STM32MP215CAO3, STM32MP215DAL3, STM32MP215DAM3, STM32MP215DAN3, STM32MP215DAO3, STM32MP215F-DK, STM32MP215FAL3, STM32MP215FAM3, STM32MP215FAN3, STM32MP215FAO3, STM32MP231AAJ3, STM32MP231AAK3, STM32MP231AAL3, STM32MP231CAJ3, STM32MP231CAK3, STM32MP231CAL3, STM32MP231DAJ3, STM32MP231DAK3, STM32MP231DAL3, STM32MP231FAJ3, STM32MP231FAK3, STM32MP231FAL3, STM32MP233AAJ3, STM32MP233AAK3, STM32MP233AAL3, STM32MP233CAJ3, STM32MP233CAK3, STM32MP233CAL3, STM32MP233DAJ3, STM32MP233DAK3, STM32MP233DAL3, STM32MP233FAJ3, STM32MP233FAK3, STM32MP233FAL3, STM32MP235AAJ3, STM32MP235AAK3, STM32MP235AAL3, STM32MP235CAJ3, STM32MP235CAK3, STM32MP235CAL3, STM32MP235DAJ3, STM32MP235DAK3, STM32MP235DAL3, STM32MP235FAJ3, STM32MP235FAK3, STM32MP235FAL3, STM32MP251AAI3, STM32MP251AAK3, STM32MP251AAL3, STM32MP251CAI3, STM32MP251CAK3, STM32MP251CAL3, STM32MP251DAI3, STM32MP251DAK3, STM32MP251DAL3, STM32MP251FAI3, STM32MP251FAK3, STM32MP251FAL3, STM32MP253AAI3, STM32MP253AAK3, STM32MP253AAL3, STM32MP253CAI3, STM32MP253CAK3, STM32MP253CAL3, STM32MP253DAI3, STM32MP253DAK3, STM32MP253DAL3, STM32MP253FAI3, STM32MP253FAK3, STM32MP253FAL3, STM32MP255AAI3, STM32MP255AAK3, STM32MP255AAL3, STM32MP255CAI3, STM32MP255CAK3, STM32MP255CAL3, STM32MP255DAI3, STM32MP255DAK3, STM32MP255DAL3, STM32MP255FAI3, STM32MP255FAK3, STM32MP255FAL3, STM32MP257AAI3, STM32MP257AAK3, STM32MP257AAL3, STM32MP257CAI3, STM32MP257CAK3, STM32MP257CAL3, STM32MP257DAI3, STM32MP257DAK3, STM32MP257DAL3, STM32MP257F-DK, STM32MP257F-EV1, STM32MP257FAI3, STM32MP257FAK3, STM32MP257FAL3, STM32N645A0H3Q, STM32N645B0H3Q, STM32N645I0H3Q, STM32N645L0H3Q, STM32N645X0H3Q, STM32N645Z0H3Q, STM32N647A0H3Q, STM32N647B0H3Q, STM32N647I0H3Q, STM32N647L0H3Q, STM32N647X0H3Q, STM32N647Z0H3Q, STM32N655A0H3Q, STM32N655B0H3Q, STM32N655I0H3Q, STM32N655L0H3Q, STM32N655X0H3Q, STM32N655Z0H3Q, STM32N6570-DK, STM32N657A0H3Q, STM32N657B0H3Q, STM32N657I0H3Q, STM32N657L0H3Q, STM32N657X0H3Q, STM32N657Z0H3Q, STM32U031C6T6, STM32U031C6U6, STM32U031C8T6, STM32U031C8U6, STM32U031F4P6, STM32U031F6P6, STM32U031F8P6, STM32U031G6Y6TR, STM32U031G8Y6TR, STM32U031K4U6, STM32U031K6U6, STM32U031K8U6, STM32U031R6I6, STM32U031R6T6, STM32U031R8I6, STM32U031R8T6, STM32U073C8T6, STM32U073C8U6, STM32U073CBT6, STM32U073CBU6, STM32U073CCT6, STM32U073CCU6, STM32U073H8Y6TR, STM32U073HBY6TR, STM32U073HCY6TR, STM32U073K8U6, STM32U073KBU6, STM32U073KCU6, STM32U073M8I6, STM32U073M8T6, STM32U073MBI6, STM32U073MBT6, STM32U073MCI6, STM32U073MCT6, STM32U073R8I6, STM32U073R8T6, STM32U073RBI6, STM32U073RBT6, STM32U073RCI6, STM32U073RCT6, STM32U083C-DK, STM32U083CCT6, STM32U083CCU6, STM32U083HCY6TR, STM32U083KCU6, STM32U083MCI6, STM32U083MCT6, STM32U083RCI6, STM32U083RCT6, STM32U375CET6, STM32U375CET6Q, STM32U375CEU6, STM32U375CEU6Q, STM32U375CEY6QTR, STM32U375CGT6, STM32U375CGT6Q, STM32U375CGU6, STM32U375CGU6Q, STM32U375CGY6QTR, STM32U375KEU6, STM32U375KGU6, STM32U375REI6, STM32U375REI6Q, STM32U375RET6, STM32U375RET6Q, STM32U375REY6GTR, STM32U375REY6QTR, STM32U375RGI6, STM32U375RGI6Q, STM32U375RGT6, STM32U375RGT6Q, STM32U375RGY6GTR, STM32U375RGY6QTR, STM32U375VEI6, STM32U375VEI6Q, STM32U375VET6, STM32U375VET6Q, STM32U375VGI6, STM32U375VGI6Q, STM32U375VGT6, STM32U375VGT6Q, STM32U385CGT6, STM32U385CGT6Q, STM32U385CGU6, STM32U385CGU6Q, STM32U385CGY6QTR, STM32U385KGU6, STM32U385RGI6, STM32U385RGI6Q, STM32U385RGT6, STM32U385RGT6Q, STM32U385RGY6GTR, STM32U385RGY6QTR, STM32U385VGI6, STM32U385VGI6Q, STM32U385VGT6, STM32U385VGT6Q, STM32U535CBT6, STM32U535CBT6Q, STM32U535CBU6, STM32U535CBU6Q, STM32U535CCT6, STM32U535CCT6Q, STM32U535CCU6, STM32U535CCU6Q, STM32U535CET6, STM32U535CET6Q, STM32U535CEU6, STM32U535CEU6Q, STM32U535JEY6QTR, STM32U535NCY6QTR, STM32U535NEY6QTR, STM32U535RBI6, STM32U535RBI6Q, STM32U535RBT6, STM32U535RBT6Q, STM32U535RCI6, STM32U535RCI6Q, STM32U535RCT6, STM32U535RCT6Q, STM32U535REI6, STM32U535REI6Q, STM32U535RET6, STM32U535RET6Q, STM32U535VCI6, STM32U535VCI6Q, STM32U535VCT6, STM32U535VCT6Q, STM32U535VEI6, STM32U535VEI6Q, STM32U535VET6, STM32U535VET6Q, STM32U545CET6, STM32U545CET6Q, STM32U545CEU6, STM32U545CEU6Q, STM32U545JEY6QTR, STM32U545NEY6QTR, STM32U545REI6, STM32U545REI6Q, STM32U545RET6, STM32U545RET6Q, STM32U545VEI6, STM32U545VEI6Q, STM32U545VET6, STM32U545VET6Q, STM32U595AIH6, STM32U595AIH6Q, STM32U595AJH6, STM32U595AJH6Q, STM32U595QII6, STM32U595QII6Q, STM32U595QJI6, STM32U595QJI6Q, STM32U595RIT6, STM32U595RIT6Q, STM32U595RJT6, STM32U595RJT6Q, STM32U595VIT6, STM32U595VIT6Q, STM32U595VJT6, STM32U595VJT6Q, STM32U595ZIT6, STM32U595ZIT6Q, STM32U595ZIY6QTR, STM32U595ZJT6, STM32U595ZJT6Q, STM32U595ZJY6QTR, STM32U599BJY6QTR, STM32U599NIH6Q, STM32U599NJH6Q, STM32U599VIT6Q, STM32U599VJT6, STM32U599VJT6Q, STM32U599ZIT6Q, STM32U599ZIY6QTR, STM32U599ZJT6Q, STM32U599ZJY6QTR, STM32U5A5AJH6, STM32U5A5AJH6Q, STM32U5A5QII3Q , STM32U5A5QJI6, STM32U5A5QJI6Q, STM32U5A5RJT6, STM32U5A5RJT6Q, STM32U5A5VJT6, STM32U5A5VJT6Q, STM32U5A5ZJT6, STM32U5A5ZJT6Q, STM32U5A5ZJY6QTR, STM32U5A9BJY6QTR, STM32U5A9J-DK, STM32U5A9NJH6Q, STM32U5A9VJT6Q, STM32U5A9ZJT6Q, STM32U5A9ZJY6QTR, STM32U5F7VIT6, STM32U5F7VIT6Q, STM32U5F7VJT6, STM32U5F7VJT6Q, STM32U5F9BJY6QTR, STM32U5F9NJH6Q, STM32U5F9VIT6Q, STM32U5F9VJT6Q, STM32U5F9ZIJ6QTR, STM32U5F9ZIT6Q, STM32U5F9ZJJ6QTR, STM32U5F9ZJT6Q, STM32U5G7VJT6, STM32U5G7VJT6Q, STM32U5G9BJY6QTR, STM32U5G9J-DK1, STM32U5G9J-DK2, STM32U5G9NJH6Q, STM32U5G9VJT6Q, STM32U5G9ZJJ6QTR, STM32U5G9ZJT6Q, STM32WB05KZV6TR, STM32WB05KZV7TR, STM32WB05TZF6TR, STM32WB05TZF7TR, STM32WB06CCF6TR, STM32WB06CCF7TR, STM32WB06CCV6TR, STM32WB06CCV7TR, STM32WB06KCV6TR, STM32WB06KCV7TR, STM32WB07CCF6TR, STM32WB07CCF7TR, STM32WB07CCV6TR, STM32WB07CCV7TR, STM32WB07KCV6TR, STM32WB07KCV7TR, STM32WB09KEV6TR, STM32WB09KEV7TR, STM32WB09TEF6TR, STM32WB09TEF7TR, STM32WB1MMCH6, STM32WBA50KGU6, STM32WBA50KGU6TR, STM32WBA52CEU6, STM32WBA52CEU6TR, STM32WBA52CEU7, STM32WBA52CEU7TR, STM32WBA52CGU6, STM32WBA52CGU6TR, STM32WBA52CGU6U, STM32WBA52CGU7, STM32WBA52CGU7TR, STM32WBA52KEU6, STM32WBA52KEU6TR, STM32WBA52KGU6, STM32WBA52KGU6TR, STM32WBA54CEU6, STM32WBA54CEU6TR, STM32WBA54CEU7, STM32WBA54CEU7TR, STM32WBA54CGU6, STM32WBA54CGU6TR, STM32WBA54CGU7, STM32WBA54CGU7TR, STM32WBA54KEU6, STM32WBA54KEU6TR, STM32WBA54KEU7, STM32WBA54KEU7TR, STM32WBA54KGU6, STM32WBA54KGU6TR, STM32WBA54KGU7, STM32WBA54KGU7TR, STM32WBA55CEU6, STM32WBA55CEU6TR, STM32WBA55CEU7, STM32WBA55CEU7TR, STM32WBA55CGU6, STM32WBA55CGU6TR, STM32WBA55CGU6U, STM32WBA55CGU7, STM32WBA55CGU7TR, STM32WBA55G-DK1, STM32WBA55HEF6, STM32WBA55HEF7, STM32WBA55HGF6, STM32WBA55HGF7, STM32WBA55UEI6, STM32WBA55UEI6TR, STM32WBA55UEI7, STM32WBA55UEI7TR, STM32WBA55UGI6, STM32WBA55UGI6TR, STM32WBA55UGI7, STM32WBA55UGI7TR, STM32WBA5MMGH6TR, STM32WBA62MGF6, STM32WBA62MIF6, STM32WBA65MGF7, STM32WBA65MIF6, STM32WBA65MIF7, STM32WL30K8V6, STM32WL30KBV6, STM32WL31C8V6, STM32WL31CBV6, STM32WL31K8V6, STM32WL31KBV6, STM32WL33C8V6, STM32WL33C8V6X, STM32WL33CBV6, STM32WL33CBV6X, STM32WL33CCV6, STM32WL33CCV6A, STM32WL33CCV6X, STM32WL33K8V7, STM32WL33K8V7X, STM32WL33KBV7 , STM32WL33KBV7X, STM32WL33KCV7, STM32WL33KCV7X, STM32WL5MOCH6, STM32WL5MOCH6TR]
2026-06-08 14:59:43,749 [INFO] DbMcus:218 - Found 5086 MCUs, 4968 are supported
2026-06-08 14:59:43,751 [INFO] ApiDb:423 - Load user favorites file C:\Users\ASUS/.stm32cubeide/favorites.mcus.txt: 1 item(s)
2026-06-08 14:59:43,751 [INFO] ApiDb:427 - User favorites MCUs=[STM32F446ZET6]
2026-06-08 14:59:43,752 [INFO] DbMcus:224 - Set 1 / 1 favorites MCUs
2026-06-08 14:59:45,489 [INFO] BoardInfo:889 - No configuration file found for board NUCLEO-H5E5ZJ
2026-06-08 14:59:45,492 [INFO] DbBoards:161 - Board is not supported: NUCLEO-H5E5ZJ
2026-06-08 14:59:45,645 [INFO] BoardInfo:889 - No configuration file found for board NUCLEO-U3C5ZI-Q
2026-06-08 14:59:45,648 [INFO] DbBoards:161 - Board is not supported: NUCLEO-U3C5ZI-Q
2026-06-08 14:59:45,685 [INFO] BoardInfo:889 - No configuration file found for board NUCLEO-WBA25CE1
2026-06-08 14:59:45,687 [INFO] DbBoards:161 - Board is not supported: NUCLEO-WBA25CE1
2026-06-08 14:59:45,709 [INFO] BoardInfo:889 - No configuration file found for board NUCLEO-WL3RKB1
2026-06-08 14:59:45,712 [INFO] DbBoards:161 - Board is not supported: NUCLEO-WL3RKB1
2026-06-08 14:59:45,714 [INFO] BoardInfo:889 - No configuration file found for board NUCLEO-WL3RKB2
2026-06-08 14:59:45,717 [INFO] DbBoards:161 - Board is not supported: NUCLEO-WL3RKB2
2026-06-08 14:59:45,737 [INFO] BoardInfo:889 - No configuration file found for board P-NUCLEO-WB55
2026-06-08 14:59:45,739 [INFO] DbBoards:161 - Kit is not supported: P-NUCLEO-WB55
2026-06-08 14:59:45,755 [INFO] BoardInfo:889 - No configuration file found for board STEVAL-BFA001V1B
2026-06-08 14:59:45,757 [INFO] DbBoards:161 - Kit is not supported: STEVAL-BFA001V1B
2026-06-08 14:59:45,759 [INFO] BoardInfo:889 - No configuration file found for board STEVAL-BFA001V2B
2026-06-08 14:59:45,761 [INFO] DbBoards:161 - Kit is not supported: STEVAL-BFA001V2B
2026-06-08 14:59:46,203 [INFO] BoardInfo:889 - No configuration file found for board STM32H5F5J-DK
2026-06-08 14:59:46,205 [INFO] DbBoards:161 - Board is not supported: STM32H5F5J-DK
2026-06-08 14:59:46,402 [INFO] DbBoards:168 - Found 218 boards, 209 are supported
2026-06-08 14:59:46,403 [INFO] DbBoards:169 - Found 218 boards, 43 of them is supported for  Bsp
2026-06-08 14:59:46,410 [INFO] ApiDb:423 - Load user favorites file C:\Users\ASUS/.stm32cubeide/favorites.boards.txt: 0 item(s)
2026-06-08 14:59:46,411 [INFO] ApiDb:427 - User favorites Boards=[]
2026-06-08 14:59:46,411 [INFO] DbBoards:198 - Set 0 / 0 favorites Boards
2026-06-08 14:59:46,550 [INFO] UtilMem:75 - End LoadConfig() Used Memory: 749640288 Bytes (1073741824)
2026-06-08 14:59:47,061 [WARN] ThirdParty:833 - waiting for thirdparty lock release [change project]
2026-06-08 14:59:47,061 [INFO] ThirdParty:835 - entering critical section [change project]
2026-06-08 14:59:47,061 [INFO] ThirdParty:1030 - CMSIS Pack Vendor :STMicroelectronics X-CUBE-AZRTOS-H7 3.5.0
2026-06-08 14:59:47,061 [INFO] ThirdParty:1030 - CMSIS Pack Vendor :STMicroelectronics X-CUBE-PM33A1 1.0.0
2026-06-08 14:59:47,061 [INFO] ThirdParty:1030 - CMSIS Pack Vendor :STMicroelectronics USBPD 4.1
2026-06-08 14:59:47,061 [INFO] ThirdParty:1030 - CMSIS Pack Vendor :STMicroelectronics X-CUBE-NFC9 1.0.0
2026-06-08 14:59:47,061 [INFO] ThirdParty:1030 - CMSIS Pack Vendor :STMicroelectronics USB_HOST 2.0.0
2026-06-08 14:59:47,061 [INFO] ThirdParty:1030 - CMSIS Pack Vendor :STMicroelectronics X-CUBE-AZRTOS-F4 1.1.0
2026-06-08 14:59:47,061 [INFO] ThirdParty:1030 - CMSIS Pack Vendor :STMicroelectronics LIBJPEG 8.0.0
2026-06-08 14:59:47,061 [INFO] ThirdParty:1030 - CMSIS Pack Vendor :STMicroelectronics FP-ATR-ASTRA1 2.0.2
2026-06-08 14:59:47,061 [INFO] ThirdParty:1030 - CMSIS Pack Vendor :STMicroelectronics X-CUBE-BLE1 7.1.0
2026-06-08 14:59:47,061 [INFO] ThirdParty:1030 - CMSIS Pack Vendor :STMicroelectronics X-CUBE-SMBUS 2.1.0
2026-06-08 14:59:47,061 [INFO] ThirdParty:1030 - CMSIS Pack Vendor :wolfSSL I-CUBE-wolfMQTT 1.19.2
2026-06-08 14:59:47,061 [INFO] ThirdParty:1030 - CMSIS Pack Vendor :STMicroelectronics USB_DEVICE 3.0.0
2026-06-08 14:59:47,061 [INFO] ThirdParty:1030 - CMSIS Pack Vendor :STMicroelectronics X-CUBE-ISPU 2.1.0
2026-06-08 14:59:47,061 [INFO] ThirdParty:1030 - CMSIS Pack Vendor :STMicroelectronics X-CUBE-FREERTOS 1.4.0
2026-06-08 14:59:47,061 [INFO] ThirdParty:1030 - CMSIS Pack Vendor :STMicroelectronics X-CUBE-EEPRMA1 5.2.0
2026-06-08 14:59:47,061 [INFO] ThirdParty:1030 - CMSIS Pack Vendor :STMicroelectronics X-CUBE-IPS 3.2.0
2026-06-08 14:59:47,061 [INFO] ThirdParty:1030 - CMSIS Pack Vendor :STMicroelectronics X-CUBE-BLEMGR 4.1.0
2026-06-08 14:59:47,061 [INFO] ThirdParty:1030 - CMSIS Pack Vendor :STMicroelectronics eDS-WB_DPC_TT-BIDIR 2.1.1
2026-06-08 14:59:47,061 [INFO] ThirdParty:1030 - CMSIS Pack Vendor :STMicroelectronics X-CUBE-AZRTOS-WB 2.0.0
2026-06-08 14:59:47,061 [INFO] ThirdParty:1030 - CMSIS Pack Vendor :wolfSSL I-CUBE-wolfSSL 5.8.4
2026-06-08 14:59:47,061 [INFO] ThirdParty:1030 - CMSIS Pack Vendor :Cesanta I-CUBE-Mongoose 7.20.0
2026-06-08 14:59:47,061 [INFO] ThirdParty:1030 - CMSIS Pack Vendor :STMicroelectronics X-CUBE-NFC12 1.0.0
2026-06-08 14:59:47,061 [INFO] ThirdParty:1030 - CMSIS Pack Vendor :STMicroelectronics X-CUBE-AZRTOS-F7 1.1.0
2026-06-08 14:59:47,061 [INFO] ThirdParty:1030 - CMSIS Pack Vendor :STMicroelectronics X-CUBE-AZRTOS-L5 2.0.0
2026-06-08 14:59:47,061 [INFO] ThirdParty:1030 - CMSIS Pack Vendor :STMicroelectronics USB_DEVICE 2.0.0
2026-06-08 14:59:47,061 [INFO] ThirdParty:1030 - CMSIS Pack Vendor :STMicroelectronics FP-SNS-STAIOTCFT 1.1.0
2026-06-08 14:59:47,061 [INFO] ThirdParty:1030 - CMSIS Pack Vendor :quantropi X-CUBE-qispace-sdk-base 2.1.0
2026-06-08 14:59:47,061 [INFO] ThirdParty:1030 - CMSIS Pack Vendor :STMicroelectronics X-CUBE-MEMS1 12.0.0
2026-06-08 14:59:47,061 [INFO] ThirdParty:1030 - CMSIS Pack Vendor :STMicroelectronics X-CUBE-STSE01 2.0.0
2026-06-08 14:59:47,061 [INFO] ThirdParty:1030 - CMSIS Pack Vendor :STMicroelectronics X-CUBE-ALGOBUILD 1.5.0
2026-06-08 14:59:47,061 [INFO] ThirdParty:1030 - CMSIS Pack Vendor :STMicroelectronics FP-SNS-MOTENV1 5.1.0
2026-06-08 14:59:47,061 [INFO] ThirdParty:1030 - CMSIS Pack Vendor :STMicroelectronics FreeRTOS 0.0.1
2026-06-08 14:59:47,061 [INFO] ThirdParty:1030 - CMSIS Pack Vendor :STMicroelectronics X-CUBE-AZRTOS-G0 1.1.0
2026-06-08 14:59:47,061 [INFO] ThirdParty:1030 - CMSIS Pack Vendor :STMicroelectronics X-CUBE-NFC4 3.0.0
2026-06-08 14:59:47,061 [INFO] ThirdParty:1030 - CMSIS Pack Vendor :STMicroelectronics X-CUBE-SUBG2 5.0.0
2026-06-08 14:59:47,061 [INFO] ThirdParty:1030 - CMSIS Pack Vendor :STMicroelectronics STM32_WPAN 1.0.0
2026-06-08 14:59:47,061 [INFO] ThirdParty:1030 - CMSIS Pack Vendor :STMicroelectronics eDS-WB_DPC_VIENNA 1.2.0
2026-06-08 14:59:47,061 [INFO] ThirdParty:1030 - CMSIS Pack Vendor :EmbeddedOffice I-CUBE-FS-RTOS 1.0.1
2026-06-08 14:59:47,061 [INFO] ThirdParty:1030 - CMSIS Pack Vendor :STMicroelectronics lwIP 2.0.3
2026-06-08 14:59:47,061 [INFO] ThirdParty:1030 - CMSIS Pack Vendor :WES I-CUBE-Cesium 1.4.0
2026-06-08 14:59:47,061 [INFO] ThirdParty:1030 - CMSIS Pack Vendor :STMicroelectronics eDS-WB_DPC_3PH2L-BIDIR 1.1.1
2026-06-08 14:59:47,061 [INFO] ThirdParty:1030 - CMSIS Pack Vendor :STMicroelectronics USB_HOST 1.0.0
2026-06-08 14:59:47,061 [INFO] ThirdParty:1030 - CMSIS Pack Vendor :STMicroelectronics X-CUBE-AZRTOS-G4 2.0.0
2026-06-08 14:59:47,061 [INFO] ThirdParty:1030 - CMSIS Pack Vendor :STMicroelectronics X-CUBE-WB05N 2.0.0
2026-06-08 14:59:47,061 [INFO] ThirdParty:1030 - CMSIS Pack Vendor :STMicroelectronics PDM2PCM 3.1.0
2026-06-08 14:59:47,061 [INFO] ThirdParty:1030 - CMSIS Pack Vendor :STMicroelectronics PDM2PCM 3.3.0
2026-06-08 14:59:47,061 [INFO] ThirdParty:1030 - CMSIS Pack Vendor :wolfSSL I-CUBE-wolfTPM 3.8.0
2026-06-08 14:59:47,061 [INFO] ThirdParty:1030 - CMSIS Pack Vendor :STMicroelectronics X-CUBE-AZRTOS-H7 3.4.0
2026-06-08 14:59:47,061 [INFO] ThirdParty:1030 - CMSIS Pack Vendor :STMicroelectronics X-CUBE-DISPLAY 3.0.0
2026-06-08 14:59:47,061 [INFO] ThirdParty:1030 - CMSIS Pack Vendor :wolfSSL I-CUBE-wolfSSH 1.4.20
2026-06-08 14:59:47,061 [INFO] ThirdParty:1030 - CMSIS Pack Vendor :STMicroelectronics X-CUBE-NFC7 2.0.0
2026-06-08 14:59:47,061 [INFO] ThirdParty:1030 - CMSIS Pack Vendor :STMicroelectronics X-CUBE-GNSS1 7.1.1
2026-06-08 14:59:47,061 [INFO] ThirdParty:1030 - CMSIS Pack Vendor :STMicroelectronics FP-SNS-MOTENVWB1 1.5.0
2026-06-08 14:59:47,061 [INFO] ThirdParty:1030 - CMSIS Pack Vendor :STMicroelectronics X-CUBE-TCPP 4.2.0
2026-06-08 14:59:47,061 [INFO] ThirdParty:1030 - CMSIS Pack Vendor :RealThread X-CUBE-RT-Thread_Nano 4.1.1
2026-06-08 14:59:47,061 [INFO] ThirdParty:1030 - CMSIS Pack Vendor :STMicroelectronics FP-ATR-SIGFOX1 3.2.0
2026-06-08 14:59:47,061 [INFO] ThirdParty:1030 - CMSIS Pack Vendor :STMicroelectronics X-CUBE-NFC10 1.0.0
2026-06-08 14:59:47,061 [INFO] ThirdParty:1030 - CMSIS Pack Vendor :STMicroelectronics HAL Drivers 0.0.0
2026-06-08 14:59:47,061 [INFO] ThirdParty:1030 - CMSIS Pack Vendor :STMicroelectronics X-CUBE-FREERTOS 1.5.0
2026-06-08 14:59:47,061 [INFO] ThirdParty:1030 - CMSIS Pack Vendor :STMicroelectronics MBEDTLS 2.16.2
2026-06-08 14:59:47,061 [INFO] ThirdParty:1030 - CMSIS Pack Vendor :STMicroelectronics X-CUBE-ST60 1.1.0
2026-06-08 14:59:47,061 [INFO] ThirdParty:1030 - CMSIS Pack Vendor :STMicroelectronics X-CUBE-ALS 1.0.2
2026-06-08 14:59:47,061 [INFO] ThirdParty:1030 - CMSIS Pack Vendor :emotas I-CUBE-CANOPEN 1.3.0
2026-06-08 14:59:47,061 [INFO] ThirdParty:1030 - CMSIS Pack Vendor :STMicroelectronics MBEDTLS 2.14.1
2026-06-08 14:59:47,061 [INFO] ThirdParty:1030 - CMSIS Pack Vendor :STMicroelectronics X-CUBE-GNSS1 7.1.0
2026-06-08 14:59:47,061 [INFO] ThirdParty:1030 - CMSIS Pack Vendor :ITTIA_DB I-CUBE-ITTIADB 8.9.0
2026-06-08 14:59:47,061 [INFO] ThirdParty:1030 - CMSIS Pack Vendor :STMicroelectronics X-CUBE-TOUCHGFX 4.26.0
2026-06-08 14:59:47,061 [INFO] ThirdParty:1030 - CMSIS Pack Vendor :STMicroelectronics X-CUBE-TOUCHGFX 4.26.1
2026-06-08 14:59:47,061 [INFO] ThirdParty:1030 - CMSIS Pack Vendor :STMicroelectronics X-CUBE-NFC6 3.2.0
2026-06-08 14:59:47,061 [INFO] ThirdParty:1030 - CMSIS Pack Vendor :STMicroelectronics FP-SNS-STBOX1 2.1.0
2026-06-08 14:59:47,061 [INFO] ThirdParty:1030 - CMSIS Pack Vendor :STMicroelectronics X-CUBE-AI 10.2.0
2026-06-08 14:59:47,061 [INFO] ThirdParty:1030 - CMSIS Pack Vendor :STMicroelectronics FP-SNS-STAIOTCFT 1.0.0
2026-06-08 14:59:47,061 [INFO] ThirdParty:1030 - CMSIS Pack Vendor :STMicroelectronics ThreadX 1.0.0
2026-06-08 14:59:47,061 [INFO] ThirdParty:1030 - CMSIS Pack Vendor :STMicroelectronics FP-SNS-SMARTAG2 1.2.0
2026-06-08 14:59:47,061 [INFO] ThirdParty:1030 - CMSIS Pack Vendor :STMicroelectronics X-CUBE-MEMS1 12.1.0
2026-06-08 14:59:47,061 [INFO] ThirdParty:1030 - CMSIS Pack Vendor :STMicroelectronics FP-SNS-FLIGHT1 5.1.0
2026-06-08 14:59:47,061 [INFO] ThirdParty:1030 - CMSIS Pack Vendor :STMicroelectronics X-CUBE-AZRTOS-WL 2.0.0
2026-06-08 14:59:47,061 [INFO] ThirdParty:1030 - CMSIS Pack Vendor :SEGGER I-CUBE-embOS 1.3.1
2026-06-08 14:59:47,061 [INFO] ThirdParty:1030 - CMSIS Pack Vendor :STMicroelectronics X-CUBE-ALGOBUILD 1.4.0
2026-06-08 14:59:47,061 [INFO] ThirdParty:1030 - CMSIS Pack Vendor :STMicroelectronics X-CUBE-DPower 1.3.0
2026-06-08 14:59:47,061 [INFO] ThirdParty:1030 - CMSIS Pack Vendor :STMicroelectronics USB_DEVICE 1.0.0
2026-06-08 14:59:47,061 [INFO] ThirdParty:1030 - CMSIS Pack Vendor :STMicroelectronics X-CUBE-AZRTOS-H7RS 1.2.0
2026-06-08 14:59:47,061 [INFO] ThirdParty:1030 - CMSIS Pack Vendor :STMicroelectronics X-CUBE-AZRTOS-L4 2.0.0
2026-06-08 14:59:47,077 [INFO] ThirdParty:1030 - CMSIS Pack Vendor :STMicroelectronics ThreadX 0.0.2
2026-06-08 14:59:47,077 [INFO] ThirdParty:1030 - CMSIS Pack Vendor :STMicroelectronics lwIP 2.1.2
2026-06-08 14:59:47,077 [INFO] ThirdParty:1030 - CMSIS Pack Vendor :STMicroelectronics X-CUBE-SFXS2LP1 4.0.0
2026-06-08 14:59:47,077 [INFO] ThirdParty:1030 - CMSIS Pack Vendor :STMicroelectronics X-CUBE-BLE2 3.3.0
2026-06-08 14:59:47,077 [INFO] ThirdParty:1030 - CMSIS Pack Vendor :Avnet-IOTCONNECT X-CUBE-iotc-st67-sdk 1.0.0
2026-06-08 14:59:47,077 [INFO] ThirdParty:1030 - CMSIS Pack Vendor :STMicroelectronics X-CUBE-TOF1 3.4.3
2026-06-08 14:59:47,077 [INFO] ThirdParty:1030 - CMSIS Pack Vendor :Infineon AIROC-Wi-Fi-Bluetooth-STM32 1.8.0
2026-06-08 14:59:47,077 [INFO] ThirdParty:1030 - CMSIS Pack Vendor :STMicroelectronics PDM2PCM 3.2.0
2026-06-08 14:59:47,078 [INFO] ThirdParty:1030 - CMSIS Pack Vendor :STMicroelectronics X-CUBE-WB05N 2.1.0
2026-06-08 14:59:47,078 [INFO] ThirdParty:1030 - CMSIS Pack Vendor :STMicroelectronics X-CUBE-ST67W61 1.2.0
2026-06-08 14:59:47,078 [INFO] ThirdParty:841 - exiting critical section [change project]
2026-06-08 14:59:48,656 [INFO] PinOutPanel:1589 - setPackage(No Configuration,No Configuration)
2026-06-08 14:59:48,672 [INFO] PinOutPanel:1589 - setPackage(STM32F207ZGTx,LQFP144)
2026-06-08 14:59:49,879 [INFO] UtilMem:75 - Before build in PCC Used Memory: 947914752 Bytes (1073741824)
2026-06-08 14:59:52,114 [INFO] UtilMem:75 - After build in PCC Used Memory: 1008205824 Bytes (1073741824)
2026-06-08 14:59:52,454 [INFO] ApiDbMcu:532 - Load IP Config File for LWIP
2026-06-08 14:59:52,579 [INFO] IPUIPlugin:80 - create IPUIPlugin
2026-06-08 14:59:52,580 [INFO] IPUIPlugin:80 - create IPUIPlugin
2026-06-08 14:59:52,580 [INFO] IPUIPlugin:80 - create IPUIPlugin
2026-06-08 14:59:52,580 [INFO] IPUIPlugin:80 - create IPUIPlugin
2026-06-08 14:59:52,580 [INFO] IPUIPlugin:80 - create IPUIPlugin
2026-06-08 14:59:52,580 [INFO] IPUIPlugin:80 - create IPUIPlugin
2026-06-08 14:59:52,580 [INFO] IPUIPlugin:80 - create IPUIPlugin
2026-06-08 14:59:52,580 [INFO] IPUIPlugin:80 - create IPUIPlugin
2026-06-08 14:59:52,580 [INFO] IPUIPlugin:80 - create IPUIPlugin
2026-06-08 14:59:52,580 [INFO] IPUIPlugin:80 - create IPUIPlugin
2026-06-08 14:59:52,580 [INFO] IPUIPlugin:80 - create IPUIPlugin
2026-06-08 14:59:52,580 [INFO] IPUIPlugin:80 - create IPUIPlugin
2026-06-08 14:59:52,580 [INFO] IPUIPlugin:80 - create IPUIPlugin
2026-06-08 14:59:52,580 [INFO] IPUIPlugin:80 - create IPUIPlugin
2026-06-08 14:59:52,580 [INFO] IPUIPlugin:80 - create IPUIPlugin
2026-06-08 14:59:52,580 [INFO] IPUIPlugin:80 - create IPUIPlugin
2026-06-08 14:59:52,580 [INFO] IPUIPlugin:80 - create IPUIPlugin
2026-06-08 14:59:52,580 [INFO] IPUIPlugin:80 - create IPUIPlugin
2026-06-08 14:59:52,580 [INFO] IPUIPlugin:80 - create IPUIPlugin
2026-06-08 14:59:52,580 [INFO] IPUIPlugin:80 - create IPUIPlugin
2026-06-08 14:59:52,580 [INFO] IPUIPlugin:80 - create IPUIPlugin
2026-06-08 14:59:52,580 [INFO] IPUIPlugin:80 - create IPUIPlugin
2026-06-08 14:59:52,580 [INFO] IPUIPlugin:80 - create IPUIPlugin
2026-06-08 14:59:52,580 [INFO] IPUIPlugin:80 - create IPUIPlugin
2026-06-08 14:59:52,580 [INFO] IPUIPlugin:80 - create IPUIPlugin
2026-06-08 14:59:52,580 [INFO] IPUIPlugin:80 - create IPUIPlugin
2026-06-08 14:59:52,580 [INFO] IPUIPlugin:80 - create IPUIPlugin
2026-06-08 14:59:52,580 [INFO] IPUIPlugin:80 - create IPUIPlugin
2026-06-08 14:59:52,580 [INFO] IPUIPlugin:80 - create IPUIPlugin
2026-06-08 14:59:52,595 [INFO] IPUIPlugin:80 - create IPUIPlugin
2026-06-08 14:59:52,595 [INFO] IPUIPlugin:80 - create IPUIPlugin
2026-06-08 14:59:52,596 [INFO] IPUIPlugin:80 - create IPUIPlugin
2026-06-08 14:59:52,596 [INFO] IPUIPlugin:80 - create IPUIPlugin
2026-06-08 14:59:52,596 [INFO] IPUIPlugin:80 - create IPUIPlugin
2026-06-08 14:59:52,596 [INFO] IPUIPlugin:80 - create IPUIPlugin
2026-06-08 14:59:52,596 [INFO] IPUIPlugin:80 - create IPUIPlugin
2026-06-08 14:59:52,596 [INFO] IPUIPlugin:80 - create IPUIPlugin
2026-06-08 14:59:52,596 [INFO] IPUIPlugin:80 - create IPUIPlugin
2026-06-08 14:59:52,596 [INFO] IPUIPlugin:80 - create IPUIPlugin
2026-06-08 14:59:52,602 [INFO] IPUIPlugin:80 - create IPUIPlugin
2026-06-08 14:59:52,602 [INFO] IPUIPlugin:80 - create IPUIPlugin
2026-06-08 14:59:52,602 [INFO] IPUIPlugin:80 - create IPUIPlugin
2026-06-08 14:59:52,602 [INFO] IPUIPlugin:80 - create IPUIPlugin
2026-06-08 14:59:52,602 [INFO] IPUIPlugin:80 - create IPUIPlugin
2026-06-08 14:59:52,602 [INFO] IPUIPlugin:80 - create IPUIPlugin
2026-06-08 14:59:52,602 [INFO] IPUIPlugin:80 - create IPUIPlugin
2026-06-08 14:59:52,602 [INFO] IPUIPlugin:80 - create IPUIPlugin
2026-06-08 14:59:52,602 [INFO] IPUIPlugin:80 - create IPUIPlugin
2026-06-08 14:59:52,602 [INFO] IPUIPlugin:80 - create IPUIPlugin
2026-06-08 14:59:52,602 [INFO] IPUIPlugin:80 - create IPUIPlugin
2026-06-08 14:59:52,602 [INFO] IPUIPlugin:80 - create IPUIPlugin
2026-06-08 14:59:52,611 [INFO] IPUIPlugin:80 - create IPUIPlugin
2026-06-08 14:59:52,613 [INFO] IPUIPlugin:80 - create IPUIPlugin
2026-06-08 14:59:52,613 [INFO] IPUIPlugin:80 - create IPUIPlugin
2026-06-08 14:59:52,613 [INFO] IPUIPlugin:80 - create IPUIPlugin
2026-06-08 14:59:52,613 [INFO] IPUIPlugin:80 - create IPUIPlugin
2026-06-08 14:59:52,613 [INFO] IPUIPlugin:80 - create IPUIPlugin
2026-06-08 14:59:52,613 [INFO] IPUIPlugin:80 - create IPUIPlugin
2026-06-08 14:59:52,652 [INFO] ApiDbMcu:532 - Load IP Config File for PDM2PCM
2026-06-08 14:59:53,276 [INFO] CADModel:165 - CPN selected for project levelSTM32F207ZGT6
2026-06-08 14:59:53,276 [INFO] CADModel:114 - Register for checkConnection events
2026-06-08 14:59:53,379 [INFO] OpenFileManager:386 - Restore cursor
2026-06-08 14:59:53,801 [WARN] IP:2250 - lpm_enable not found: check if there is a RefParameter without a condition.
2026-06-08 14:59:53,802 [WARN] IP:2250 - lpm_enable not found: check if there is a RefParameter without a condition.
2026-06-08 14:59:53,841 [WARN] IP:2250 - CMSIS_VERSION not found: check if there is a RefParameter without a condition.
2026-06-08 14:59:53,854 [WARN] IP:2250 - LWIP_NETIF_HOSTNAME_NAME not found: check if there is a RefParameter without a condition.
2026-06-08 14:59:53,984 [WARN] IP:2250 - CMSIS_VERSION not found: check if there is a RefParameter without a condition.
2026-06-08 14:59:53,993 [WARN] IP:2250 - LWIP_NETIF_HOSTNAME_NAME not found: check if there is a RefParameter without a condition.
2026-06-08 15:00:36,345 [INFO] RtosManager:1018 - Current active RTOS is FREERTOS [Cortex-M3NS]
2026-06-08 15:00:37,128 [INFO] ApiDbMcu:532 - Load IP Config File for FREERTOS
2026-06-08 15:00:37,483 [WARN] FreeRTOS:563 - Case being investigated as it may cause exception (when called to early by set config state
2026-06-08 15:00:38,015 [ERROR] RtosPanel:558 - Can not restore the selected Tab for FREERTOS(A reason can be that the tab is no more available.)
2026-06-08 15:00:38,273 [ERROR] RtosPanel:558 - Can not restore the selected Tab for FREERTOS(A reason can be that the tab is no more available.)
2026-06-08 15:02:24,898 [ERROR] RtosPanel:558 - Can not restore the selected Tab for FREERTOS(A reason can be that the tab is no more available.)
2026-06-08 15:03:08,631 [INFO] TasksAndQueuesTab:757 - Dynamic
2026-06-08 15:03:08,632 [WARN] TasksAndQueuesTab:763 - 128 128
2026-06-08 15:03:08,637 [WARN] TasksAndQueuesTab:775 - max value is: 3840.0
2026-06-08 15:03:20,519 [INFO] TasksAndQueuesTab:757 - Dynamic
2026-06-08 15:03:20,519 [WARN] TasksAndQueuesTab:763 - 128 128
2026-06-08 15:03:20,519 [WARN] TasksAndQueuesTab:775 - max value is: 3840.0
2026-06-08 15:04:41,050 [INFO] NvicIntPanel:101 - NVIC parent = com.st.microxplorer.plugins.ip.nvic.MultiNvicIntPanel[,0,0,0x0,invalid,layout=javax.swing.BoxLayout,alignmentX=0.0,alignmentY=0.0,border=,flags=9,maximumSize=,minimumSize=,preferredSize=]
2026-06-08 15:06:57,544 [INFO] Gpio:278 - dependency for GPIO [ETH, RCC, SYS, USART3, USB_OTG_FS]
2026-06-08 15:07:54,669 [WARN] IP:2250 - lpm_enable not found: check if there is a RefParameter without a condition.
2026-06-08 15:07:54,670 [WARN] IP:2250 - lpm_enable not found: check if there is a RefParameter without a condition.
2026-06-08 15:07:54,696 [WARN] IP:2250 - LWIP_NETIF_HOSTNAME_NAME not found: check if there is a RefParameter without a condition.
2026-06-08 15:07:54,770 [WARN] IP:2250 - LWIP_NETIF_HOSTNAME_NAME not found: check if there is a RefParameter without a condition.
2026-06-08 15:07:54,869 [INFO] ParamManager:905 - [Generic UI] PropertyChangeEvent: TAB_STATUS_CHANGED , "dont care", "never mind"
2026-06-08 15:07:54,951 [WARN] IP:2250 - lpm_enable not found: check if there is a RefParameter without a condition.
2026-06-08 15:07:54,975 [WARN] IP:2250 - LWIP_NETIF_HOSTNAME_NAME not found: check if there is a RefParameter without a condition.
2026-06-08 15:07:55,094 [WARN] IP:2250 - lpm_enable not found: check if there is a RefParameter without a condition.
2026-06-08 15:07:55,111 [WARN] IP:2250 - LWIP_NETIF_HOSTNAME_NAME not found: check if there is a RefParameter without a condition.
2026-06-08 15:09:07,413 [INFO] UtilMem:75 - End SaveConfig() Used Memory: 1002624536 Bytes (1073741824)
2026-06-08 15:09:09,694 [INFO] UtilMem:75 - End SaveConfig() Used Memory: 675916464 Bytes (1073741824)
2026-06-08 15:09:10,516 [INFO] UtilMem:75 - End SaveConfig() Used Memory: 723102384 Bytes (1073741824)
2026-06-08 15:09:11,539 [INFO] ProjectBuilder:2395 - IP not ready for code generation: LWIP
2026-06-08 15:12:04,532 [INFO] BlockDiagram:2775 - set Specific Code input for plugin: FREERTOS
2026-06-08 15:12:04,532 [INFO] BlockDiagram:2775 - set Specific Code input for plugin: SYS
2026-06-08 15:12:04,534 [INFO] BlockDiagram:2775 - set Specific Code input for plugin: RCC
2026-06-08 15:12:04,535 [INFO] BlockDiagram:2775 - set Specific Code input for plugin: USB_OTG_FS
2026-06-08 15:12:04,535 [INFO] BlockDiagram:2775 - set Specific Code input for plugin: NVIC
2026-06-08 15:12:04,535 [INFO] BlockDiagram:2775 - set Specific Code input for plugin: LWIP
2026-06-08 15:12:04,537 [INFO] BlockDiagram:2775 - set Specific Code input for plugin: USART
2026-06-08 15:12:04,539 [INFO] BlockDiagram:2775 - set Specific Code input for plugin: GPIO
2026-06-08 15:12:04,541 [INFO] BlockDiagram:2775 - set Specific Code input for plugin: ETH
2026-06-08 15:12:04,552 [INFO] CodeGenerator:892 - code generatio: config db path: C:\ST\STM32CubeIDE_1.19.0\STM32CubeIDE\plugins\com.st.stm32cube.common.mx_6.15.0.202507011659\\db\
2026-06-08 15:12:04,739 [WARN] IP:2250 - LWIP_NETIF_HOSTNAME_NAME not found: check if there is a RefParameter without a condition.
2026-06-08 15:12:04,817 [WARN] IP:2250 - lpm_enable not found: check if there is a RefParameter without a condition.
2026-06-08 15:12:05,377 [INFO] CodeEngine:265 - oldGeneratedFile, C:\Users\ASUS\STM32CubeIDE\workspace_ETH_LWIP\LWIP_ETH\MXTmpFiles\license.tmp_save
2026-06-08 15:12:07,556 [INFO] CodeEngine:289 - Generated code: C:\Users\ASUS\STM32CubeIDE\workspace_ETH_LWIP\LWIP_ETH\MXTmpFiles\license.tmp
2026-06-08 15:12:08,068 [INFO] CodeEngine:265 - oldGeneratedFile, C:\Users\ASUS\STM32CubeIDE\workspace_ETH_LWIP\LWIP_ETH\MXTmpFiles\gpio.tmp_save
2026-06-08 15:12:08,550 [INFO] CodeEngine:289 - Generated code: C:\Users\ASUS\STM32CubeIDE\workspace_ETH_LWIP\LWIP_ETH\MXTmpFiles\gpio.tmp
2026-06-08 15:12:09,101 [INFO] CodeEngine:265 - oldGeneratedFile, C:\Users\ASUS\STM32CubeIDE\workspace_ETH_LWIP\LWIP_ETH\MXTmpFiles\eth_vars.tmp_save
2026-06-08 15:12:09,357 [INFO] CodeEngine:289 - Generated code: C:\Users\ASUS\STM32CubeIDE\workspace_ETH_LWIP\LWIP_ETH\MXTmpFiles\eth_vars.tmp
2026-06-08 15:12:09,390 [INFO] CodeEngine:265 - oldGeneratedFile, C:\Users\ASUS\STM32CubeIDE\workspace_ETH_LWIP\LWIP_ETH\MXTmpFiles\eth_inc.tmp_save
2026-06-08 15:12:09,738 [INFO] CodeEngine:289 - Generated code: C:\Users\ASUS\STM32CubeIDE\workspace_ETH_LWIP\LWIP_ETH\MXTmpFiles\eth_inc.tmp
2026-06-08 15:12:09,773 [INFO] CodeEngine:265 - oldGeneratedFile, C:\Users\ASUS\STM32CubeIDE\workspace_ETH_LWIP\LWIP_ETH\MXTmpFiles\eth_HalInit.tmp_save
2026-06-08 15:12:10,281 [INFO] CodeEngine:289 - Generated code: C:\Users\ASUS\STM32CubeIDE\workspace_ETH_LWIP\LWIP_ETH\MXTmpFiles\eth_HalInit.tmp
2026-06-08 15:12:10,512 [INFO] CodeEngine:265 - oldGeneratedFile, C:\Users\ASUS\STM32CubeIDE\workspace_ETH_LWIP\LWIP_ETH\MXTmpFiles\eth_Msp.tmp_save
2026-06-08 15:12:11,193 [INFO] CodeEngine:289 - Generated code: C:\Users\ASUS\STM32CubeIDE\workspace_ETH_LWIP\LWIP_ETH\MXTmpFiles\eth_Msp.tmp
2026-06-08 15:12:12,460 [INFO] Middleware:1452 - No code input for Bsp Dependency
2026-06-08 15:12:12,491 [INFO] CodeEngine:265 - oldGeneratedFile, C:\Users\ASUS\STM32CubeIDE\workspace_ETH_LWIP\LWIP_ETH\MXTmpFiles\rtos_inc.tmp_save
2026-06-08 15:12:12,672 [INFO] CodeEngine:289 - Generated code: C:\Users\ASUS\STM32CubeIDE\workspace_ETH_LWIP\LWIP_ETH\MXTmpFiles\rtos_inc.tmp
2026-06-08 15:12:12,689 [INFO] CodeEngine:265 - oldGeneratedFile, C:\Users\ASUS\STM32CubeIDE\workspace_ETH_LWIP\LWIP_ETH\MXTmpFiles\rtos_kernelInit.tmp_save
2026-06-08 15:12:12,894 [INFO] CodeEngine:289 - Generated code: C:\Users\ASUS\STM32CubeIDE\workspace_ETH_LWIP\LWIP_ETH\MXTmpFiles\rtos_kernelInit.tmp
2026-06-08 15:12:12,911 [INFO] CodeEngine:265 - oldGeneratedFile, C:\Users\ASUS\STM32CubeIDE\workspace_ETH_LWIP\LWIP_ETH\MXTmpFiles\rtos_kernelStart.tmp_save
2026-06-08 15:12:13,090 [INFO] CodeEngine:289 - Generated code: C:\Users\ASUS\STM32CubeIDE\workspace_ETH_LWIP\LWIP_ETH\MXTmpFiles\rtos_kernelStart.tmp
2026-06-08 15:12:13,113 [INFO] CodeEngine:265 - oldGeneratedFile, C:\Users\ASUS\STM32CubeIDE\workspace_ETH_LWIP\LWIP_ETH\MXTmpFiles\rtos_typedefs.tmp_save
2026-06-08 15:12:13,326 [INFO] CodeEngine:289 - Generated code: C:\Users\ASUS\STM32CubeIDE\workspace_ETH_LWIP\LWIP_ETH\MXTmpFiles\rtos_typedefs.tmp
2026-06-08 15:12:13,347 [INFO] CodeEngine:265 - oldGeneratedFile, C:\Users\ASUS\STM32CubeIDE\workspace_ETH_LWIP\LWIP_ETH\MXTmpFiles\rtos_vars.tmp_save
2026-06-08 15:12:13,544 [INFO] CodeEngine:289 - Generated code: C:\Users\ASUS\STM32CubeIDE\workspace_ETH_LWIP\LWIP_ETH\MXTmpFiles\rtos_vars.tmp
2026-06-08 15:12:13,562 [INFO] CodeEngine:265 - oldGeneratedFile, C:\Users\ASUS\STM32CubeIDE\workspace_ETH_LWIP\LWIP_ETH\MXTmpFiles\rtos_pfp.tmp_save
2026-06-08 15:12:13,746 [INFO] CodeEngine:289 - Generated code: C:\Users\ASUS\STM32CubeIDE\workspace_ETH_LWIP\LWIP_ETH\MXTmpFiles\rtos_pfp.tmp
2026-06-08 15:12:13,766 [INFO] CodeEngine:265 - oldGeneratedFile, C:\Users\ASUS\STM32CubeIDE\workspace_ETH_LWIP\LWIP_ETH\MXTmpFiles\rtos_obj_creat.tmp_save
2026-06-08 15:12:13,921 [INFO] CodeEngine:289 - Generated code: C:\Users\ASUS\STM32CubeIDE\workspace_ETH_LWIP\LWIP_ETH\MXTmpFiles\rtos_obj_creat.tmp
2026-06-08 15:12:13,944 [INFO] CodeEngine:265 - oldGeneratedFile, C:\Users\ASUS\STM32CubeIDE\workspace_ETH_LWIP\LWIP_ETH\MXTmpFiles\rtos_default_thread.tmp_save
2026-06-08 15:12:14,135 [INFO] CodeEngine:289 - Generated code: C:\Users\ASUS\STM32CubeIDE\workspace_ETH_LWIP\LWIP_ETH\MXTmpFiles\rtos_default_thread.tmp
2026-06-08 15:12:14,157 [INFO] CodeEngine:265 - oldGeneratedFile, C:\Users\ASUS\STM32CubeIDE\workspace_ETH_LWIP\LWIP_ETH\MXTmpFiles\rtos_threads.tmp_save
2026-06-08 15:12:14,363 [INFO] CodeEngine:289 - Generated code: C:\Users\ASUS\STM32CubeIDE\workspace_ETH_LWIP\LWIP_ETH\MXTmpFiles\rtos_threads.tmp
2026-06-08 15:12:14,526 [INFO] Middleware:1452 - No code input for Bsp Dependency
2026-06-08 15:12:14,624 [INFO] Middleware:1452 - No code input for Bsp Dependency
2026-06-08 15:12:14,647 [INFO] CodeEngine:265 - oldGeneratedFile, C:\Users\ASUS\STM32CubeIDE\workspace_ETH_LWIP\LWIP_ETH\MXTmpFiles\rtos_inc.tmp_save
2026-06-08 15:12:14,760 [INFO] CodeEngine:289 - Generated code: C:\Users\ASUS\STM32CubeIDE\workspace_ETH_LWIP\LWIP_ETH\MXTmpFiles\rtos_inc.tmp
2026-06-08 15:12:14,790 [INFO] CodeEngine:265 - oldGeneratedFile, C:\Users\ASUS\STM32CubeIDE\workspace_ETH_LWIP\LWIP_ETH\MXTmpFiles\rtos_kernelInit.tmp_save
2026-06-08 15:12:14,899 [INFO] CodeEngine:289 - Generated code: C:\Users\ASUS\STM32CubeIDE\workspace_ETH_LWIP\LWIP_ETH\MXTmpFiles\rtos_kernelInit.tmp
2026-06-08 15:12:14,918 [INFO] CodeEngine:265 - oldGeneratedFile, C:\Users\ASUS\STM32CubeIDE\workspace_ETH_LWIP\LWIP_ETH\MXTmpFiles\rtos_kernelStart.tmp_save
2026-06-08 15:12:15,044 [INFO] CodeEngine:289 - Generated code: C:\Users\ASUS\STM32CubeIDE\workspace_ETH_LWIP\LWIP_ETH\MXTmpFiles\rtos_kernelStart.tmp
2026-06-08 15:12:15,069 [INFO] CodeEngine:265 - oldGeneratedFile, C:\Users\ASUS\STM32CubeIDE\workspace_ETH_LWIP\LWIP_ETH\MXTmpFiles\rtos_typedefs.tmp_save
2026-06-08 15:12:15,233 [INFO] CodeEngine:289 - Generated code: C:\Users\ASUS\STM32CubeIDE\workspace_ETH_LWIP\LWIP_ETH\MXTmpFiles\rtos_typedefs.tmp
2026-06-08 15:12:15,256 [INFO] CodeEngine:265 - oldGeneratedFile, C:\Users\ASUS\STM32CubeIDE\workspace_ETH_LWIP\LWIP_ETH\MXTmpFiles\rtos_vars.tmp_save
2026-06-08 15:12:15,386 [INFO] CodeEngine:289 - Generated code: C:\Users\ASUS\STM32CubeIDE\workspace_ETH_LWIP\LWIP_ETH\MXTmpFiles\rtos_vars.tmp
2026-06-08 15:12:15,401 [INFO] CodeEngine:265 - oldGeneratedFile, C:\Users\ASUS\STM32CubeIDE\workspace_ETH_LWIP\LWIP_ETH\MXTmpFiles\rtos_pfp.tmp_save
2026-06-08 15:12:15,504 [INFO] CodeEngine:289 - Generated code: C:\Users\ASUS\STM32CubeIDE\workspace_ETH_LWIP\LWIP_ETH\MXTmpFiles\rtos_pfp.tmp
2026-06-08 15:12:15,526 [INFO] CodeEngine:265 - oldGeneratedFile, C:\Users\ASUS\STM32CubeIDE\workspace_ETH_LWIP\LWIP_ETH\MXTmpFiles\rtos_obj_creat.tmp_save
2026-06-08 15:12:15,661 [INFO] CodeEngine:289 - Generated code: C:\Users\ASUS\STM32CubeIDE\workspace_ETH_LWIP\LWIP_ETH\MXTmpFiles\rtos_obj_creat.tmp
2026-06-08 15:12:15,683 [INFO] CodeEngine:265 - oldGeneratedFile, C:\Users\ASUS\STM32CubeIDE\workspace_ETH_LWIP\LWIP_ETH\MXTmpFiles\rtos_default_thread.tmp_save
2026-06-08 15:12:15,830 [INFO] CodeEngine:289 - Generated code: C:\Users\ASUS\STM32CubeIDE\workspace_ETH_LWIP\LWIP_ETH\MXTmpFiles\rtos_default_thread.tmp
2026-06-08 15:12:15,851 [INFO] CodeEngine:265 - oldGeneratedFile, C:\Users\ASUS\STM32CubeIDE\workspace_ETH_LWIP\LWIP_ETH\MXTmpFiles\rtos_threads.tmp_save
2026-06-08 15:12:15,966 [INFO] CodeEngine:289 - Generated code: C:\Users\ASUS\STM32CubeIDE\workspace_ETH_LWIP\LWIP_ETH\MXTmpFiles\rtos_threads.tmp
2026-06-08 15:12:15,979 [INFO] CodeEngine:265 - oldGeneratedFile, C:\Users\ASUS\STM32CubeIDE\workspace_ETH_LWIP\LWIP_ETH\Core\Inc\FreeRTOSConfig.h_save
2026-06-08 15:12:16,131 [INFO] CodeEngine:289 - Generated code: C:\Users\ASUS\STM32CubeIDE\workspace_ETH_LWIP\LWIP_ETH\Core\Inc\FreeRTOSConfig.h
2026-06-08 15:12:16,154 [INFO] CodeEngine:265 - oldGeneratedFile, C:\Users\ASUS\STM32CubeIDE\workspace_ETH_LWIP\LWIP_ETH\Core\Src\freertos.c_save
2026-06-08 15:12:16,367 [INFO] CodeEngine:289 - Generated code: C:\Users\ASUS\STM32CubeIDE\workspace_ETH_LWIP\LWIP_ETH\Core\Src\freertos.c
2026-06-08 15:12:16,404 [INFO] Middleware:1452 - No code input for Bsp Dependency
2026-06-08 15:12:16,458 [INFO] CodeEngine:265 - oldGeneratedFile, C:\Users\ASUS\STM32CubeIDE\workspace_ETH_LWIP\LWIP_ETH\LWIP\App\lwip.c_save
2026-06-08 15:12:16,934 [INFO] CodeEngine:289 - Generated code: C:\Users\ASUS\STM32CubeIDE\workspace_ETH_LWIP\LWIP_ETH\LWIP\App\lwip.c
2026-06-08 15:12:16,960 [INFO] CodeEngine:265 - oldGeneratedFile, C:\Users\ASUS\STM32CubeIDE\workspace_ETH_LWIP\LWIP_ETH\LWIP\App\lwip.h_save
2026-06-08 15:12:17,148 [INFO] CodeEngine:289 - Generated code: C:\Users\ASUS\STM32CubeIDE\workspace_ETH_LWIP\LWIP_ETH\LWIP\App\lwip.h
2026-06-08 15:12:17,177 [INFO] CodeEngine:265 - oldGeneratedFile, C:\Users\ASUS\STM32CubeIDE\workspace_ETH_LWIP\LWIP_ETH\LWIP\Target\lwipopts.h_save
2026-06-08 15:12:17,857 [INFO] CodeEngine:289 - Generated code: C:\Users\ASUS\STM32CubeIDE\workspace_ETH_LWIP\LWIP_ETH\LWIP\Target\lwipopts.h
2026-06-08 15:12:17,895 [INFO] CodeEngine:265 - oldGeneratedFile, C:\Users\ASUS\STM32CubeIDE\workspace_ETH_LWIP\LWIP_ETH\LWIP\Target\ethernetif.c_save
2026-06-08 15:12:18,155 [INFO] CodeEngine:289 - Generated code: C:\Users\ASUS\STM32CubeIDE\workspace_ETH_LWIP\LWIP_ETH\LWIP\Target\ethernetif.c
2026-06-08 15:12:18,182 [INFO] CodeEngine:265 - oldGeneratedFile, C:\Users\ASUS\STM32CubeIDE\workspace_ETH_LWIP\LWIP_ETH\LWIP\Target\ethernetif.h_save
2026-06-08 15:12:18,418 [INFO] CodeEngine:289 - Generated code: C:\Users\ASUS\STM32CubeIDE\workspace_ETH_LWIP\LWIP_ETH\LWIP\Target\ethernetif.h
2026-06-08 15:12:18,529 [INFO] CodeEngine:265 - oldGeneratedFile, C:\Users\ASUS\STM32CubeIDE\workspace_ETH_LWIP\LWIP_ETH\Core\Src\stm32f2xx_it.c_save
2026-06-08 15:12:19,017 [INFO] CodeEngine:289 - Generated code: C:\Users\ASUS\STM32CubeIDE\workspace_ETH_LWIP\LWIP_ETH\Core\Src\stm32f2xx_it.c
2026-06-08 15:12:19,051 [INFO] CodeEngine:265 - oldGeneratedFile, C:\Users\ASUS\STM32CubeIDE\workspace_ETH_LWIP\LWIP_ETH\Core\Inc\stm32f2xx_it.h_save
2026-06-08 15:12:19,335 [INFO] CodeEngine:289 - Generated code: C:\Users\ASUS\STM32CubeIDE\workspace_ETH_LWIP\LWIP_ETH\Core\Inc\stm32f2xx_it.h
2026-06-08 15:12:19,439 [INFO] CodeEngine:265 - oldGeneratedFile, C:\Users\ASUS\STM32CubeIDE\workspace_ETH_LWIP\LWIP_ETH\Core\Src\stm32f2xx_hal_msp.c_save
2026-06-08 15:12:19,953 [INFO] CodeEngine:289 - Generated code: C:\Users\ASUS\STM32CubeIDE\workspace_ETH_LWIP\LWIP_ETH\Core\Src\stm32f2xx_hal_msp.c
2026-06-08 15:12:19,977 [INFO] CodeEngine:265 - oldGeneratedFile, C:\Users\ASUS\STM32CubeIDE\workspace_ETH_LWIP\LWIP_ETH\MXTmpFiles\system.tmp_save
2026-06-08 15:12:20,188 [INFO] CodeEngine:289 - Generated code: C:\Users\ASUS\STM32CubeIDE\workspace_ETH_LWIP\LWIP_ETH\MXTmpFiles\system.tmp
2026-06-08 15:12:20,217 [INFO] CodeEngine:265 - oldGeneratedFile, C:\Users\ASUS\STM32CubeIDE\workspace_ETH_LWIP\LWIP_ETH\Core\Src\stm32f2xx_hal_timebase_tim.c_save
2026-06-08 15:12:20,437 [INFO] CodeEngine:289 - Generated code: C:\Users\ASUS\STM32CubeIDE\workspace_ETH_LWIP\LWIP_ETH\Core\Src\stm32f2xx_hal_timebase_tim.c
2026-06-08 15:12:20,487 [INFO] CodeEngine:321 - oldGeneratedFile, C:\Users\ASUS\STM32CubeIDE\workspace_ETH_LWIP\LWIP_ETH\Core\Inc\stm32f2xx_hal_conf.h_save
2026-06-08 15:12:20,665 [INFO] CodeEngine:345 - Generated code: C:\Users\ASUS\STM32CubeIDE\workspace_ETH_LWIP\LWIP_ETH\Core\Inc\stm32f2xx_hal_conf.h
2026-06-08 15:12:20,769 [INFO] ApiDbMcu:532 - Load IP Config File for USART3
2026-06-08 15:12:20,774 [INFO] ApiDbMcu:532 - Load IP Config File for USB_OTG_FS
2026-06-08 15:12:20,780 [INFO] ApiDbMcu:532 - Load IP Config File for RCC
2026-06-08 15:12:20,805 [WARN] IPConfigManager:3811 - IP not found : USB_OTG
2026-06-08 15:12:20,809 [WARN] CodeGenerator:4259 - IP not found : null
2026-06-08 15:12:20,846 [INFO] CodeEngine:265 - oldGeneratedFile, C:\Users\ASUS\STM32CubeIDE\workspace_ETH_LWIP\LWIP_ETH\Core\Inc\main.h_save
2026-06-08 15:12:21,204 [INFO] CodeEngine:289 - Generated code: C:\Users\ASUS\STM32CubeIDE\workspace_ETH_LWIP\LWIP_ETH\Core\Inc\main.h
2026-06-08 15:12:21,240 [INFO] CodeEngine:265 - oldGeneratedFile, C:\Users\ASUS\STM32CubeIDE\workspace_ETH_LWIP\LWIP_ETH\Core\Src\main.c_save
2026-06-08 15:12:21,978 [INFO] CodeEngine:289 - Generated code: C:\Users\ASUS\STM32CubeIDE\workspace_ETH_LWIP\LWIP_ETH\Core\Src\main.c
2026-06-08 15:12:25,328 [ERROR] ProjectBuilder:7359 - Problem during Copy of File LICENSE.txt
2026-06-08 15:12:25,348 [ERROR] ProjectBuilder:7359 - Problem during Copy of File LICENSE.txt
2026-06-08 15:12:25,424 [ERROR] ProjectBuilder:7359 - Problem during Copy of File LICENSE.txt
2026-06-08 15:12:27,548 [INFO] ProjectBuilder:3606 - Time for Copy HAL[1] : 3510mS.
2026-06-08 15:12:27,686 [INFO] ProjectBuilder:5216 - Project Generator version: 4.7.0-B52
2026-06-08 15:12:28,151 [INFO] ConfigFileManager:1595 - The Die is : DIE411
2026-06-08 15:12:28,276 [INFO] ApiDbMcu:532 - Load IP Config File for FATFS
2026-06-08 15:12:28,284 [INFO] ApiDbMcu:532 - Load IP Config File for LIBJPEG
2026-06-08 15:12:28,328 [INFO] ApiDbMcu:532 - Load IP Config File for MBEDTLS
2026-06-08 15:12:28,366 [INFO] ApiDbMcu:532 - Load IP Config File for USB_DEVICE
2026-06-08 15:12:28,381 [INFO] ApiDbMcu:532 - Load IP Config File for USB_HOST
2026-06-08 15:12:31,893 [INFO] LogOutputStream:77 - [STDOUT_REDIRECT] 
2026-06-08 15:12:58,726 [INFO] ProjectBuilder:5496 - Time for Generating toolchain IDE Files: 31031mS.
2026-06-08 15:12:58,764 [INFO] ProjectBuilder:3463 - Time for Copy CMSIS : 8mS.
2026-06-08 15:12:59,219 [INFO] ProjectBuilder:3463 - Time for Copy CMSIS : 0mS.
2026-06-08 15:13:25,008 [ERROR] LogOutputStream:75 - [STDERR_REDIRECT] 
2026-06-08 15:13:25,023 [ERROR] LogOutputStream:75 - [STDERR_REDIRECT] 
2026-06-08 16:26:20,995 [INFO] Activator:176 - 


2026-06-08 16:26:21,007 [INFO] Activator:177 - !SESSION log4j initialized
2026-06-08 16:27:00,340 [INFO] LogOutputStream:77 - [STDOUT_REDIRECT] 
2026-06-08 16:27:10,929 [INFO] ApplicationProperties:184 - Using Application install path: C:\ST\STM32CubeIDE_1.19.0\STM32CubeIDE\plugins\com.st.stm32cube.common.mx_6.15.0.202507011659
2026-06-08 16:27:11,028 [INFO] DbMcusXml:78 - Set database path to: C:\ST\STM32CubeIDE_1.19.0\STM32CubeIDE\plugins\com.st.stm32cube.common.mx_6.15.0.202507011659\\db\/mcu/
2026-06-08 16:27:11,028 [INFO] ApiDb:274 - Set plugin database path to: C:\ST\STM32CubeIDE_1.19.0\STM32CubeIDE\plugins\com.st.stm32cube.common.mx_6.15.0.202507011659\\db\/plugins/boardmanager/
2026-06-08 16:27:11,028 [WARN] ApiDb:259 - Overriding images path with different value:  => C:\ST\STM32CubeIDE_1.19.0\STM32CubeIDE\plugins\com.st.stm32cube.common.mx_6.15.0.202507011659\\db\/plugins/mcufinder/images/
2026-06-08 16:27:11,075 [INFO] ApiDb:250 - Set database path to: C:\Users\ASUS\.stmcufinder\plugins\mcufinder//mcu/
2026-06-08 16:27:11,077 [INFO] DbMcusAds:125 - Set database path to: C:\Users\ASUS\.stmcufinder\plugins\mcufinder//mcu/
2026-06-08 16:27:11,091 [INFO] CrossReferenceDbSqlite:203 - Set database path to: C:\Users\ASUS\.stmcufinder\plugins\mcufinder//mcu/cs/
2026-06-08 16:27:11,590 [INFO] RulesReader:64 - Compatibility file has been processed (317 Rules)
2026-06-08 16:27:12,191 [INFO] DbMcusXml:78 - Set database path to: C:\ST\STM32CubeIDE_1.19.0\STM32CubeIDE\plugins\com.st.stm32cube.common.mx_6.15.0.202507011659\\db\/mcu/
2026-06-08 16:27:12,192 [INFO] ApiDb:274 - Set plugin database path to: C:\ST\STM32CubeIDE_1.19.0\STM32CubeIDE\plugins\com.st.stm32cube.common.mx_6.15.0.202507011659\\db\/plugins/boardmanager/
2026-06-08 16:27:12,195 [INFO] ApiDb:261 - Set plugin images path to: C:\ST\STM32CubeIDE_1.19.0\STM32CubeIDE\plugins\com.st.stm32cube.common.mx_6.15.0.202507011659\\db\/plugins/mcufinder/images/
2026-06-08 16:27:12,195 [WARN] DbFile:41 - Overriding database path with different value: C:\Users\ASUS\.stmcufinder\plugins\mcufinder/ => C:\Users\ASUS\.stmcufinder\plugins\mcufinder
2026-06-08 16:27:12,195 [INFO] ApiDb:250 - Set database path to: C:\Users\ASUS\.stmcufinder\plugins\mcufinder//mcu/
2026-06-08 16:27:12,195 [WARN] DbFile:41 - Overriding database path with different value: C:\Users\ASUS\.stmcufinder\plugins\mcufinder/ => C:\Users\ASUS\.stmcufinder\plugins\mcufinder
2026-06-08 16:27:12,195 [INFO] DbMcusAds:125 - Set database path to: C:\Users\ASUS\.stmcufinder\plugins\mcufinder//mcu/
2026-06-08 16:27:12,195 [WARN] DbFile:41 - Overriding database path with different value: C:\Users\ASUS\.stmcufinder\plugins\mcufinder/ => C:\Users\ASUS\.stmcufinder\plugins\mcufinder
2026-06-08 16:27:12,199 [WARN] DbFile:41 - Overriding database path with different value: C:\Users\ASUS\.stmcufinder\plugins\mcufinder/ => C:\Users\ASUS\.stmcufinder\plugins\mcufinder
2026-06-08 16:27:12,200 [INFO] CrossReferenceDbSqlite:203 - Set database path to: C:\Users\ASUS\.stmcufinder\plugins\mcufinder//mcu/cs/
2026-06-08 16:27:13,031 [INFO] MainPanel:274 - HeapMemory: 269484032
2026-06-08 16:27:13,399 [INFO] DbMcusXml:78 - Set database path to: C:\ST\STM32CubeIDE_1.19.0\STM32CubeIDE\plugins\com.st.stm32cube.common.mx_6.15.0.202507011659\\db\/mcu/
2026-06-08 16:27:13,401 [INFO] ApiDb:274 - Set plugin database path to: C:\ST\STM32CubeIDE_1.19.0\STM32CubeIDE\plugins\com.st.stm32cube.common.mx_6.15.0.202507011659\\db\/plugins/boardmanager/
2026-06-08 16:27:13,401 [INFO] ApiDb:261 - Set plugin images path to: C:\ST\STM32CubeIDE_1.19.0\STM32CubeIDE\plugins\com.st.stm32cube.common.mx_6.15.0.202507011659\\db\/plugins/mcufinder/images/
2026-06-08 16:27:13,401 [WARN] DbFile:41 - Overriding database path with different value: C:\Users\ASUS\.stmcufinder\plugins\mcufinder/ => C:\Users\ASUS\.stmcufinder\plugins\mcufinder
2026-06-08 16:27:13,401 [INFO] ApiDb:250 - Set database path to: C:\Users\ASUS\.stmcufinder\plugins\mcufinder//mcu/
2026-06-08 16:27:13,401 [WARN] DbFile:41 - Overriding database path with different value: C:\Users\ASUS\.stmcufinder\plugins\mcufinder/ => C:\Users\ASUS\.stmcufinder\plugins\mcufinder
2026-06-08 16:27:13,401 [INFO] DbMcusAds:125 - Set database path to: C:\Users\ASUS\.stmcufinder\plugins\mcufinder//mcu/
2026-06-08 16:27:13,401 [WARN] DbFile:41 - Overriding database path with different value: C:\Users\ASUS\.stmcufinder\plugins\mcufinder/ => C:\Users\ASUS\.stmcufinder\plugins\mcufinder
2026-06-08 16:27:13,401 [WARN] DbFile:41 - Overriding database path with different value: C:\Users\ASUS\.stmcufinder\plugins\mcufinder/ => C:\Users\ASUS\.stmcufinder\plugins\mcufinder
2026-06-08 16:27:13,430 [INFO] CrossReferenceDbSqlite:203 - Set database path to: C:\Users\ASUS\.stmcufinder\plugins\mcufinder//mcu/cs/
2026-06-08 16:27:13,499 [INFO] ApplicationProperties:184 - Using Application install path: C:\ST\STM32CubeIDE_1.19.0\STM32CubeIDE\plugins\com.st.stm32cube.common.mx_6.15.0.202507011659
2026-06-08 16:27:13,501 [INFO] PluginManage:196 - Search for loadable plugins [exclusion list=, ]
2026-06-08 16:27:13,501 [INFO] PluginManage:310 - Check plugin analytics
2026-06-08 16:27:15,962 [INFO] AnalyticsPlugin:253 - Accepted Software Licenses: 
2026-06-08 16:27:15,964 [INFO] AnalyticsPlugin:255 - Accepted CMSIS Pack Licenses: 
2026-06-08 16:27:15,966 [INFO] AnalyticsPlugin:257 - Accepted Firmware Licenses: FW.F4.1.28.0,FW.C0.1.4.0
2026-06-08 16:27:15,982 [INFO] PluginManage:359 - Loaded plugin analytics (category:tool,tabindex:-1)
2026-06-08 16:27:15,984 [INFO] PluginManage:310 - Check plugin cadmodel
2026-06-08 16:27:16,018 [INFO] CADModel:105 - Init CAD model plugin
2026-06-08 16:27:16,024 [INFO] PluginManage:359 - Loaded plugin cadmodel (category:power,tabindex:5)
2026-06-08 16:27:16,026 [INFO] PluginManage:310 - Check plugin clock
2026-06-08 16:27:16,086 [INFO] PluginManage:359 - Loaded plugin clock (category:base,tabindex:2)
2026-06-08 16:27:16,088 [INFO] PluginManage:310 - Check plugin ddr
2026-06-08 16:27:16,111 [INFO] PluginManage:359 - Loaded plugin ddr (category:tool,tabindex:6)
2026-06-08 16:27:16,112 [INFO] PluginManage:310 - Check plugin filemanager
2026-06-08 16:27:17,248 [INFO] PluginManage:359 - Loaded plugin filemanager (category:base,tabindex:10)
2026-06-08 16:27:17,249 [INFO] PluginManage:310 - Check plugin ipmanager
2026-06-08 16:27:17,308 [INFO] PluginManage:359 - Loaded plugin ipmanager (category:base,tabindex:5)
2026-06-08 16:27:17,309 [INFO] PluginManage:310 - Check plugin lpbam
2026-06-08 16:27:17,393 [INFO] PluginManage:359 - Loaded plugin lpbam (category:base,tabindex:0)
2026-06-08 16:27:17,394 [INFO] PluginManage:310 - Check plugin memorymap
2026-06-08 16:27:17,541 [INFO] PluginManage:359 - Loaded plugin memorymap (category:base,tabindex:4)
2026-06-08 16:27:17,542 [INFO] PluginManage:310 - Check plugin pinoutandconfiguration
2026-06-08 16:27:17,597 [INFO] PluginManage:359 - Loaded plugin pinoutandconfiguration (category:base,tabindex:1)
2026-06-08 16:27:17,597 [INFO] PluginManage:310 - Check plugin pinoutconfig
2026-06-08 16:27:18,611 [WARN] SupportedApi:132 - Cannot load RTOS API schema: s4s-elt-must-match.1: The content of 'definitions' must match (annotation?, (simpleType | complexType)?, (unique | key | keyref)*)). A problem was found starting at: attribute.
2026-06-08 16:27:19,403 [INFO] PluginManage:359 - Loaded plugin pinoutconfig (category:base,tabindex:0)
2026-06-08 16:27:19,403 [INFO] PluginManage:310 - Check plugin power
2026-06-08 16:27:19,458 [INFO] PluginManage:359 - Loaded plugin power (category:power,tabindex:4)
2026-06-08 16:27:19,458 [INFO] PluginManage:310 - Check plugin projectmanager
2026-06-08 16:27:19,672 [INFO] PluginManage:359 - Loaded plugin projectmanager (category:projectmanager,tabindex:4)
2026-06-08 16:27:19,673 [INFO] PluginManage:310 - Check plugin rif
2026-06-08 16:27:19,750 [INFO] PluginManage:359 - Loaded plugin rif (category:base,tabindex:3)
2026-06-08 16:27:19,750 [INFO] PluginManage:310 - Check plugin thirdparty
2026-06-08 16:27:20,505 [WARN] IntegrityCheckThread:84 - waiting for thirdparty lock release [integrity check]
2026-06-08 16:27:20,513 [INFO] PluginManage:359 - Loaded plugin thirdparty (category:base,tabindex:-1)
2026-06-08 16:27:20,511 [INFO] IntegrityCheckThread:86 - entering critical section [integrity check]
2026-06-08 16:27:20,515 [INFO] PluginManage:310 - Check plugin tools
2026-06-08 16:27:20,515 [INFO] ThirdPartyUpdaterWithRetryManager:70 - Updater plugin not ready yet. [1/15]
2026-06-08 16:27:20,536 [INFO] PluginManage:359 - Loaded plugin tools (category:base,tabindex:7)
2026-06-08 16:27:20,536 [INFO] PluginManage:310 - Check plugin tutovideos
2026-06-08 16:27:21,935 [INFO] PluginManage:359 - Loaded plugin tutovideos (category:base,tabindex:-1)
2026-06-08 16:27:21,935 [INFO] PluginManage:310 - Check plugin updater
2026-06-08 16:27:22,043 [INFO] PluginManage:359 - Loaded plugin updater (category:base,tabindex:12)
2026-06-08 16:27:22,043 [INFO] PluginManage:310 - Check plugin userauth
2026-06-08 16:27:22,062 [INFO] UserAuth:118 - Init User Auth plugin
2026-06-08 16:27:22,066 [INFO] PluginManage:359 - Loaded plugin userauth (category:base,tabindex:14)
2026-06-08 16:27:22,068 [INFO] PluginManage:283 - PluginManage : Loaded plugins [18]
2026-06-08 16:27:23,519 [INFO] ThirdPartyUpdaterWithRetryManager:70 - Updater plugin not ready yet. [2/15]
2026-06-08 16:27:23,573 [INFO] PinOutPanel:1589 - setPackage(No Configuration,No Configuration)
2026-06-08 16:27:23,905 [INFO] CADModel:165 - CPN selected for project level
2026-06-08 16:27:23,906 [INFO] CADModel:114 - Register for checkConnection events
2026-06-08 16:27:23,989 [INFO] IPUIPlugin:80 - create IPUIPlugin
2026-06-08 16:27:23,989 [INFO] PluginManager:220 - loadIPPluginJar : add adc
2026-06-08 16:27:24,000 [INFO] IPUIPlugin:80 - create IPUIPlugin
2026-06-08 16:27:24,001 [INFO] PluginManager:220 - loadIPPluginJar : add aes
2026-06-08 16:27:24,004 [INFO] IPUIPlugin:80 - create IPUIPlugin
2026-06-08 16:27:24,004 [INFO] PluginManager:220 - loadIPPluginJar : add can
2026-06-08 16:27:24,024 [INFO] IPUIPlugin:80 - create IPUIPlugin
2026-06-08 16:27:24,024 [INFO] PluginManager:220 - loadIPPluginJar : add comp
2026-06-08 16:27:24,041 [INFO] IPUIPlugin:80 - create IPUIPlugin
2026-06-08 16:27:24,041 [INFO] PluginManager:220 - loadIPPluginJar : add cryp
2026-06-08 16:27:24,054 [INFO] IPUIPlugin:80 - create IPUIPlugin
2026-06-08 16:27:24,054 [INFO] PluginManager:220 - loadIPPluginJar : add ddr_ctrl_phy
2026-06-08 16:27:24,070 [INFO] IPUIPlugin:80 - create IPUIPlugin
2026-06-08 16:27:24,070 [INFO] PluginManager:220 - loadIPPluginJar : add dfsdm
2026-06-08 16:27:24,089 [INFO] IPUIPlugin:80 - create IPUIPlugin
2026-06-08 16:27:24,094 [INFO] PluginManager:220 - loadIPPluginJar : add dma
2026-06-08 16:27:24,115 [INFO] IPUIPlugin:80 - create IPUIPlugin
2026-06-08 16:27:24,120 [INFO] PluginManager:220 - loadIPPluginJar : add dma3
2026-06-08 16:27:24,136 [INFO] IPUIPlugin:80 - create IPUIPlugin
2026-06-08 16:27:24,136 [INFO] PluginManager:220 - loadIPPluginJar : add extmemmanager
2026-06-08 16:27:24,141 [INFO] IPUIPlugin:80 - create IPUIPlugin
2026-06-08 16:27:24,141 [INFO] PluginManager:220 - loadIPPluginJar : add fatfs
2026-06-08 16:27:24,164 [INFO] IPUIPlugin:80 - create IPUIPlugin
2026-06-08 16:27:24,164 [INFO] PluginManager:220 - loadIPPluginJar : add fmc
2026-06-08 16:27:24,221 [INFO] IPUIPlugin:80 - create IPUIPlugin
2026-06-08 16:27:24,221 [INFO] PluginManager:220 - loadIPPluginJar : add freertos
2026-06-08 16:27:24,221 [INFO] IPUIPlugin:80 - create IPUIPlugin
2026-06-08 16:27:24,221 [INFO] PluginManager:220 - loadIPPluginJar : add genericplugin
2026-06-08 16:27:24,238 [INFO] IPUIPlugin:80 - create IPUIPlugin
2026-06-08 16:27:24,238 [INFO] PluginManager:220 - loadIPPluginJar : add gfxmmu
2026-06-08 16:27:24,273 [INFO] IPUIPlugin:80 - create IPUIPlugin
2026-06-08 16:27:24,273 [INFO] PluginManager:220 - loadIPPluginJar : add gic
2026-06-08 16:27:24,292 [INFO] IPUIPlugin:80 - create IPUIPlugin
2026-06-08 16:27:24,294 [INFO] PluginManager:220 - loadIPPluginJar : add gpio
2026-06-08 16:27:24,312 [INFO] IPUIPlugin:80 - create IPUIPlugin
2026-06-08 16:27:24,312 [INFO] PluginManager:220 - loadIPPluginJar : add gtzc
2026-06-08 16:27:24,321 [INFO] IPUIPlugin:80 - create IPUIPlugin
2026-06-08 16:27:24,321 [INFO] PluginManager:220 - loadIPPluginJar : add hash
2026-06-08 16:27:24,339 [INFO] IPUIPlugin:80 - create IPUIPlugin
2026-06-08 16:27:24,339 [INFO] PluginManager:220 - loadIPPluginJar : add i2c
2026-06-08 16:27:24,353 [INFO] IPUIPlugin:80 - create IPUIPlugin
2026-06-08 16:27:24,354 [INFO] PluginManager:220 - loadIPPluginJar : add i2s
2026-06-08 16:27:24,367 [INFO] IPUIPlugin:80 - create IPUIPlugin
2026-06-08 16:27:24,370 [INFO] PluginManager:220 - loadIPPluginJar : add i3c
2026-06-08 16:27:24,370 [INFO] IPUIPlugin:80 - create IPUIPlugin
2026-06-08 16:27:24,370 [INFO] PluginManager:220 - loadIPPluginJar : add ipddr
2026-06-08 16:27:24,405 [INFO] IPUIPlugin:80 - create IPUIPlugin
2026-06-08 16:27:24,405 [INFO] PluginManager:220 - loadIPPluginJar : add linkedlist
2026-06-08 16:27:24,414 [INFO] IPUIPlugin:80 - create IPUIPlugin
2026-06-08 16:27:24,415 [INFO] PluginManager:220 - loadIPPluginJar : add lorawan
2026-06-08 16:27:24,421 [INFO] IPUIPlugin:80 - create IPUIPlugin
2026-06-08 16:27:24,421 [INFO] PluginManager:220 - loadIPPluginJar : add ltdc
2026-06-08 16:27:24,438 [INFO] IPUIPlugin:80 - create IPUIPlugin
2026-06-08 16:27:24,438 [INFO] PluginManager:220 - loadIPPluginJar : add mdma
2026-06-08 16:27:24,452 [INFO] IPUIPlugin:80 - create IPUIPlugin
2026-06-08 16:27:24,452 [INFO] PluginManager:220 - loadIPPluginJar : add nvic
2026-06-08 16:27:24,471 [INFO] IPUIPlugin:80 - create IPUIPlugin
2026-06-08 16:27:24,471 [INFO] PluginManager:220 - loadIPPluginJar : add opamp
2026-06-08 16:27:24,484 [INFO] IPUIPlugin:80 - create IPUIPlugin
2026-06-08 16:27:24,485 [INFO] PluginManager:220 - loadIPPluginJar : add openamp
2026-06-08 16:27:24,494 [INFO] IPUIPlugin:80 - create IPUIPlugin
2026-06-08 16:27:24,494 [INFO] PluginManager:220 - loadIPPluginJar : add pdm2pcm
2026-06-08 16:27:24,517 [INFO] IPUIPlugin:80 - create IPUIPlugin
2026-06-08 16:27:24,521 [INFO] PluginManager:220 - loadIPPluginJar : add plateformsettings
2026-06-08 16:27:24,538 [INFO] IPUIPlugin:80 - create IPUIPlugin
2026-06-08 16:27:24,538 [INFO] PluginManager:220 - loadIPPluginJar : add quadspi
2026-06-08 16:27:24,570 [INFO] IPUIPlugin:80 - create IPUIPlugin
2026-06-08 16:27:24,570 [INFO] PluginManager:220 - loadIPPluginJar : add radio
2026-06-08 16:27:24,589 [INFO] IPUIPlugin:80 - create IPUIPlugin
2026-06-08 16:27:24,589 [INFO] PluginManager:220 - loadIPPluginJar : add resmgrutility
2026-06-08 16:27:24,608 [INFO] IPUIPlugin:80 - create IPUIPlugin
2026-06-08 16:27:24,608 [INFO] PluginManager:220 - loadIPPluginJar : add sai
2026-06-08 16:27:24,621 [INFO] IPUIPlugin:80 - create IPUIPlugin
2026-06-08 16:27:24,621 [INFO] PluginManager:220 - loadIPPluginJar : add spi
2026-06-08 16:27:24,654 [INFO] IPUIPlugin:80 - create IPUIPlugin
2026-06-08 16:27:24,656 [INFO] PluginManager:220 - loadIPPluginJar : add stm32_wpan
2026-06-08 16:27:24,656 [INFO] IPUIPlugin:80 - create IPUIPlugin
2026-06-08 16:27:24,656 [INFO] PluginManager:220 - loadIPPluginJar : add tim
2026-06-08 16:27:24,687 [INFO] IPUIPlugin:80 - create IPUIPlugin
2026-06-08 16:27:24,687 [INFO] PluginManager:220 - loadIPPluginJar : add touchsensing
2026-06-08 16:27:24,704 [INFO] IPUIPlugin:80 - create IPUIPlugin
2026-06-08 16:27:24,704 [INFO] PluginManager:220 - loadIPPluginJar : add tracer_emb
2026-06-08 16:27:24,710 [INFO] IPUIPlugin:80 - create IPUIPlugin
2026-06-08 16:27:24,712 [INFO] PluginManager:220 - loadIPPluginJar : add ts
2026-06-08 16:27:24,720 [INFO] IPUIPlugin:80 - create IPUIPlugin
2026-06-08 16:27:24,720 [INFO] PluginManager:220 - loadIPPluginJar : add tsc
2026-06-08 16:27:24,739 [INFO] IPUIPlugin:80 - create IPUIPlugin
2026-06-08 16:27:24,739 [INFO] PluginManager:220 - loadIPPluginJar : add ucpd
2026-06-08 16:27:24,755 [INFO] IPUIPlugin:80 - create IPUIPlugin
2026-06-08 16:27:24,755 [INFO] PluginManager:220 - loadIPPluginJar : add usart
2026-06-08 16:27:24,770 [INFO] IPUIPlugin:80 - create IPUIPlugin
2026-06-08 16:27:24,770 [INFO] PluginManager:220 - loadIPPluginJar : add usbx
2026-06-08 16:27:25,205 [FATAL] Updater:351 - Updater called before beeing initialized
2026-06-08 16:27:25,388 [INFO] RulesReader:64 - Compatibility file has been processed (317 Rules)
2026-06-08 16:27:25,470 [INFO] RulesReader:64 - Compatibility file has been processed (317 Rules)
2026-06-08 16:27:25,520 [INFO] CADModel:165 - CPN selected for project level
2026-06-08 16:27:25,520 [INFO] CADModel:114 - Register for checkConnection events
2026-06-08 16:27:25,521 [FATAL] Updater:351 - Updater called before beeing initialized
2026-06-08 16:27:25,521 [ERROR] CADModel:125 - Updater not yet initialized, retry later 
2026-06-08 16:27:26,535 [INFO] ThirdPartyUpdaterWithRetryManager:70 - Updater plugin not ready yet. [3/15]
2026-06-08 16:27:26,673 [FATAL] Updater:351 - Updater called before beeing initialized
2026-06-08 16:27:26,689 [INFO] CADModel:165 - CPN selected for project level
2026-06-08 16:27:26,689 [INFO] CADModel:114 - Register for checkConnection events
2026-06-08 16:27:26,689 [FATAL] Updater:351 - Updater called before beeing initialized
2026-06-08 16:27:26,689 [ERROR] CADModel:125 - Updater not yet initialized, retry later 
2026-06-08 16:27:26,715 [FATAL] Updater:351 - Updater called before beeing initialized
2026-06-08 16:27:27,529 [FATAL] Updater:351 - Updater called before beeing initialized
2026-06-08 16:27:27,562 [INFO] DbMcusAds:53 - JSON generation date=Thu May 28 21:38:17 IST 2026 (1779984497073)
2026-06-08 16:27:27,565 [FATAL] Updater:351 - Updater called before beeing initialized
2026-06-08 16:27:27,729 [WARN] DetailPanel:346 - Failed to get advertising image, set to default
2026-06-08 16:27:28,227 [FATAL] Updater:351 - Updater called before beeing initialized
2026-06-08 16:27:28,238 [FATAL] Updater:351 - Updater called before beeing initialized
2026-06-08 16:27:28,243 [FATAL] Updater:351 - Updater called before beeing initialized
2026-06-08 16:27:28,243 [WARN] DetailPanel:346 - Failed to get advertising image, set to default
2026-06-08 16:27:28,245 [FATAL] Updater:351 - Updater called before beeing initialized
2026-06-08 16:27:28,457 [ERROR] Updater:1198 - MainUpdater not yet initialized. External WinMGr cannot be set.
2026-06-08 16:27:28,473 [INFO] Updater:1134 - Updater Version found : 6.15.0
2026-06-08 16:27:28,535 [INFO] ApplicationProperties:184 - Using Application install path: C:\ST\STM32CubeIDE_1.19.0\STM32CubeIDE\plugins\com.st.stm32cube.common.mx_6.15.0.202507011659
2026-06-08 16:27:29,541 [FATAL] Updater:351 - Updater called before beeing initialized
2026-06-08 16:27:29,543 [ERROR] IntegrityCheckThread:130 - Cannot retrieve database content from updater: error 21
2026-06-08 16:27:29,545 [INFO] ThirdParty:978 - Integrity check success = false
2026-06-08 16:27:29,545 [INFO] IntegrityCheckThread:100 - exiting critical section [integrity check]
2026-06-08 16:27:29,545 [INFO] IntegrityCheckThread:103 - End integrity checks thread
2026-06-08 16:27:30,253 [ERROR] LogOutputStream:75 - [STDERR_REDIRECT] Jun 08, 2026 4:27:30 PM java.util.prefs.WindowsPreferences <init>
2026-06-08 16:27:30,269 [ERROR] LogOutputStream:75 - [STDERR_REDIRECT] WARNING: Could not open/create prefs root node Software\JavaSoft\Prefs at root 0xffffffff80000002. Windows RegCreateKeyEx(...) returned error code 5.
2026-06-08 16:27:30,269 [ERROR] LogOutputStream:75 - [STDERR_REDIRECT] 
2026-06-08 16:27:32,757 [INFO] MainUpdater:2872 - connection check result : 10
2026-06-08 16:27:32,775 [INFO] MainUpdater:289 - Updater Check For Update Now.
2026-06-08 16:27:32,785 [INFO] MicroXplorer:498 - Change Database Version : DB.6.0.150
2026-06-08 16:27:32,840 [INFO] McuFinderGlobals:63 - Set McuFinder mode to 2 (CubeIDE integrated)
2026-06-08 16:27:32,851 [INFO] UserAuth:487 - Internet connection configuration mode: 1
2026-06-08 16:27:33,023 [INFO] JxBrowserEngine:152 - Initiate JxBrowser Engine with user profile folder
2026-06-08 16:27:33,399 [INFO] CheckServerUpdateThread:120 - End of CheckServer Thread
2026-06-08 16:27:43,049 [INFO] WebApp:169 - Instantiating new browser for Auth
2026-06-08 16:28:05,777 [INFO] WebApp:463 - Apply proxy settings
2026-06-08 16:28:05,818 [INFO] WebApp:548 - Chromium requires no authentication
2026-06-08 16:28:06,046 [INFO] WebApp:491 - Direct internet connection detected
2026-06-08 16:28:06,971 [INFO] WebApp:900 - Register for checkConnection events
2026-06-08 16:28:06,974 [INFO] WebApp:463 - Apply proxy settings
2026-06-08 16:28:06,976 [INFO] WebApp:548 - Chromium requires no authentication
2026-06-08 16:28:06,978 [INFO] WebApp:491 - Direct internet connection detected
2026-06-08 16:28:07,764 [INFO] WebApp:191 - Connection restablished
2026-06-08 16:28:12,217 [INFO] WebApp:225 - Starting web application
2026-06-08 16:28:12,217 [INFO] WebApp:593 - Web application path used C:\ST\STM32CubeIDE_1.19.0\STM32CubeIDE\plugins\com.st.stm32cube.common.mx_6.15.0.202507011659\db\plugins\mcufinder\reactClient1\index.html
2026-06-08 16:28:15,561 [INFO] UserAuth:487 - Internet connection configuration mode: 1
2026-06-08 16:29:14,325 [INFO] McuFinderGlobals:63 - Set McuFinder mode to 2 (CubeIDE integrated)
2026-06-08 16:29:14,376 [INFO] MainUpdater:2872 - connection check result : 10
2026-06-08 16:29:14,381 [INFO] MainUpdater:2872 - connection check result : 10
2026-06-08 16:29:14,718 [INFO] MicroXplorer:468 - Change Database Path : 
2026-06-08 16:29:14,719 [INFO] MicroXplorer:498 - Change Database Version : DB.6.0.150
2026-06-08 16:29:14,778 [WARN] ThirdParty:871 - waiting for thirdparty lock release [close project]
2026-06-08 16:29:14,779 [INFO] ThirdParty:873 - entering critical section [close project]
2026-06-08 16:29:14,787 [INFO] ThirdParty:883 - exiting critical section [close project]
2026-06-08 16:29:14,827 [INFO] PinOutPanel:1589 - setPackage(No Configuration,No Configuration)
2026-06-08 16:29:14,849 [INFO] UtilMem:75 - Begin LoadConfig() Used Memory: 267827488 Bytes (424673280)
2026-06-08 16:29:14,859 [INFO] MicroXplorer:468 - Change Database Path : 
2026-06-08 16:29:14,860 [INFO] MicroXplorer:498 - Change Database Version : DB.6.0.150
2026-06-08 16:29:14,862 [INFO] OpenFileManager:355 - Change cursor
2026-06-08 16:29:15,091 [WARN] IntegrityCheckThread:84 - waiting for thirdparty lock release [integrity check]
2026-06-08 16:29:15,093 [INFO] IntegrityCheckThread:86 - entering critical section [integrity check]
2026-06-08 16:29:18,075 [WARN] PackLoader:240 - Cannot read IP mode file for STMicroelectronics.X-CUBE-AZRTOS-H7.3.5.0
2026-06-08 16:29:18,159 [WARN] PackLoader:240 - Cannot read IP mode file for STMicroelectronics.FP-ATR-ASTRA1.2.0.2
2026-06-08 16:29:18,212 [ERROR] Engine:466 - C:\Users\ASUS\.stm32cubemx\thirdparties\pdsc\STMicroelectronics.X-CUBE-SMBUS.2.1.1.pdsc: PDSC version is not supported
2026-06-08 16:29:18,232 [WARN] PackLoader:240 - Cannot read IP mode file for STMicroelectronics.X-CUBE-SMBUS.2.1.0
2026-06-08 16:29:18,354 [WARN] PackLoader:240 - Cannot read IP mode file for STMicroelectronics.X-CUBE-AZRTOS-F7.1.1.0
2026-06-08 16:29:18,414 [WARN] PackLoader:240 - Cannot read IP mode file for STMicroelectronics.FP-SNS-MOTENV1.5.1.0
2026-06-08 16:29:18,474 [WARN] PackLoader:240 - Cannot read IP mode file for WES.I-CUBE-Cesium.1.4.0
2026-06-08 16:29:18,615 [WARN] PackLoader:240 - Cannot read IP mode file for STMicroelectronics.X-CUBE-AZRTOS-H7.3.4.0
2026-06-08 16:29:18,655 [WARN] PackLoader:240 - Cannot read IP mode file for STMicroelectronics.X-CUBE-DISPLAY.3.0.0
2026-06-08 16:29:18,703 [WARN] PackLoader:240 - Cannot read IP mode file for STMicroelectronics.X-CUBE-GNSS1.7.1.1
2026-06-08 16:29:18,729 [WARN] PackLoader:240 - Cannot read IP mode file for STMicroelectronics.FP-SNS-MOTENVWB1.1.5.0
2026-06-08 16:29:18,758 [WARN] PackLoader:240 - Cannot read IP mode file for STMicroelectronics.X-CUBE-NFC10.1.0.0
2026-06-08 16:29:18,783 [WARN] PackLoader:240 - Cannot read IP mode file for STMicroelectronics.X-CUBE-ST60.1.1.0
2026-06-08 16:29:18,818 [WARN] PackLoader:240 - Cannot read IP mode file for emotas.I-CUBE-CANOPEN.1.3.0
2026-06-08 16:29:18,836 [WARN] PackLoader:240 - Cannot read IP mode file for STMicroelectronics.X-CUBE-GNSS1.7.1.0
2026-06-08 16:29:18,872 [WARN] PackLoader:240 - Cannot read IP mode file for STMicroelectronics.FP-SNS-STBOX1.2.1.0
2026-06-08 16:29:18,903 [WARN] PackLoader:240 - Cannot read IP mode file for STMicroelectronics.FP-SNS-SMARTAG2.1.2.0
2026-06-08 16:29:18,927 [WARN] PackLoader:240 - Cannot read IP mode file for STMicroelectronics.FP-SNS-FLIGHT1.5.1.0
2026-06-08 16:29:18,981 [INFO] LogOutputStream:77 - [STDOUT_REDIRECT] 1 : Invalid condition id : UX_CORESTACK_Condition cause : null
2026-06-08 16:29:18,985 [INFO] LogOutputStream:77 - [STDOUT_REDIRECT] 1 : Invalid condition id : UX_CORESTACK_Condition cause : null
2026-06-08 16:29:18,996 [INFO] LogOutputStream:77 - [STDOUT_REDIRECT] 1 : Invalid condition id : UX_CORESTACK_Condition cause : null
2026-06-08 16:29:19,006 [INFO] LogOutputStream:77 - [STDOUT_REDIRECT] 1 : Invalid condition id : UX_CORESTACK_Condition cause : null
2026-06-08 16:29:19,019 [INFO] LogOutputStream:77 - [STDOUT_REDIRECT] 1 : Invalid condition id : UX_CORESTACK_Condition cause : null
2026-06-08 16:29:19,033 [WARN] PackLoader:240 - Cannot read IP mode file for STMicroelectronics.X-CUBE-AZRTOS-WL.2.0.0
2026-06-08 16:29:19,144 [WARN] PackLoader:240 - Cannot read IP mode file for STMicroelectronics.X-CUBE-AZRTOS-H7RS.1.2.0
2026-06-08 16:29:19,180 [WARN] PackLoader:240 - Cannot read IP mode file for STMicroelectronics.X-CUBE-BLE2.3.3.0
2026-06-08 16:29:19,379 [WARN] PackLoader:240 - Cannot read IP mode file for Infineon.AIROC-Wi-Fi-Bluetooth-STM32.1.8.0
2026-06-08 16:29:19,426 [WARN] PackLoader:240 - Cannot read IP mode file for STMicroelectronics.X-CUBE-NFC9.1.0.0
2026-06-08 16:29:19,457 [WARN] PackLoader:240 - Cannot read IP mode file for STMicroelectronics.X-CUBE-BLE1.7.1.0
2026-06-08 16:29:19,480 [WARN] PackLoader:240 - Cannot read IP mode file for wolfSSL.I-CUBE-wolfMQTT.1.19.2
2026-06-08 16:29:19,507 [WARN] PackLoader:240 - Cannot read IP mode file for STMicroelectronics.X-CUBE-FREERTOS.1.4.0
2026-06-08 16:29:19,532 [WARN] PackLoader:240 - Cannot read IP mode file for STMicroelectronics.X-CUBE-EEPRMA1.5.2.0
2026-06-08 16:29:19,559 [WARN] PackLoader:240 - Cannot read IP mode file for wolfSSL.I-CUBE-wolfSSL.5.8.4
2026-06-08 16:29:19,582 [WARN] PackLoader:240 - Cannot read IP mode file for Cesanta.I-CUBE-Mongoose.7.20.0
2026-06-08 16:29:19,613 [WARN] PackLoader:240 - Cannot read IP mode file for STMicroelectronics.FP-SNS-STAIOTCFT.1.1.0
2026-06-08 16:29:19,882 [WARN] PackLoader:240 - Cannot read IP mode file for STMicroelectronics.X-CUBE-MEMS1.12.0.0
2026-06-08 16:29:20,392 [WARN] PackLoader:240 - Cannot read IP mode file for STMicroelectronics.X-CUBE-AZRTOS-G0.1.1.0
2026-06-08 16:29:20,416 [WARN] PackLoader:240 - Cannot read IP mode file for STMicroelectronics.X-CUBE-NFC4.3.0.0
2026-06-08 16:29:20,495 [WARN] PackLoader:240 - Cannot read IP mode file for EmbeddedOffice.I-CUBE-FS-RTOS.1.0.1
2026-06-08 16:29:20,685 [WARN] PackLoader:240 - Cannot read IP mode file for STMicroelectronics.X-CUBE-WB05N.2.0.0
2026-06-08 16:29:20,697 [WARN] PackLoader:240 - Cannot read IP mode file for wolfSSL.I-CUBE-wolfTPM.3.8.0
2026-06-08 16:29:20,714 [WARN] PackLoader:240 - Cannot read IP mode file for STMicroelectronics.X-CUBE-TCPP.4.2.0
2026-06-08 16:29:20,733 [WARN] PackLoader:240 - Cannot read IP mode file for RealThread.X-CUBE-RT-Thread_Nano.4.1.1
2026-06-08 16:29:20,746 [WARN] PackLoader:240 - Cannot read IP mode file for STMicroelectronics.FP-ATR-SIGFOX1.3.2.0
2026-06-08 16:29:20,770 [WARN] PackLoader:240 - Cannot read IP mode file for STMicroelectronics.X-CUBE-FREERTOS.1.5.0
2026-06-08 16:29:20,795 [WARN] PackLoader:240 - Cannot read IP mode file for ITTIA_DB.I-CUBE-ITTIADB.8.9.0
2026-06-08 16:29:20,827 [WARN] PackLoader:240 - Cannot read IP mode file for STMicroelectronics.X-CUBE-NFC6.3.2.0
2026-06-08 16:29:20,857 [WARN] PackLoader:240 - Cannot read IP mode file for STMicroelectronics.X-CUBE-AI.10.2.0
2026-06-08 16:29:21,059 [WARN] PackLoader:240 - Cannot read IP mode file for STMicroelectronics.X-CUBE-MEMS1.12.1.0
2026-06-08 16:29:21,734 [WARN] PackLoader:240 - Cannot read IP mode file for SEGGER.I-CUBE-embOS.1.3.1
2026-06-08 16:29:22,017 [WARN] PackLoader:240 - Cannot read IP mode file for STMicroelectronics.X-CUBE-ALGOBUILD.1.4.0
2026-06-08 16:29:22,045 [WARN] PackLoader:240 - Cannot read IP mode file for STMicroelectronics.X-CUBE-PM33A1.1.0.0
2026-06-08 16:29:22,156 [WARN] PackLoader:240 - Cannot read IP mode file for STMicroelectronics.X-CUBE-AZRTOS-F4.1.1.0
2026-06-08 16:29:22,189 [WARN] PackLoader:240 - Cannot read IP mode file for STMicroelectronics.X-CUBE-ISPU.2.1.0
2026-06-08 16:29:22,250 [WARN] PackLoader:240 - Cannot read IP mode file for STMicroelectronics.X-CUBE-IPS.3.2.0
2026-06-08 16:29:22,308 [WARN] PackLoader:240 - Cannot read IP mode file for STMicroelectronics.eDS-WB_DPC_TT-BIDIR.2.1.1
2026-06-08 16:29:22,339 [WARN] PackLoader:240 - Cannot read IP mode file for STMicroelectronics.X-CUBE-NFC12.1.0.0
2026-06-08 16:29:22,437 [WARN] PackLoader:240 - Cannot read IP mode file for STMicroelectronics.X-CUBE-AZRTOS-L5.2.0.0
2026-06-08 16:29:22,484 [WARN] PackLoader:240 - Cannot read IP mode file for STMicroelectronics.X-CUBE-ALGOBUILD.1.5.0
2026-06-08 16:29:22,506 [WARN] PackLoader:240 - Cannot read IP mode file for STMicroelectronics.eDS-WB_DPC_VIENNA.1.2.0
2026-06-08 16:29:22,523 [WARN] PackLoader:240 - Cannot read IP mode file for STMicroelectronics.eDS-WB_DPC_3PH2L-BIDIR.1.1.1
2026-06-08 16:29:22,539 [ERROR] Engine:466 - C:\Users\ASUS\.stm32cubemx\thirdparties\pdsc\STMicroelectronics.X-CUBE-ST67W61.1.3.0.pdsc: PDSC version is not supported
2026-06-08 16:29:22,564 [WARN] PackLoader:240 - Cannot read IP mode file for STMicroelectronics.X-CUBE-TOUCHGFX.4.26.0
2026-06-08 16:29:22,577 [WARN] PackLoader:240 - Cannot read IP mode file for STMicroelectronics.X-CUBE-TOUCHGFX.4.26.1
2026-06-08 16:29:22,592 [WARN] PackLoader:240 - Cannot read IP mode file for STMicroelectronics.FP-SNS-STAIOTCFT.1.0.0
2026-06-08 16:29:22,614 [WARN] PackLoader:240 - Cannot read IP mode file for STMicroelectronics.X-CUBE-DPower.1.3.0
2026-06-08 16:29:22,698 [WARN] ConditionMgr:438 - getConditionDescription Invalid condition id : LAN8742 Phy interface Condition cause : null
2026-06-08 16:29:22,700 [WARN] PackLoader:240 - Cannot read IP mode file for STMicroelectronics.X-CUBE-AZRTOS-L4.2.0.0
2026-06-08 16:29:22,704 [WARN] ConditionMgr:1044 - genDependencies : Invalid condition id : LAN8742 Phy interface Condition cause : null
2026-06-08 16:29:22,706 [WARN] ConditionMgr:1044 - genDependencies : Invalid condition id : LAN8742 Phy interface Condition cause : null
2026-06-08 16:29:22,708 [WARN] ConditionMgr:1044 - genDependencies : Invalid condition id : LAN8742 Phy interface Condition cause : null
2026-06-08 16:29:22,742 [WARN] PackLoader:240 - Cannot read IP mode file for STMicroelectronics.X-CUBE-SFXS2LP1.4.0.0
2026-06-08 16:29:22,764 [WARN] PackLoader:240 - Cannot read IP mode file for STMicroelectronics.X-CUBE-WB05N.2.1.0
2026-06-08 16:29:22,800 [WARN] PackLoader:240 - Cannot read IP mode file for STMicroelectronics.X-CUBE-ST67W61.1.2.0
2026-06-08 16:29:22,854 [WARN] PackLoader:240 - Cannot read IP mode file for STMicroelectronics.X-CUBE-BLEMGR.4.1.0
2026-06-08 16:29:22,945 [WARN] ConditionMgr:438 - getConditionDescription Invalid condition id : UX DEVICE CLASS RTOS Condition cause : null
2026-06-08 16:29:22,946 [WARN] ConditionMgr:438 - getConditionDescription Invalid condition id : UX DEVICE CLASS RTOS Condition cause : null
2026-06-08 16:29:22,956 [WARN] PackLoader:240 - Cannot read IP mode file for STMicroelectronics.X-CUBE-AZRTOS-WB.2.0.0
2026-06-08 16:29:22,958 [WARN] ConditionMgr:1044 - genDependencies : Invalid condition id : UX DEVICE CLASS RTOS Condition cause : null
2026-06-08 16:29:22,959 [WARN] ConditionMgr:1044 - genDependencies : Invalid condition id : UX DEVICE CLASS RTOS Condition cause : null
2026-06-08 16:29:22,961 [WARN] ConditionMgr:1044 - genDependencies : Invalid condition id : UX DEVICE CLASS RTOS Condition cause : null
2026-06-08 16:29:22,963 [WARN] ConditionMgr:1044 - genDependencies : Invalid condition id : UX DEVICE CLASS RTOS Condition cause : null
2026-06-08 16:29:22,964 [WARN] ConditionMgr:1044 - genDependencies : Invalid condition id : UX DEVICE CLASS RTOS Condition cause : null
2026-06-08 16:29:22,986 [WARN] ConditionMgr:438 - getConditionDescription Invalid condition id : Cortex-A Device cause : null
2026-06-08 16:29:23,015 [WARN] ConditionMgr:1044 - genDependencies : Invalid condition id : Cortex-A Device cause : null
2026-06-08 16:29:23,016 [WARN] ConditionMgr:1044 - genDependencies : Invalid condition id : Cortex-A Device cause : null
2026-06-08 16:29:23,016 [WARN] ConditionMgr:1044 - genDependencies : Invalid condition id : Cortex-A Device cause : null
2026-06-08 16:29:23,042 [WARN] PackLoader:240 - Cannot read IP mode file for STMicroelectronics.X-CUBE-STSE01.2.0.0
2026-06-08 16:29:23,086 [WARN] PackLoader:240 - Cannot read IP mode file for STMicroelectronics.X-CUBE-SUBG2.5.0.0
2026-06-08 16:29:23,148 [WARN] PackLoader:240 - Cannot read IP mode file for STMicroelectronics.X-CUBE-AZRTOS-G4.2.0.0
2026-06-08 16:29:23,167 [WARN] PackLoader:240 - Cannot read IP mode file for wolfSSL.I-CUBE-wolfSSH.1.4.20
2026-06-08 16:29:23,184 [WARN] PackLoader:240 - Cannot read IP mode file for STMicroelectronics.X-CUBE-NFC7.2.0.0
2026-06-08 16:29:23,203 [WARN] PackLoader:240 - Cannot read IP mode file for STMicroelectronics.X-CUBE-ALS.1.0.2
2026-06-08 16:29:23,241 [WARN] PackLoader:240 - Cannot read IP mode file for STMicroelectronics.X-CUBE-TOF1.3.4.3
2026-06-08 16:29:23,289 [INFO] ThirdParty:978 - Integrity check success = true
2026-06-08 16:29:23,289 [INFO] IntegrityCheckThread:100 - exiting critical section [integrity check]
2026-06-08 16:29:23,291 [INFO] IntegrityCheckThread:103 - End integrity checks thread
2026-06-08 16:29:23,371 [INFO] Mcu:2029 - Initializing MCU STM32F207Z(C-E-F-G)Tx STM32F207ZGTx STM32F207ZGT6
2026-06-08 16:29:43,751 [INFO] Context:786 - Trying to add GPIOservice into a context  which must be forbidden
2026-06-08 16:29:46,944 [INFO] ImportTextPane:234 - (OptionalMessage_ERROR) Pin31 (VP_RIF_VS_RIF1) cannot be retrieved for this MCU
2026-06-08 16:29:48,074 [INFO] RtosManager:558 - Registered RTOS mode: class=CMSIS, group=RTOS, mode=CMSIS_V1, owner=FREERTOS
2026-06-08 16:29:48,076 [INFO] RtosManager:558 - Registered RTOS mode: class=CMSIS, group=RTOS2, mode=CMSIS_V2, owner=FREERTOS
2026-06-08 16:29:48,077 [INFO] RtosManager:558 - Registered RTOS mode: class=RTOS, group=Core, mode=CMSIS_V1, owner=FREERTOS
2026-06-08 16:29:48,077 [INFO] RtosManager:558 - Registered RTOS mode: class=RTOS, group=Core, mode=CMSIS_V2, owner=FREERTOS
2026-06-08 16:29:48,078 [WARN] ModelIntegratedComponent:184 - Missing modes for component STMicroelectronics:FreeRTOS:0.0.1:STMicroelectronics:RTOS:FreeRTOS:Core:::10.2.0:
2026-06-08 16:29:48,194 [WARN] ModelIntegratedComponent:63 - No mode defined for component null
2026-06-08 16:29:48,195 [WARN] ModelIntegratedComponent:63 - No mode defined for component null
2026-06-08 16:29:48,197 [WARN] ModelIntegratedComponent:63 - No mode defined for component null
2026-06-08 16:29:48,198 [WARN] ModelIntegratedComponent:63 - No mode defined for component null
2026-06-08 16:29:48,198 [WARN] ModelIntegratedComponent:63 - No mode defined for component null
2026-06-08 16:29:48,199 [WARN] ModelIntegratedComponent:63 - No mode defined for component null
2026-06-08 16:29:48,199 [WARN] ModelIntegratedComponent:63 - No mode defined for component null
2026-06-08 16:29:48,199 [WARN] ModelIntegratedComponent:63 - No mode defined for component null
2026-06-08 16:29:48,200 [WARN] ModelIntegratedComponent:63 - No mode defined for component null
2026-06-08 16:29:48,200 [WARN] ModelIntegratedComponent:63 - No mode defined for component null
2026-06-08 16:29:48,201 [WARN] ModelIntegratedComponent:63 - No mode defined for component null
2026-06-08 16:29:48,201 [WARN] ModelIntegratedComponent:63 - No mode defined for component null
2026-06-08 16:29:48,201 [WARN] ModelIntegratedComponent:63 - No mode defined for component null
2026-06-08 16:29:48,202 [WARN] ModelIntegratedComponent:63 - No mode defined for component null
2026-06-08 16:29:48,202 [WARN] ModelIntegratedComponent:63 - No mode defined for component null
2026-06-08 16:29:48,203 [WARN] ModelIntegratedComponent:63 - No mode defined for component null
2026-06-08 16:29:48,203 [WARN] ModelIntegratedComponent:63 - No mode defined for component null
2026-06-08 16:29:48,204 [WARN] ModelIntegratedComponent:63 - No mode defined for component null
2026-06-08 16:29:48,204 [WARN] ModelIntegratedComponent:63 - No mode defined for component null
2026-06-08 16:29:48,204 [WARN] ModelIntegratedComponent:63 - No mode defined for component null
2026-06-08 16:29:48,205 [WARN] ModelIntegratedComponent:63 - No mode defined for component null
2026-06-08 16:29:48,205 [WARN] ModelIntegratedComponent:63 - No mode defined for component null
2026-06-08 16:29:48,206 [WARN] ModelIntegratedComponent:63 - No mode defined for component null
2026-06-08 16:29:48,206 [WARN] ModelIntegratedComponent:63 - No mode defined for component null
2026-06-08 16:29:48,207 [WARN] ModelIntegratedComponent:63 - No mode defined for component null
2026-06-08 16:29:48,207 [WARN] ModelIntegratedComponent:63 - No mode defined for component null
2026-06-08 16:29:48,207 [WARN] ModelIntegratedComponent:63 - No mode defined for component null
2026-06-08 16:29:48,208 [WARN] ModelIntegratedComponent:63 - No mode defined for component null
2026-06-08 16:29:48,209 [WARN] ModelIntegratedComponent:63 - No mode defined for component null
2026-06-08 16:29:48,210 [WARN] ModelIntegratedComponent:63 - No mode defined for component null
2026-06-08 16:29:48,211 [WARN] ModelIntegratedComponent:63 - No mode defined for component null
2026-06-08 16:29:48,211 [WARN] ModelIntegratedComponent:63 - No mode defined for component null
2026-06-08 16:29:48,212 [WARN] ModelIntegratedComponent:63 - No mode defined for component null
2026-06-08 16:29:48,213 [WARN] ModelIntegratedComponent:63 - No mode defined for component null
2026-06-08 16:29:48,214 [WARN] ModelIntegratedComponent:63 - No mode defined for component null
2026-06-08 16:29:48,215 [WARN] ModelPack:524 - Component already loaded: STMicroelectronics:HAL Drivers:0.0.0:STMicroelectronics:Device:STMicro_Driver:XSPI:HAL::0.0.1:HAL_XSPI
2026-06-08 16:29:48,695 [INFO] ThirdPartyModel:298 - Start build external matchings
2026-06-08 16:29:53,089 [INFO] ThirdPartyModel:316 - End build external matchings
2026-06-08 16:29:53,252 [INFO] RtosManager:1018 - Current active RTOS is FREERTOS [Cortex-M3NS]
2026-06-08 16:29:53,376 [WARN] IP:2250 - LWIP_NETIF_HOSTNAME_NAME not found: check if there is a RefParameter without a condition.
2026-06-08 16:29:53,640 [INFO] ImportTextPane:234 - (OptionalMessage_ERROR) IP (RCC) : Invalid parameter (ADC12outputFreq_Value)
2026-06-08 16:29:53,640 [INFO] ImportTextPane:234 - (OptionalMessage_ERROR) IP (RCC) : Invalid parameter (ADC34outputFreq_Value)
2026-06-08 16:29:53,641 [INFO] ImportTextPane:234 - (OptionalMessage_ERROR) IP (RCC) : Invalid parameter (FamilyName)
2026-06-08 16:29:53,642 [INFO] ImportTextPane:234 - (OptionalMessage_ERROR) IP (RCC) : Invalid parameter (I2C1Freq_Value)
2026-06-08 16:29:53,642 [INFO] ImportTextPane:234 - (OptionalMessage_ERROR) IP (RCC) : Invalid parameter (I2C2Freq_Value)
2026-06-08 16:29:53,643 [INFO] ImportTextPane:234 - (OptionalMessage_ERROR) IP (RCC) : Invalid parameter (I2C3Freq_Value)
2026-06-08 16:29:53,651 [INFO] ImportTextPane:234 - (OptionalMessage_ERROR) IP (RCC) : Invalid parameter (MCOFreq_Value)
2026-06-08 16:29:53,653 [INFO] ImportTextPane:234 - (OptionalMessage_ERROR) IP (RCC) : Invalid parameter (PLLMCOFreq_Value)
2026-06-08 16:29:53,654 [INFO] ImportTextPane:234 - (OptionalMessage_ERROR) IP (RCC) : Invalid parameter (PLLMUL)
2026-06-08 16:29:53,654 [INFO] ImportTextPane:234 - (OptionalMessage_ERROR) IP (RCC) : Invalid parameter (PRESCALERUSB)
2026-06-08 16:29:53,656 [INFO] ImportTextPane:234 - (OptionalMessage_ERROR) IP (RCC) : Parameter (RTCHSEDivFreq_Value) has invalid value (4000000)
2026-06-08 16:29:53,656 [INFO] ImportTextPane:234 - (OptionalMessage_ERROR) IP (RCC) : Invalid parameter (SYSCLKSourceVirtual)
2026-06-08 16:29:53,657 [INFO] ImportTextPane:234 - (OptionalMessage_ERROR) IP (RCC) : Invalid parameter (TIM15Freq_Value)
2026-06-08 16:29:53,657 [INFO] ImportTextPane:234 - (OptionalMessage_ERROR) IP (RCC) : Invalid parameter (TIM16Freq_Value)
2026-06-08 16:29:53,657 [INFO] ImportTextPane:234 - (OptionalMessage_ERROR) IP (RCC) : Invalid parameter (TIM17Freq_Value)
2026-06-08 16:29:53,658 [INFO] ImportTextPane:234 - (OptionalMessage_ERROR) IP (RCC) : Invalid parameter (TIM1Freq_Value)
2026-06-08 16:29:53,658 [INFO] ImportTextPane:234 - (OptionalMessage_ERROR) IP (RCC) : Invalid parameter (TIM20Freq_Value)
2026-06-08 16:29:53,658 [INFO] ImportTextPane:234 - (OptionalMessage_ERROR) IP (RCC) : Invalid parameter (TIM2Freq_Value)
2026-06-08 16:29:53,658 [INFO] ImportTextPane:234 - (OptionalMessage_ERROR) IP (RCC) : Invalid parameter (TIM3Freq_Value)
2026-06-08 16:29:53,659 [INFO] ImportTextPane:234 - (OptionalMessage_ERROR) IP (RCC) : Invalid parameter (TIM8Freq_Value)
2026-06-08 16:29:53,659 [INFO] ImportTextPane:234 - (OptionalMessage_ERROR) IP (RCC) : Invalid parameter (UART4Freq_Value)
2026-06-08 16:29:53,659 [INFO] ImportTextPane:234 - (OptionalMessage_ERROR) IP (RCC) : Invalid parameter (UART5Freq_Value)
2026-06-08 16:29:53,659 [INFO] ImportTextPane:234 - (OptionalMessage_ERROR) IP (RCC) : Invalid parameter (USART1Freq_Value)
2026-06-08 16:29:53,660 [INFO] ImportTextPane:234 - (OptionalMessage_ERROR) IP (RCC) : Invalid parameter (USART2Freq_Value)
2026-06-08 16:29:53,660 [INFO] ImportTextPane:234 - (OptionalMessage_ERROR) IP (RCC) : Invalid parameter (USART3Freq_Value)
2026-06-08 16:29:53,661 [INFO] ImportTextPane:234 - (OptionalMessage_ERROR) IP (RCC) : Invalid parameter (USBFreq_Value)
2026-06-08 16:29:53,673 [INFO] ImportTextPane:234 - (OptionalMessage_ERROR) IP (RCC) : Invalid parameter (VCOOutput2Freq_Value)
2026-06-08 16:29:53,678 [WARN] IP:2250 - lpm_enable not found: check if there is a RefParameter without a condition.
2026-06-08 16:30:02,629 [INFO] ApiDb:581 - Connected to CubeFinder SQLite database (C:\Users\ASUS\.stmcufinder\plugins\mcufinder\mcu\cube-finder-db.db)
2026-06-08 16:30:04,188 [INFO] ApiDb:668 - CubeFinder database Data Model version=2.1
2026-06-08 16:30:04,189 [INFO] ApiDb:669 - CubeFinder database Configuration version=3.0.42
2026-06-08 16:30:04,192 [INFO] ApiDb:670 - CubeFinder database generation date=2026-05-14 (1778746352)
2026-06-08 16:30:04,193 [INFO] ApiDb:671 - CubeFinder database FW Pack versions=[FP-ATR-ASTRA1_V2.0.0, FP-SNS-FLIGHT1_V5.1.0, FP-SNS-MOTENV1_V5.1.0, FP-SNS-MOTENVWB1_V1.5.0, FP-SNS-SMARTAG2_V1.2.0, FP-SNS-STBOX1_V2.1.0, STM32Cube_FW_C0_V1.4.0, STM32Cube_FW_F4_V1.28.3, STM32Cube_FW_F7_V1.17.4, STM32Cube_FW_G0_V1.6.3, STM32Cube_FW_G4_V1.6.2, STM32Cube_FW_H5_V1.6.0, STM32Cube_FW_H7RS_V1.3.0, STM32Cube_FW_H7_V1.13.0, STM32Cube_FW_L0_V1.12.2, STM32Cube_FW_L4_V1.18.2, STM32Cube_FW_L5_V1.6.0, STM32Cube_FW_N6_V1.3.0, STM32Cube_FW_U0_V1.3.0, STM32Cube_FW_U3_V1.3.0, STM32Cube_FW_U5_V1.8.0, STM32Cube_FW_WB0_V1.4.0, STM32Cube_FW_WBA_V1.9.0, STM32Cube_FW_WB_V1.24.0, STM32Cube_FW_WL3_V1.4.0, STM32Cube_FW_WL_V1.5.0, X-CUBE-ALGOBUILD_V1.4.0, X-CUBE-ALS_V1.0.2, X-CUBE-AZRTOS-F4_V1.1.0, X-CUBE-AZRTOS-F7_V1.1.0, X-CUBE-AZRTOS-G0_V1.1.0, X-CUBE-AZRTOS-G4_V2.0.0, X-CUBE-AZRTOS-H7RS_V1.1.0, X-CUBE-AZRTOS-H7_V3.5.0, X-CUBE-AZRTOS-L4_V2.0.0, X-CUBE-AZRTOS-L5_V2.0.0, X-CUBE-AZRTOS-WB_V2.0.0, X-CUBE-AZRTOS-WL_V2.0.0, X-CUBE-BLE1_V7.1.0, X-CUBE-BLE2_V3.3.0, X-CUBE-BLEMGR_V4.1.0, X-CUBE-EEPRMA1_V5.2.0, X-CUBE-FREERTOS_V1.5.0, X-CUBE-GNSS1_V7.1.1, X-CUBE-MEMS1_V12.1.0, X-CUBE-NFC4_V3.0.0, X-CUBE-NFC7_V2.0.0, X-CUBE-SFXS2LP1_V4.0.0, X-CUBE-ST67W61_V1.3.0, X-CUBE-SUBG2_V5.0.0, X-CUBE-TOF1_V3.4.3]
2026-06-08 16:30:05,171 [INFO] DbBoardsSqlite:226 - include board P-NUCLEO-WB55-NUCLEO as a kit item of type 'Nucleo-64'
2026-06-08 16:30:05,174 [INFO] DbBoardsSqlite:226 - include board P-NUCLEO-WB55-USBDONGLE as a kit item of type 'Nucleo USB Dongle'
2026-06-08 16:30:05,191 [INFO] DbBoardsSqlite:226 - include board STEVAL-IDP005V1 as a kit item of type 'Evaluation Board'
2026-06-08 16:30:05,192 [INFO] DbBoardsSqlite:226 - include board STEVAL-IDP005V2 as a kit item of type 'Evaluation Board'
2026-06-08 16:30:11,711 [INFO] ApiDb:240 - Found 880 in-development CPN: [B-G473E-ZEST1S, B-WB1M-WPAN1, B-WBA5M-WPAN, B-WL5M-SUBG1, NUCLEO-C031C6, NUCLEO-C051C8, NUCLEO-C071RB, NUCLEO-C092RC, NUCLEO-H503RB, NUCLEO-H533RE, NUCLEO-H563ZI, NUCLEO-H7S3L8, NUCLEO-N657X0-Q, NUCLEO-U031R8, NUCLEO-U083RC, NUCLEO-U385RG-Q, NUCLEO-U545RE-Q, NUCLEO-U5A5ZJ-Q, NUCLEO-WB05KZ, NUCLEO-WB07CC, NUCLEO-WB09KE, NUCLEO-WBA52CG, NUCLEO-WBA55CG, NUCLEO-WL33CC1, NUCLEO-WL33CC2, STEVAL-PROTEUS1, STEVAL-SMARTAG2, STEVAL-STWINBX1, STM320518-EVAL, STM32C0116-DK, STM32C011D6Y3TR, STM32C011D6Y6TR, STM32C011F4P3, STM32C011F4P6, STM32C011F4U3, STM32C011F4U6TR, STM32C011F6P3, STM32C011F6P6, STM32C011F6U3, STM32C011F6U6TR, STM32C011J4M3, STM32C011J4M6, STM32C011J6M3, STM32C011J6M6, STM32C0316-DK, STM32C031C4T3, STM32C031C4T6, STM32C031C4U3, STM32C031C4U6, STM32C031C6T3, STM32C031C6T6, STM32C031C6U3, STM32C031C6U6, STM32C031F4P3, STM32C031F4P6, STM32C031F6P3, STM32C031F6P6, STM32C031G4U3, STM32C031G4U6, STM32C031G6U3, STM32C031G6U6, STM32C031K4T3, STM32C031K4T6, STM32C031K4U3, STM32C031K4U6, STM32C031K6T3, STM32C031K6T6, STM32C031K6U3, STM32C031K6U6, STM32C051C6T6, STM32C051C6U6, STM32C051C8T6, STM32C051C8U6, STM32C051D8Y6TR, STM32C051F6P6, STM32C051F8P6, STM32C051G6U6, STM32C051G8U6, STM32C051K6T6, STM32C051K6U6, STM32C051K8T6, STM32C071C8T6, STM32C071C8T6N, STM32C071C8U6, STM32C071C8U6N, STM32C071CBT6, STM32C071CBT6N, STM32C071CBU6, STM32C071CBU6N, STM32C071F8P6, STM32C071F8P6N, STM32C071FBP6, STM32C071FBP6N, STM32C071FBY6TR, STM32C071G8U6, STM32C071G8U6N, STM32C071GBU6, STM32C071GBU6N, STM32C071K8T6, STM32C071K8T6N, STM32C071K8U6, STM32C071K8U6N, STM32C071KBT6, STM32C071KBT6N, STM32C071KBU6, STM32C071KBU6N, STM32C071R8T6, STM32C071R8T6N, STM32C071RBI6N, STM32C071RBT6, STM32C071RBT6N, STM32C091CBT6, STM32C091CBU6, STM32C091CCT6, STM32C091CCU6, STM32C091ECY6TR, STM32C091FBP6, STM32C091FCP6, STM32C091GBU6, STM32C091GCU6, STM32C091KBT6, STM32C091KBU6, STM32C091KCT6, STM32C091KCU6, STM32C091RBT6, STM32C091RCI6, STM32C091RCT6, STM32C092CBT6, STM32C092CBU6, STM32C092CCT6, STM32C092CCU6, STM32C092ECY6TR, STM32C092FBP6, STM32C092FCP6, STM32C092GBU6, STM32C092GCU6, STM32C092KBT6, STM32C092KBU6, STM32C092KCT6, STM32C092KCU6, STM32C092RBT6, STM32C092RCI6, STM32C092RCT6, STM32G071K8TXN, STM32G071K8UXN, STM32G081GBU6N, STM32G081KBT6N, STM32G081KBUXN, STM32G0B1CCT6N, STM32G0B1KCT6, STM32G0B1NEY6TR, STM32G0B1RCT6N, STM32G0C1CCT6, STM32G0C1CCT6N, STM32G0C1CCU6N, STM32G0C1CET6N, STM32G0C1CEU6N, STM32G0C1KCT6, STM32G0C1NEY6TR, STM32G0C1RCI6N, STM32G0C1RCT6N, STM32G0C1REI6N, STM32G0C1RET6N, STM32G0C1VCI6, STM32G0C1VEI6, STM32G411C6T3, STM32G411C6T6, STM32G411C6U3, STM32G411C6U6, STM32G411C8T3, STM32G411C8T6, STM32G411C8U3, STM32G411C8U6, STM32G411CBT3, STM32G411CBT6, STM32G411CBU3, STM32G411CBU6, STM32G411K6T3, STM32G411K6T6, STM32G411K6U3, STM32G411K6U6, STM32G411K8T3, STM32G411K8T6, STM32G411K8U3, STM32G411K8U6, STM32G411KBT3, STM32G411KBT6, STM32G411KBU3, STM32G411KBU6, STM32G411M6T3, STM32G411M6T6, STM32G411M8T3, STM32G411M8T6, STM32G411MBT3, STM32G411MBT6, STM32G411R6T3, STM32G411R6T6, STM32G411R8T3, STM32G411R8T6, STM32G411RBT3, STM32G411RBT6, STM32G414CBT3, STM32G414CBT6, STM32G414CBU3, STM32G414CBU6, STM32G414CCT3, STM32G414CCT6, STM32G414CCU3, STM32G414CCU6, STM32G414MBT3, STM32G414MBT6, STM32G414MCT3, STM32G414MCT6, STM32G414RBT3, STM32G414RBT6, STM32G414RCT3, STM32G414RCT6, STM32G414VBT3, STM32G414VBT6, STM32G414VCT3, STM32G414VCT6, STM32G431CBT3Z, STM32G431RBT3Z, STM32G471CCT6, STM32G471CCU6, STM32G471CET3, STM32G471CET6, STM32G471CEU3, STM32G471CEU6, STM32G471MCT6, STM32G471MET3, STM32G471MET6, STM32G471MEY6TR, STM32G471QCT6, STM32G471QET3, STM32G471RCT6, STM32G471RET3, STM32G471RET6, STM32G471VCH6, STM32G471VCI6, STM32G471VCT6, STM32G471VEH3, STM32G471VEH6, STM32G471VEI3, STM32G471VEI6, STM32G471VET3, STM32G471VET6, STM32G473QET3Z, STM32G473RET3Z, STM32G474CCT6, STM32G491RET3Z, STM32H503CBT6, STM32H503CBU6, STM32H503EBY6TR, STM32H503KBU6, STM32H503RBT6, STM32H523CCT6, STM32H523CCU6, STM32H523CET6, STM32H523CEU6, STM32H523HEY6TR, STM32H523RCT6, STM32H523RET6, STM32H523VCI6, STM32H523VCT6, STM32H523VEI6, STM32H523VET6, STM32H523ZCJ6, STM32H523ZCT6, STM32H523ZEJ6, STM32H523ZET6, STM32H533CET6, STM32H533CEU6, STM32H533HEY6TR, STM32H533RET6, STM32H533VEI6, STM32H533VET6, STM32H533ZEJ6, STM32H533ZET6, STM32H562AGI6, STM32H562AII6, STM32H562IGK6, STM32H562IGT6, STM32H562IIK6, STM32H562IIT6, STM32H562RGT6, STM32H562RGV6, STM32H562RIT6, STM32H562RIV6, STM32H562VGT6, STM32H562VIT6, STM32H562ZGT6, STM32H562ZIT6, STM32H563AGI6, STM32H563AII3Q, STM32H563AII6, STM32H563IGK6, STM32H563IGT6, STM32H563IIK3Q, STM32H563IIK6, STM32H563IIT3Q, STM32H563IIT6, STM32H563MIY3QTR, STM32H563RGT6, STM32H563RGV6, STM32H563RIT6, STM32H563RIV6, STM32H563VGT6, STM32H563VIT3Q, STM32H563VIT6, STM32H563ZGT6, STM32H563ZIT3Q, STM32H563ZIT6, STM32H573AII3Q, STM32H573AII6, STM32H573I-DK, STM32H573IIK3Q, STM32H573IIK6, STM32H573IIT3Q, STM32H573IIT6, STM32H573MIY3QTR, STM32H573RIT6, STM32H573RIV6, STM32H573VIT3Q, STM32H573VIT6, STM32H573ZIT3Q, STM32H573ZIT6, STM32H7R3A8I6, STM32H7R3I8K6, STM32H7R3I8T6, STM32H7R3L8H6, STM32H7R3L8H6H, STM32H7R3R8V6, STM32H7R3V8H6, STM32H7R3V8T6, STM32H7R3V8Y6TR, STM32H7R3Z8J6, STM32H7R3Z8T6, STM32H7R7A8I6, STM32H7R7I8K6, STM32H7R7I8T6, STM32H7R7L8H6, STM32H7R7L8H6H, STM32H7R7Z8J6, STM32H7S3A8I6, STM32H7S3I8K6, STM32H7S3I8T6, STM32H7S3L8H6, STM32H7S3L8H6H, STM32H7S3R8V6, STM32H7S3V8H6, STM32H7S3V8T6, STM32H7S3V8Y6TR, STM32H7S3Z8J6, STM32H7S3Z8T6, STM32H7S78-DK, STM32H7S7A8I6, STM32H7S7I8K6, STM32H7S7I8T6, STM32H7S7L8H6, STM32H7S7L8H6H, STM32H7S7Z8J6, STM32L4R5QGI6STR, STM32MP131AAE3, STM32MP131AAF3, STM32MP131AAG3, STM32MP131CAE3, STM32MP131CAF3, STM32MP131CAG3, STM32MP131DAE7, STM32MP131DAF7, STM32MP131DAG7, STM32MP131FAE7, STM32MP131FAF7, STM32MP131FAG7, STM32MP133AAE3, STM32MP133AAF3, STM32MP133AAG3, STM32MP133CAE3, STM32MP133CAF3, STM32MP133CAG3, STM32MP133DAE7, STM32MP133DAF7, STM32MP133DAG7, STM32MP133FAE7, STM32MP133FAF7, STM32MP133FAG7, STM32MP135AAE3, STM32MP135AAF3, STM32MP135AAG3, STM32MP135CAE3, STM32MP135CAF3, STM32MP135CAG3, STM32MP135DAE7, STM32MP135DAF7, STM32MP135DAG7, STM32MP135F-DK, STM32MP135FAE7, STM32MP135FAF7, STM32MP135FAF7T, STM32MP135FAF7U, STM32MP135FAG7, STM32MP211AAL3, STM32MP211AAM3, STM32MP211AAN3, STM32MP211AAO3, STM32MP211CAL3, STM32MP211CAM3, STM32MP211CAN3, STM32MP211CAO3, STM32MP211DAL3, STM32MP211DAM3, STM32MP211DAN3, STM32MP211DAO3, STM32MP211FAL3, STM32MP211FAM3, STM32MP211FAN3, STM32MP211FAO3, STM32MP213AAL3, STM32MP213AAM3, STM32MP213AAN3, STM32MP213AAO3, STM32MP213CAL3, STM32MP213CAM3, STM32MP213CAN3, STM32MP213CAO3, STM32MP213DAL3, STM32MP213DAM3, STM32MP213DAN3, STM32MP213DAO3, STM32MP213FAL3, STM32MP213FAM3, STM32MP213FAN3, STM32MP213FAO3, STM32MP215AAL3, STM32MP215AAM3, STM32MP215AAN3, STM32MP215AAO3, STM32MP215CAL3, STM32MP215CAM3, STM32MP215CAN3, STM32MP215CAO3, STM32MP215DAL3, STM32MP215DAM3, STM32MP215DAN3, STM32MP215DAO3, STM32MP215F-DK, STM32MP215FAL3, STM32MP215FAM3, STM32MP215FAN3, STM32MP215FAO3, STM32MP231AAJ3, STM32MP231AAK3, STM32MP231AAL3, STM32MP231CAJ3, STM32MP231CAK3, STM32MP231CAL3, STM32MP231DAJ3, STM32MP231DAK3, STM32MP231DAL3, STM32MP231FAJ3, STM32MP231FAK3, STM32MP231FAL3, STM32MP233AAJ3, STM32MP233AAK3, STM32MP233AAL3, STM32MP233CAJ3, STM32MP233CAK3, STM32MP233CAL3, STM32MP233DAJ3, STM32MP233DAK3, STM32MP233DAL3, STM32MP233FAJ3, STM32MP233FAK3, STM32MP233FAL3, STM32MP235AAJ3, STM32MP235AAK3, STM32MP235AAL3, STM32MP235CAJ3, STM32MP235CAK3, STM32MP235CAL3, STM32MP235DAJ3, STM32MP235DAK3, STM32MP235DAL3, STM32MP235FAJ3, STM32MP235FAK3, STM32MP235FAL3, STM32MP251AAI3, STM32MP251AAK3, STM32MP251AAL3, STM32MP251CAI3, STM32MP251CAK3, STM32MP251CAL3, STM32MP251DAI3, STM32MP251DAK3, STM32MP251DAL3, STM32MP251FAI3, STM32MP251FAK3, STM32MP251FAL3, STM32MP253AAI3, STM32MP253AAK3, STM32MP253AAL3, STM32MP253CAI3, STM32MP253CAK3, STM32MP253CAL3, STM32MP253DAI3, STM32MP253DAK3, STM32MP253DAL3, STM32MP253FAI3, STM32MP253FAK3, STM32MP253FAL3, STM32MP255AAI3, STM32MP255AAK3, STM32MP255AAL3, STM32MP255CAI3, STM32MP255CAK3, STM32MP255CAL3, STM32MP255DAI3, STM32MP255DAK3, STM32MP255DAL3, STM32MP255FAI3, STM32MP255FAK3, STM32MP255FAL3, STM32MP257AAI3, STM32MP257AAK3, STM32MP257AAL3, STM32MP257CAI3, STM32MP257CAK3, STM32MP257CAL3, STM32MP257DAI3, STM32MP257DAK3, STM32MP257DAL3, STM32MP257F-DK, STM32MP257F-EV1, STM32MP257FAI3, STM32MP257FAK3, STM32MP257FAL3, STM32N645A0H3Q, STM32N645B0H3Q, STM32N645I0H3Q, STM32N645L0H3Q, STM32N645X0H3Q, STM32N645Z0H3Q, STM32N647A0H3Q, STM32N647B0H3Q, STM32N647I0H3Q, STM32N647L0H3Q, STM32N647X0H3Q, STM32N647Z0H3Q, STM32N655A0H3Q, STM32N655B0H3Q, STM32N655I0H3Q, STM32N655L0H3Q, STM32N655X0H3Q, STM32N655Z0H3Q, STM32N6570-DK, STM32N657A0H3Q, STM32N657B0H3Q, STM32N657I0H3Q, STM32N657L0H3Q, STM32N657X0H3Q, STM32N657Z0H3Q, STM32U031C6T6, STM32U031C6U6, STM32U031C8T6, STM32U031C8U6, STM32U031F4P6, STM32U031F6P6, STM32U031F8P6, STM32U031G6Y6TR, STM32U031G8Y6TR, STM32U031K4U6, STM32U031K6U6, STM32U031K8U6, STM32U031R6I6, STM32U031R6T6, STM32U031R8I6, STM32U031R8T6, STM32U073C8T6, STM32U073C8U6, STM32U073CBT6, STM32U073CBU6, STM32U073CCT6, STM32U073CCU6, STM32U073H8Y6TR, STM32U073HBY6TR, STM32U073HCY6TR, STM32U073K8U6, STM32U073KBU6, STM32U073KCU6, STM32U073M8I6, STM32U073M8T6, STM32U073MBI6, STM32U073MBT6, STM32U073MCI6, STM32U073MCT6, STM32U073R8I6, STM32U073R8T6, STM32U073RBI6, STM32U073RBT6, STM32U073RCI6, STM32U073RCT6, STM32U083C-DK, STM32U083CCT6, STM32U083CCU6, STM32U083HCY6TR, STM32U083KCU6, STM32U083MCI6, STM32U083MCT6, STM32U083RCI6, STM32U083RCT6, STM32U375CET6, STM32U375CET6Q, STM32U375CEU6, STM32U375CEU6Q, STM32U375CEY6QTR, STM32U375CGT6, STM32U375CGT6Q, STM32U375CGU6, STM32U375CGU6Q, STM32U375CGY6QTR, STM32U375KEU6, STM32U375KGU6, STM32U375REI6, STM32U375REI6Q, STM32U375RET6, STM32U375RET6Q, STM32U375REY6GTR, STM32U375REY6QTR, STM32U375RGI6, STM32U375RGI6Q, STM32U375RGT6, STM32U375RGT6Q, STM32U375RGY6GTR, STM32U375RGY6QTR, STM32U375VEI6, STM32U375VEI6Q, STM32U375VET6, STM32U375VET6Q, STM32U375VGI6, STM32U375VGI6Q, STM32U375VGT6, STM32U375VGT6Q, STM32U385CGT6, STM32U385CGT6Q, STM32U385CGU6, STM32U385CGU6Q, STM32U385CGY6QTR, STM32U385KGU6, STM32U385RGI6, STM32U385RGI6Q, STM32U385RGT6, STM32U385RGT6Q, STM32U385RGY6GTR, STM32U385RGY6QTR, STM32U385VGI6, STM32U385VGI6Q, STM32U385VGT6, STM32U385VGT6Q, STM32U535CBT6, STM32U535CBT6Q, STM32U535CBU6, STM32U535CBU6Q, STM32U535CCT6, STM32U535CCT6Q, STM32U535CCU6, STM32U535CCU6Q, STM32U535CET6, STM32U535CET6Q, STM32U535CEU6, STM32U535CEU6Q, STM32U535JEY6QTR, STM32U535NCY6QTR, STM32U535NEY6QTR, STM32U535RBI6, STM32U535RBI6Q, STM32U535RBT6, STM32U535RBT6Q, STM32U535RCI6, STM32U535RCI6Q, STM32U535RCT6, STM32U535RCT6Q, STM32U535REI6, STM32U535REI6Q, STM32U535RET6, STM32U535RET6Q, STM32U535VCI6, STM32U535VCI6Q, STM32U535VCT6, STM32U535VCT6Q, STM32U535VEI6, STM32U535VEI6Q, STM32U535VET6, STM32U535VET6Q, STM32U545CET6, STM32U545CET6Q, STM32U545CEU6, STM32U545CEU6Q, STM32U545JEY6QTR, STM32U545NEY6QTR, STM32U545REI6, STM32U545REI6Q, STM32U545RET6, STM32U545RET6Q, STM32U545VEI6, STM32U545VEI6Q, STM32U545VET6, STM32U545VET6Q, STM32U595AIH6, STM32U595AIH6Q, STM32U595AJH6, STM32U595AJH6Q, STM32U595QII6, STM32U595QII6Q, STM32U595QJI6, STM32U595QJI6Q, STM32U595RIT6, STM32U595RIT6Q, STM32U595RJT6, STM32U595RJT6Q, STM32U595VIT6, STM32U595VIT6Q, STM32U595VJT6, STM32U595VJT6Q, STM32U595ZIT6, STM32U595ZIT6Q, STM32U595ZIY6QTR, STM32U595ZJT6, STM32U595ZJT6Q, STM32U595ZJY6QTR, STM32U599BJY6QTR, STM32U599NIH6Q, STM32U599NJH6Q, STM32U599VIT6Q, STM32U599VJT6, STM32U599VJT6Q, STM32U599ZIT6Q, STM32U599ZIY6QTR, STM32U599ZJT6Q, STM32U599ZJY6QTR, STM32U5A5AJH6, STM32U5A5AJH6Q, STM32U5A5QII3Q , STM32U5A5QJI6, STM32U5A5QJI6Q, STM32U5A5RJT6, STM32U5A5RJT6Q, STM32U5A5VJT6, STM32U5A5VJT6Q, STM32U5A5ZJT6, STM32U5A5ZJT6Q, STM32U5A5ZJY6QTR, STM32U5A9BJY6QTR, STM32U5A9J-DK, STM32U5A9NJH6Q, STM32U5A9VJT6Q, STM32U5A9ZJT6Q, STM32U5A9ZJY6QTR, STM32U5F7VIT6, STM32U5F7VIT6Q, STM32U5F7VJT6, STM32U5F7VJT6Q, STM32U5F9BJY6QTR, STM32U5F9NJH6Q, STM32U5F9VIT6Q, STM32U5F9VJT6Q, STM32U5F9ZIJ6QTR, STM32U5F9ZIT6Q, STM32U5F9ZJJ6QTR, STM32U5F9ZJT6Q, STM32U5G7VJT6, STM32U5G7VJT6Q, STM32U5G9BJY6QTR, STM32U5G9J-DK1, STM32U5G9J-DK2, STM32U5G9NJH6Q, STM32U5G9VJT6Q, STM32U5G9ZJJ6QTR, STM32U5G9ZJT6Q, STM32WB05KZV6TR, STM32WB05KZV7TR, STM32WB05TZF6TR, STM32WB05TZF7TR, STM32WB06CCF6TR, STM32WB06CCF7TR, STM32WB06CCV6TR, STM32WB06CCV7TR, STM32WB06KCV6TR, STM32WB06KCV7TR, STM32WB07CCF6TR, STM32WB07CCF7TR, STM32WB07CCV6TR, STM32WB07CCV7TR, STM32WB07KCV6TR, STM32WB07KCV7TR, STM32WB09KEV6TR, STM32WB09KEV7TR, STM32WB09TEF6TR, STM32WB09TEF7TR, STM32WB1MMCH6, STM32WBA50KGU6, STM32WBA50KGU6TR, STM32WBA52CEU6, STM32WBA52CEU6TR, STM32WBA52CEU7, STM32WBA52CEU7TR, STM32WBA52CGU6, STM32WBA52CGU6TR, STM32WBA52CGU6U, STM32WBA52CGU7, STM32WBA52CGU7TR, STM32WBA52KEU6, STM32WBA52KEU6TR, STM32WBA52KGU6, STM32WBA52KGU6TR, STM32WBA54CEU6, STM32WBA54CEU6TR, STM32WBA54CEU7, STM32WBA54CEU7TR, STM32WBA54CGU6, STM32WBA54CGU6TR, STM32WBA54CGU7, STM32WBA54CGU7TR, STM32WBA54KEU6, STM32WBA54KEU6TR, STM32WBA54KEU7, STM32WBA54KEU7TR, STM32WBA54KGU6, STM32WBA54KGU6TR, STM32WBA54KGU7, STM32WBA54KGU7TR, STM32WBA55CEU6, STM32WBA55CEU6TR, STM32WBA55CEU7, STM32WBA55CEU7TR, STM32WBA55CGU6, STM32WBA55CGU6TR, STM32WBA55CGU6U, STM32WBA55CGU7, STM32WBA55CGU7TR, STM32WBA55G-DK1, STM32WBA55HEF6, STM32WBA55HEF7, STM32WBA55HGF6, STM32WBA55HGF7, STM32WBA55UEI6, STM32WBA55UEI6TR, STM32WBA55UEI7, STM32WBA55UEI7TR, STM32WBA55UGI6, STM32WBA55UGI6TR, STM32WBA55UGI7, STM32WBA55UGI7TR, STM32WBA5MMGH6TR, STM32WBA62MGF6, STM32WBA62MIF6, STM32WBA65MGF7, STM32WBA65MIF6, STM32WBA65MIF7, STM32WL30K8V6, STM32WL30KBV6, STM32WL31C8V6, STM32WL31CBV6, STM32WL31K8V6, STM32WL31KBV6, STM32WL33C8V6, STM32WL33C8V6X, STM32WL33CBV6, STM32WL33CBV6X, STM32WL33CCV6, STM32WL33CCV6A, STM32WL33CCV6X, STM32WL33K8V7, STM32WL33K8V7X, STM32WL33KBV7 , STM32WL33KBV7X, STM32WL33KCV7, STM32WL33KCV7X, STM32WL5MOCH6, STM32WL5MOCH6TR]
2026-06-08 16:30:11,774 [INFO] ApiDb:668 - CubeFinder database Data Model version=2.1
2026-06-08 16:30:11,775 [INFO] ApiDb:669 - CubeFinder database Configuration version=3.0.42
2026-06-08 16:30:11,775 [INFO] ApiDb:670 - CubeFinder database generation date=2026-05-14 (1778746352)
2026-06-08 16:30:11,776 [INFO] ApiDb:671 - CubeFinder database FW Pack versions=[FP-ATR-ASTRA1_V2.0.0, FP-SNS-FLIGHT1_V5.1.0, FP-SNS-MOTENV1_V5.1.0, FP-SNS-MOTENVWB1_V1.5.0, FP-SNS-SMARTAG2_V1.2.0, FP-SNS-STBOX1_V2.1.0, STM32Cube_FW_C0_V1.4.0, STM32Cube_FW_F4_V1.28.3, STM32Cube_FW_F7_V1.17.4, STM32Cube_FW_G0_V1.6.3, STM32Cube_FW_G4_V1.6.2, STM32Cube_FW_H5_V1.6.0, STM32Cube_FW_H7RS_V1.3.0, STM32Cube_FW_H7_V1.13.0, STM32Cube_FW_L0_V1.12.2, STM32Cube_FW_L4_V1.18.2, STM32Cube_FW_L5_V1.6.0, STM32Cube_FW_N6_V1.3.0, STM32Cube_FW_U0_V1.3.0, STM32Cube_FW_U3_V1.3.0, STM32Cube_FW_U5_V1.8.0, STM32Cube_FW_WB0_V1.4.0, STM32Cube_FW_WBA_V1.9.0, STM32Cube_FW_WB_V1.24.0, STM32Cube_FW_WL3_V1.4.0, STM32Cube_FW_WL_V1.5.0, X-CUBE-ALGOBUILD_V1.4.0, X-CUBE-ALS_V1.0.2, X-CUBE-AZRTOS-F4_V1.1.0, X-CUBE-AZRTOS-F7_V1.1.0, X-CUBE-AZRTOS-G0_V1.1.0, X-CUBE-AZRTOS-G4_V2.0.0, X-CUBE-AZRTOS-H7RS_V1.1.0, X-CUBE-AZRTOS-H7_V3.5.0, X-CUBE-AZRTOS-L4_V2.0.0, X-CUBE-AZRTOS-L5_V2.0.0, X-CUBE-AZRTOS-WB_V2.0.0, X-CUBE-AZRTOS-WL_V2.0.0, X-CUBE-BLE1_V7.1.0, X-CUBE-BLE2_V3.3.0, X-CUBE-BLEMGR_V4.1.0, X-CUBE-EEPRMA1_V5.2.0, X-CUBE-FREERTOS_V1.5.0, X-CUBE-GNSS1_V7.1.1, X-CUBE-MEMS1_V12.1.0, X-CUBE-NFC4_V3.0.0, X-CUBE-NFC7_V2.0.0, X-CUBE-SFXS2LP1_V4.0.0, X-CUBE-ST67W61_V1.3.0, X-CUBE-SUBG2_V5.0.0, X-CUBE-TOF1_V3.4.3]
2026-06-08 16:30:32,020 [INFO] ApiDb:240 - Found 880 in-development CPN: [B-G473E-ZEST1S, B-WB1M-WPAN1, B-WBA5M-WPAN, B-WL5M-SUBG1, NUCLEO-C031C6, NUCLEO-C051C8, NUCLEO-C071RB, NUCLEO-C092RC, NUCLEO-H503RB, NUCLEO-H533RE, NUCLEO-H563ZI, NUCLEO-H7S3L8, NUCLEO-N657X0-Q, NUCLEO-U031R8, NUCLEO-U083RC, NUCLEO-U385RG-Q, NUCLEO-U545RE-Q, NUCLEO-U5A5ZJ-Q, NUCLEO-WB05KZ, NUCLEO-WB07CC, NUCLEO-WB09KE, NUCLEO-WBA52CG, NUCLEO-WBA55CG, NUCLEO-WL33CC1, NUCLEO-WL33CC2, STEVAL-PROTEUS1, STEVAL-SMARTAG2, STEVAL-STWINBX1, STM320518-EVAL, STM32C0116-DK, STM32C011D6Y3TR, STM32C011D6Y6TR, STM32C011F4P3, STM32C011F4P6, STM32C011F4U3, STM32C011F4U6TR, STM32C011F6P3, STM32C011F6P6, STM32C011F6U3, STM32C011F6U6TR, STM32C011J4M3, STM32C011J4M6, STM32C011J6M3, STM32C011J6M6, STM32C0316-DK, STM32C031C4T3, STM32C031C4T6, STM32C031C4U3, STM32C031C4U6, STM32C031C6T3, STM32C031C6T6, STM32C031C6U3, STM32C031C6U6, STM32C031F4P3, STM32C031F4P6, STM32C031F6P3, STM32C031F6P6, STM32C031G4U3, STM32C031G4U6, STM32C031G6U3, STM32C031G6U6, STM32C031K4T3, STM32C031K4T6, STM32C031K4U3, STM32C031K4U6, STM32C031K6T3, STM32C031K6T6, STM32C031K6U3, STM32C031K6U6, STM32C051C6T6, STM32C051C6U6, STM32C051C8T6, STM32C051C8U6, STM32C051D8Y6TR, STM32C051F6P6, STM32C051F8P6, STM32C051G6U6, STM32C051G8U6, STM32C051K6T6, STM32C051K6U6, STM32C051K8T6, STM32C071C8T6, STM32C071C8T6N, STM32C071C8U6, STM32C071C8U6N, STM32C071CBT6, STM32C071CBT6N, STM32C071CBU6, STM32C071CBU6N, STM32C071F8P6, STM32C071F8P6N, STM32C071FBP6, STM32C071FBP6N, STM32C071FBY6TR, STM32C071G8U6, STM32C071G8U6N, STM32C071GBU6, STM32C071GBU6N, STM32C071K8T6, STM32C071K8T6N, STM32C071K8U6, STM32C071K8U6N, STM32C071KBT6, STM32C071KBT6N, STM32C071KBU6, STM32C071KBU6N, STM32C071R8T6, STM32C071R8T6N, STM32C071RBI6N, STM32C071RBT6, STM32C071RBT6N, STM32C091CBT6, STM32C091CBU6, STM32C091CCT6, STM32C091CCU6, STM32C091ECY6TR, STM32C091FBP6, STM32C091FCP6, STM32C091GBU6, STM32C091GCU6, STM32C091KBT6, STM32C091KBU6, STM32C091KCT6, STM32C091KCU6, STM32C091RBT6, STM32C091RCI6, STM32C091RCT6, STM32C092CBT6, STM32C092CBU6, STM32C092CCT6, STM32C092CCU6, STM32C092ECY6TR, STM32C092FBP6, STM32C092FCP6, STM32C092GBU6, STM32C092GCU6, STM32C092KBT6, STM32C092KBU6, STM32C092KCT6, STM32C092KCU6, STM32C092RBT6, STM32C092RCI6, STM32C092RCT6, STM32G071K8TXN, STM32G071K8UXN, STM32G081GBU6N, STM32G081KBT6N, STM32G081KBUXN, STM32G0B1CCT6N, STM32G0B1KCT6, STM32G0B1NEY6TR, STM32G0B1RCT6N, STM32G0C1CCT6, STM32G0C1CCT6N, STM32G0C1CCU6N, STM32G0C1CET6N, STM32G0C1CEU6N, STM32G0C1KCT6, STM32G0C1NEY6TR, STM32G0C1RCI6N, STM32G0C1RCT6N, STM32G0C1REI6N, STM32G0C1RET6N, STM32G0C1VCI6, STM32G0C1VEI6, STM32G411C6T3, STM32G411C6T6, STM32G411C6U3, STM32G411C6U6, STM32G411C8T3, STM32G411C8T6, STM32G411C8U3, STM32G411C8U6, STM32G411CBT3, STM32G411CBT6, STM32G411CBU3, STM32G411CBU6, STM32G411K6T3, STM32G411K6T6, STM32G411K6U3, STM32G411K6U6, STM32G411K8T3, STM32G411K8T6, STM32G411K8U3, STM32G411K8U6, STM32G411KBT3, STM32G411KBT6, STM32G411KBU3, STM32G411KBU6, STM32G411M6T3, STM32G411M6T6, STM32G411M8T3, STM32G411M8T6, STM32G411MBT3, STM32G411MBT6, STM32G411R6T3, STM32G411R6T6, STM32G411R8T3, STM32G411R8T6, STM32G411RBT3, STM32G411RBT6, STM32G414CBT3, STM32G414CBT6, STM32G414CBU3, STM32G414CBU6, STM32G414CCT3, STM32G414CCT6, STM32G414CCU3, STM32G414CCU6, STM32G414MBT3, STM32G414MBT6, STM32G414MCT3, STM32G414MCT6, STM32G414RBT3, STM32G414RBT6, STM32G414RCT3, STM32G414RCT6, STM32G414VBT3, STM32G414VBT6, STM32G414VCT3, STM32G414VCT6, STM32G431CBT3Z, STM32G431RBT3Z, STM32G471CCT6, STM32G471CCU6, STM32G471CET3, STM32G471CET6, STM32G471CEU3, STM32G471CEU6, STM32G471MCT6, STM32G471MET3, STM32G471MET6, STM32G471MEY6TR, STM32G471QCT6, STM32G471QET3, STM32G471RCT6, STM32G471RET3, STM32G471RET6, STM32G471VCH6, STM32G471VCI6, STM32G471VCT6, STM32G471VEH3, STM32G471VEH6, STM32G471VEI3, STM32G471VEI6, STM32G471VET3, STM32G471VET6, STM32G473QET3Z, STM32G473RET3Z, STM32G474CCT6, STM32G491RET3Z, STM32H503CBT6, STM32H503CBU6, STM32H503EBY6TR, STM32H503KBU6, STM32H503RBT6, STM32H523CCT6, STM32H523CCU6, STM32H523CET6, STM32H523CEU6, STM32H523HEY6TR, STM32H523RCT6, STM32H523RET6, STM32H523VCI6, STM32H523VCT6, STM32H523VEI6, STM32H523VET6, STM32H523ZCJ6, STM32H523ZCT6, STM32H523ZEJ6, STM32H523ZET6, STM32H533CET6, STM32H533CEU6, STM32H533HEY6TR, STM32H533RET6, STM32H533VEI6, STM32H533VET6, STM32H533ZEJ6, STM32H533ZET6, STM32H562AGI6, STM32H562AII6, STM32H562IGK6, STM32H562IGT6, STM32H562IIK6, STM32H562IIT6, STM32H562RGT6, STM32H562RGV6, STM32H562RIT6, STM32H562RIV6, STM32H562VGT6, STM32H562VIT6, STM32H562ZGT6, STM32H562ZIT6, STM32H563AGI6, STM32H563AII3Q, STM32H563AII6, STM32H563IGK6, STM32H563IGT6, STM32H563IIK3Q, STM32H563IIK6, STM32H563IIT3Q, STM32H563IIT6, STM32H563MIY3QTR, STM32H563RGT6, STM32H563RGV6, STM32H563RIT6, STM32H563RIV6, STM32H563VGT6, STM32H563VIT3Q, STM32H563VIT6, STM32H563ZGT6, STM32H563ZIT3Q, STM32H563ZIT6, STM32H573AII3Q, STM32H573AII6, STM32H573I-DK, STM32H573IIK3Q, STM32H573IIK6, STM32H573IIT3Q, STM32H573IIT6, STM32H573MIY3QTR, STM32H573RIT6, STM32H573RIV6, STM32H573VIT3Q, STM32H573VIT6, STM32H573ZIT3Q, STM32H573ZIT6, STM32H7R3A8I6, STM32H7R3I8K6, STM32H7R3I8T6, STM32H7R3L8H6, STM32H7R3L8H6H, STM32H7R3R8V6, STM32H7R3V8H6, STM32H7R3V8T6, STM32H7R3V8Y6TR, STM32H7R3Z8J6, STM32H7R3Z8T6, STM32H7R7A8I6, STM32H7R7I8K6, STM32H7R7I8T6, STM32H7R7L8H6, STM32H7R7L8H6H, STM32H7R7Z8J6, STM32H7S3A8I6, STM32H7S3I8K6, STM32H7S3I8T6, STM32H7S3L8H6, STM32H7S3L8H6H, STM32H7S3R8V6, STM32H7S3V8H6, STM32H7S3V8T6, STM32H7S3V8Y6TR, STM32H7S3Z8J6, STM32H7S3Z8T6, STM32H7S78-DK, STM32H7S7A8I6, STM32H7S7I8K6, STM32H7S7I8T6, STM32H7S7L8H6, STM32H7S7L8H6H, STM32H7S7Z8J6, STM32L4R5QGI6STR, STM32MP131AAE3, STM32MP131AAF3, STM32MP131AAG3, STM32MP131CAE3, STM32MP131CAF3, STM32MP131CAG3, STM32MP131DAE7, STM32MP131DAF7, STM32MP131DAG7, STM32MP131FAE7, STM32MP131FAF7, STM32MP131FAG7, STM32MP133AAE3, STM32MP133AAF3, STM32MP133AAG3, STM32MP133CAE3, STM32MP133CAF3, STM32MP133CAG3, STM32MP133DAE7, STM32MP133DAF7, STM32MP133DAG7, STM32MP133FAE7, STM32MP133FAF7, STM32MP133FAG7, STM32MP135AAE3, STM32MP135AAF3, STM32MP135AAG3, STM32MP135CAE3, STM32MP135CAF3, STM32MP135CAG3, STM32MP135DAE7, STM32MP135DAF7, STM32MP135DAG7, STM32MP135F-DK, STM32MP135FAE7, STM32MP135FAF7, STM32MP135FAF7T, STM32MP135FAF7U, STM32MP135FAG7, STM32MP211AAL3, STM32MP211AAM3, STM32MP211AAN3, STM32MP211AAO3, STM32MP211CAL3, STM32MP211CAM3, STM32MP211CAN3, STM32MP211CAO3, STM32MP211DAL3, STM32MP211DAM3, STM32MP211DAN3, STM32MP211DAO3, STM32MP211FAL3, STM32MP211FAM3, STM32MP211FAN3, STM32MP211FAO3, STM32MP213AAL3, STM32MP213AAM3, STM32MP213AAN3, STM32MP213AAO3, STM32MP213CAL3, STM32MP213CAM3, STM32MP213CAN3, STM32MP213CAO3, STM32MP213DAL3, STM32MP213DAM3, STM32MP213DAN3, STM32MP213DAO3, STM32MP213FAL3, STM32MP213FAM3, STM32MP213FAN3, STM32MP213FAO3, STM32MP215AAL3, STM32MP215AAM3, STM32MP215AAN3, STM32MP215AAO3, STM32MP215CAL3, STM32MP215CAM3, STM32MP215CAN3, STM32MP215CAO3, STM32MP215DAL3, STM32MP215DAM3, STM32MP215DAN3, STM32MP215DAO3, STM32MP215F-DK, STM32MP215FAL3, STM32MP215FAM3, STM32MP215FAN3, STM32MP215FAO3, STM32MP231AAJ3, STM32MP231AAK3, STM32MP231AAL3, STM32MP231CAJ3, STM32MP231CAK3, STM32MP231CAL3, STM32MP231DAJ3, STM32MP231DAK3, STM32MP231DAL3, STM32MP231FAJ3, STM32MP231FAK3, STM32MP231FAL3, STM32MP233AAJ3, STM32MP233AAK3, STM32MP233AAL3, STM32MP233CAJ3, STM32MP233CAK3, STM32MP233CAL3, STM32MP233DAJ3, STM32MP233DAK3, STM32MP233DAL3, STM32MP233FAJ3, STM32MP233FAK3, STM32MP233FAL3, STM32MP235AAJ3, STM32MP235AAK3, STM32MP235AAL3, STM32MP235CAJ3, STM32MP235CAK3, STM32MP235CAL3, STM32MP235DAJ3, STM32MP235DAK3, STM32MP235DAL3, STM32MP235FAJ3, STM32MP235FAK3, STM32MP235FAL3, STM32MP251AAI3, STM32MP251AAK3, STM32MP251AAL3, STM32MP251CAI3, STM32MP251CAK3, STM32MP251CAL3, STM32MP251DAI3, STM32MP251DAK3, STM32MP251DAL3, STM32MP251FAI3, STM32MP251FAK3, STM32MP251FAL3, STM32MP253AAI3, STM32MP253AAK3, STM32MP253AAL3, STM32MP253CAI3, STM32MP253CAK3, STM32MP253CAL3, STM32MP253DAI3, STM32MP253DAK3, STM32MP253DAL3, STM32MP253FAI3, STM32MP253FAK3, STM32MP253FAL3, STM32MP255AAI3, STM32MP255AAK3, STM32MP255AAL3, STM32MP255CAI3, STM32MP255CAK3, STM32MP255CAL3, STM32MP255DAI3, STM32MP255DAK3, STM32MP255DAL3, STM32MP255FAI3, STM32MP255FAK3, STM32MP255FAL3, STM32MP257AAI3, STM32MP257AAK3, STM32MP257AAL3, STM32MP257CAI3, STM32MP257CAK3, STM32MP257CAL3, STM32MP257DAI3, STM32MP257DAK3, STM32MP257DAL3, STM32MP257F-DK, STM32MP257F-EV1, STM32MP257FAI3, STM32MP257FAK3, STM32MP257FAL3, STM32N645A0H3Q, STM32N645B0H3Q, STM32N645I0H3Q, STM32N645L0H3Q, STM32N645X0H3Q, STM32N645Z0H3Q, STM32N647A0H3Q, STM32N647B0H3Q, STM32N647I0H3Q, STM32N647L0H3Q, STM32N647X0H3Q, STM32N647Z0H3Q, STM32N655A0H3Q, STM32N655B0H3Q, STM32N655I0H3Q, STM32N655L0H3Q, STM32N655X0H3Q, STM32N655Z0H3Q, STM32N6570-DK, STM32N657A0H3Q, STM32N657B0H3Q, STM32N657I0H3Q, STM32N657L0H3Q, STM32N657X0H3Q, STM32N657Z0H3Q, STM32U031C6T6, STM32U031C6U6, STM32U031C8T6, STM32U031C8U6, STM32U031F4P6, STM32U031F6P6, STM32U031F8P6, STM32U031G6Y6TR, STM32U031G8Y6TR, STM32U031K4U6, STM32U031K6U6, STM32U031K8U6, STM32U031R6I6, STM32U031R6T6, STM32U031R8I6, STM32U031R8T6, STM32U073C8T6, STM32U073C8U6, STM32U073CBT6, STM32U073CBU6, STM32U073CCT6, STM32U073CCU6, STM32U073H8Y6TR, STM32U073HBY6TR, STM32U073HCY6TR, STM32U073K8U6, STM32U073KBU6, STM32U073KCU6, STM32U073M8I6, STM32U073M8T6, STM32U073MBI6, STM32U073MBT6, STM32U073MCI6, STM32U073MCT6, STM32U073R8I6, STM32U073R8T6, STM32U073RBI6, STM32U073RBT6, STM32U073RCI6, STM32U073RCT6, STM32U083C-DK, STM32U083CCT6, STM32U083CCU6, STM32U083HCY6TR, STM32U083KCU6, STM32U083MCI6, STM32U083MCT6, STM32U083RCI6, STM32U083RCT6, STM32U375CET6, STM32U375CET6Q, STM32U375CEU6, STM32U375CEU6Q, STM32U375CEY6QTR, STM32U375CGT6, STM32U375CGT6Q, STM32U375CGU6, STM32U375CGU6Q, STM32U375CGY6QTR, STM32U375KEU6, STM32U375KGU6, STM32U375REI6, STM32U375REI6Q, STM32U375RET6, STM32U375RET6Q, STM32U375REY6GTR, STM32U375REY6QTR, STM32U375RGI6, STM32U375RGI6Q, STM32U375RGT6, STM32U375RGT6Q, STM32U375RGY6GTR, STM32U375RGY6QTR, STM32U375VEI6, STM32U375VEI6Q, STM32U375VET6, STM32U375VET6Q, STM32U375VGI6, STM32U375VGI6Q, STM32U375VGT6, STM32U375VGT6Q, STM32U385CGT6, STM32U385CGT6Q, STM32U385CGU6, STM32U385CGU6Q, STM32U385CGY6QTR, STM32U385KGU6, STM32U385RGI6, STM32U385RGI6Q, STM32U385RGT6, STM32U385RGT6Q, STM32U385RGY6GTR, STM32U385RGY6QTR, STM32U385VGI6, STM32U385VGI6Q, STM32U385VGT6, STM32U385VGT6Q, STM32U535CBT6, STM32U535CBT6Q, STM32U535CBU6, STM32U535CBU6Q, STM32U535CCT6, STM32U535CCT6Q, STM32U535CCU6, STM32U535CCU6Q, STM32U535CET6, STM32U535CET6Q, STM32U535CEU6, STM32U535CEU6Q, STM32U535JEY6QTR, STM32U535NCY6QTR, STM32U535NEY6QTR, STM32U535RBI6, STM32U535RBI6Q, STM32U535RBT6, STM32U535RBT6Q, STM32U535RCI6, STM32U535RCI6Q, STM32U535RCT6, STM32U535RCT6Q, STM32U535REI6, STM32U535REI6Q, STM32U535RET6, STM32U535RET6Q, STM32U535VCI6, STM32U535VCI6Q, STM32U535VCT6, STM32U535VCT6Q, STM32U535VEI6, STM32U535VEI6Q, STM32U535VET6, STM32U535VET6Q, STM32U545CET6, STM32U545CET6Q, STM32U545CEU6, STM32U545CEU6Q, STM32U545JEY6QTR, STM32U545NEY6QTR, STM32U545REI6, STM32U545REI6Q, STM32U545RET6, STM32U545RET6Q, STM32U545VEI6, STM32U545VEI6Q, STM32U545VET6, STM32U545VET6Q, STM32U595AIH6, STM32U595AIH6Q, STM32U595AJH6, STM32U595AJH6Q, STM32U595QII6, STM32U595QII6Q, STM32U595QJI6, STM32U595QJI6Q, STM32U595RIT6, STM32U595RIT6Q, STM32U595RJT6, STM32U595RJT6Q, STM32U595VIT6, STM32U595VIT6Q, STM32U595VJT6, STM32U595VJT6Q, STM32U595ZIT6, STM32U595ZIT6Q, STM32U595ZIY6QTR, STM32U595ZJT6, STM32U595ZJT6Q, STM32U595ZJY6QTR, STM32U599BJY6QTR, STM32U599NIH6Q, STM32U599NJH6Q, STM32U599VIT6Q, STM32U599VJT6, STM32U599VJT6Q, STM32U599ZIT6Q, STM32U599ZIY6QTR, STM32U599ZJT6Q, STM32U599ZJY6QTR, STM32U5A5AJH6, STM32U5A5AJH6Q, STM32U5A5QII3Q , STM32U5A5QJI6, STM32U5A5QJI6Q, STM32U5A5RJT6, STM32U5A5RJT6Q, STM32U5A5VJT6, STM32U5A5VJT6Q, STM32U5A5ZJT6, STM32U5A5ZJT6Q, STM32U5A5ZJY6QTR, STM32U5A9BJY6QTR, STM32U5A9J-DK, STM32U5A9NJH6Q, STM32U5A9VJT6Q, STM32U5A9ZJT6Q, STM32U5A9ZJY6QTR, STM32U5F7VIT6, STM32U5F7VIT6Q, STM32U5F7VJT6, STM32U5F7VJT6Q, STM32U5F9BJY6QTR, STM32U5F9NJH6Q, STM32U5F9VIT6Q, STM32U5F9VJT6Q, STM32U5F9ZIJ6QTR, STM32U5F9ZIT6Q, STM32U5F9ZJJ6QTR, STM32U5F9ZJT6Q, STM32U5G7VJT6, STM32U5G7VJT6Q, STM32U5G9BJY6QTR, STM32U5G9J-DK1, STM32U5G9J-DK2, STM32U5G9NJH6Q, STM32U5G9VJT6Q, STM32U5G9ZJJ6QTR, STM32U5G9ZJT6Q, STM32WB05KZV6TR, STM32WB05KZV7TR, STM32WB05TZF6TR, STM32WB05TZF7TR, STM32WB06CCF6TR, STM32WB06CCF7TR, STM32WB06CCV6TR, STM32WB06CCV7TR, STM32WB06KCV6TR, STM32WB06KCV7TR, STM32WB07CCF6TR, STM32WB07CCF7TR, STM32WB07CCV6TR, STM32WB07CCV7TR, STM32WB07KCV6TR, STM32WB07KCV7TR, STM32WB09KEV6TR, STM32WB09KEV7TR, STM32WB09TEF6TR, STM32WB09TEF7TR, STM32WB1MMCH6, STM32WBA50KGU6, STM32WBA50KGU6TR, STM32WBA52CEU6, STM32WBA52CEU6TR, STM32WBA52CEU7, STM32WBA52CEU7TR, STM32WBA52CGU6, STM32WBA52CGU6TR, STM32WBA52CGU6U, STM32WBA52CGU7, STM32WBA52CGU7TR, STM32WBA52KEU6, STM32WBA52KEU6TR, STM32WBA52KGU6, STM32WBA52KGU6TR, STM32WBA54CEU6, STM32WBA54CEU6TR, STM32WBA54CEU7, STM32WBA54CEU7TR, STM32WBA54CGU6, STM32WBA54CGU6TR, STM32WBA54CGU7, STM32WBA54CGU7TR, STM32WBA54KEU6, STM32WBA54KEU6TR, STM32WBA54KEU7, STM32WBA54KEU7TR, STM32WBA54KGU6, STM32WBA54KGU6TR, STM32WBA54KGU7, STM32WBA54KGU7TR, STM32WBA55CEU6, STM32WBA55CEU6TR, STM32WBA55CEU7, STM32WBA55CEU7TR, STM32WBA55CGU6, STM32WBA55CGU6TR, STM32WBA55CGU6U, STM32WBA55CGU7, STM32WBA55CGU7TR, STM32WBA55G-DK1, STM32WBA55HEF6, STM32WBA55HEF7, STM32WBA55HGF6, STM32WBA55HGF7, STM32WBA55UEI6, STM32WBA55UEI6TR, STM32WBA55UEI7, STM32WBA55UEI7TR, STM32WBA55UGI6, STM32WBA55UGI6TR, STM32WBA55UGI7, STM32WBA55UGI7TR, STM32WBA5MMGH6TR, STM32WBA62MGF6, STM32WBA62MIF6, STM32WBA65MGF7, STM32WBA65MIF6, STM32WBA65MIF7, STM32WL30K8V6, STM32WL30KBV6, STM32WL31C8V6, STM32WL31CBV6, STM32WL31K8V6, STM32WL31KBV6, STM32WL33C8V6, STM32WL33C8V6X, STM32WL33CBV6, STM32WL33CBV6X, STM32WL33CCV6, STM32WL33CCV6A, STM32WL33CCV6X, STM32WL33K8V7, STM32WL33K8V7X, STM32WL33KBV7 , STM32WL33KBV7X, STM32WL33KCV7, STM32WL33KCV7X, STM32WL5MOCH6, STM32WL5MOCH6TR]
2026-06-08 16:30:32,071 [INFO] DbMcus:218 - Found 5086 MCUs, 4968 are supported
2026-06-08 16:30:32,082 [INFO] ApiDb:423 - Load user favorites file C:\Users\ASUS/.stm32cubeide/favorites.mcus.txt: 1 item(s)
2026-06-08 16:30:32,083 [INFO] ApiDb:427 - User favorites MCUs=[STM32F446ZET6]
2026-06-08 16:30:32,083 [INFO] DbMcus:224 - Set 1 / 1 favorites MCUs
2026-06-08 16:30:35,822 [INFO] BoardInfo:889 - No configuration file found for board NUCLEO-H5E5ZJ
2026-06-08 16:30:35,827 [INFO] DbBoards:161 - Board is not supported: NUCLEO-H5E5ZJ
2026-06-08 16:30:36,159 [INFO] BoardInfo:889 - No configuration file found for board NUCLEO-U3C5ZI-Q
2026-06-08 16:30:36,166 [INFO] DbBoards:161 - Board is not supported: NUCLEO-U3C5ZI-Q
2026-06-08 16:30:36,253 [INFO] BoardInfo:889 - No configuration file found for board NUCLEO-WBA25CE1
2026-06-08 16:30:36,257 [INFO] DbBoards:161 - Board is not supported: NUCLEO-WBA25CE1
2026-06-08 16:30:36,305 [INFO] BoardInfo:889 - No configuration file found for board NUCLEO-WL3RKB1
2026-06-08 16:30:36,308 [INFO] DbBoards:161 - Board is not supported: NUCLEO-WL3RKB1
2026-06-08 16:30:36,311 [INFO] BoardInfo:889 - No configuration file found for board NUCLEO-WL3RKB2
2026-06-08 16:30:36,318 [INFO] DbBoards:161 - Board is not supported: NUCLEO-WL3RKB2
2026-06-08 16:30:36,356 [INFO] BoardInfo:889 - No configuration file found for board P-NUCLEO-WB55
2026-06-08 16:30:36,359 [INFO] DbBoards:161 - Kit is not supported: P-NUCLEO-WB55
2026-06-08 16:30:36,388 [INFO] BoardInfo:889 - No configuration file found for board STEVAL-BFA001V1B
2026-06-08 16:30:36,391 [INFO] DbBoards:161 - Kit is not supported: STEVAL-BFA001V1B
2026-06-08 16:30:36,394 [INFO] BoardInfo:889 - No configuration file found for board STEVAL-BFA001V2B
2026-06-08 16:30:36,403 [INFO] DbBoards:161 - Kit is not supported: STEVAL-BFA001V2B
2026-06-08 16:30:37,174 [INFO] BoardInfo:889 - No configuration file found for board STM32H5F5J-DK
2026-06-08 16:30:37,203 [INFO] DbBoards:161 - Board is not supported: STM32H5F5J-DK
2026-06-08 16:30:38,036 [INFO] DbBoards:168 - Found 218 boards, 209 are supported
2026-06-08 16:30:38,037 [INFO] DbBoards:169 - Found 218 boards, 43 of them is supported for  Bsp
2026-06-08 16:30:38,056 [INFO] ApiDb:423 - Load user favorites file C:\Users\ASUS/.stm32cubeide/favorites.boards.txt: 0 item(s)
2026-06-08 16:30:38,058 [INFO] ApiDb:427 - User favorites Boards=[]
2026-06-08 16:30:38,064 [INFO] DbBoards:198 - Set 0 / 0 favorites Boards
2026-06-08 16:30:38,363 [INFO] UtilMem:75 - End LoadConfig() Used Memory: 548226848 Bytes (890241024)
2026-06-08 16:30:39,899 [WARN] ThirdParty:833 - waiting for thirdparty lock release [change project]
2026-06-08 16:30:39,900 [INFO] ThirdParty:835 - entering critical section [change project]
2026-06-08 16:30:39,902 [INFO] ThirdParty:1030 - CMSIS Pack Vendor :STMicroelectronics X-CUBE-AZRTOS-H7 3.5.0
2026-06-08 16:30:39,904 [INFO] ThirdParty:1030 - CMSIS Pack Vendor :STMicroelectronics X-CUBE-PM33A1 1.0.0
2026-06-08 16:30:39,905 [INFO] ThirdParty:1030 - CMSIS Pack Vendor :STMicroelectronics USBPD 4.1
2026-06-08 16:30:39,906 [INFO] ThirdParty:1030 - CMSIS Pack Vendor :STMicroelectronics X-CUBE-NFC9 1.0.0
2026-06-08 16:30:39,906 [INFO] ThirdParty:1030 - CMSIS Pack Vendor :STMicroelectronics USB_HOST 2.0.0
2026-06-08 16:30:39,907 [INFO] ThirdParty:1030 - CMSIS Pack Vendor :STMicroelectronics X-CUBE-AZRTOS-F4 1.1.0
2026-06-08 16:30:39,907 [INFO] ThirdParty:1030 - CMSIS Pack Vendor :STMicroelectronics LIBJPEG 8.0.0
2026-06-08 16:30:39,908 [INFO] ThirdParty:1030 - CMSIS Pack Vendor :STMicroelectronics FP-ATR-ASTRA1 2.0.2
2026-06-08 16:30:39,908 [INFO] ThirdParty:1030 - CMSIS Pack Vendor :STMicroelectronics X-CUBE-BLE1 7.1.0
2026-06-08 16:30:39,908 [INFO] ThirdParty:1030 - CMSIS Pack Vendor :STMicroelectronics X-CUBE-SMBUS 2.1.0
2026-06-08 16:30:39,908 [INFO] ThirdParty:1030 - CMSIS Pack Vendor :wolfSSL I-CUBE-wolfMQTT 1.19.2
2026-06-08 16:30:39,908 [INFO] ThirdParty:1030 - CMSIS Pack Vendor :STMicroelectronics USB_DEVICE 3.0.0
2026-06-08 16:30:39,909 [INFO] ThirdParty:1030 - CMSIS Pack Vendor :STMicroelectronics X-CUBE-ISPU 2.1.0
2026-06-08 16:30:39,909 [INFO] ThirdParty:1030 - CMSIS Pack Vendor :STMicroelectronics X-CUBE-FREERTOS 1.4.0
2026-06-08 16:30:39,909 [INFO] ThirdParty:1030 - CMSIS Pack Vendor :STMicroelectronics X-CUBE-EEPRMA1 5.2.0
2026-06-08 16:30:39,909 [INFO] ThirdParty:1030 - CMSIS Pack Vendor :STMicroelectronics X-CUBE-IPS 3.2.0
2026-06-08 16:30:39,909 [INFO] ThirdParty:1030 - CMSIS Pack Vendor :STMicroelectronics X-CUBE-BLEMGR 4.1.0
2026-06-08 16:30:39,910 [INFO] ThirdParty:1030 - CMSIS Pack Vendor :STMicroelectronics eDS-WB_DPC_TT-BIDIR 2.1.1
2026-06-08 16:30:39,910 [INFO] ThirdParty:1030 - CMSIS Pack Vendor :STMicroelectronics X-CUBE-AZRTOS-WB 2.0.0
2026-06-08 16:30:39,910 [INFO] ThirdParty:1030 - CMSIS Pack Vendor :wolfSSL I-CUBE-wolfSSL 5.8.4
2026-06-08 16:30:39,910 [INFO] ThirdParty:1030 - CMSIS Pack Vendor :Cesanta I-CUBE-Mongoose 7.20.0
2026-06-08 16:30:39,911 [INFO] ThirdParty:1030 - CMSIS Pack Vendor :STMicroelectronics X-CUBE-NFC12 1.0.0
2026-06-08 16:30:39,911 [INFO] ThirdParty:1030 - CMSIS Pack Vendor :STMicroelectronics X-CUBE-AZRTOS-F7 1.1.0
2026-06-08 16:30:39,911 [INFO] ThirdParty:1030 - CMSIS Pack Vendor :STMicroelectronics X-CUBE-AZRTOS-L5 2.0.0
2026-06-08 16:30:39,911 [INFO] ThirdParty:1030 - CMSIS Pack Vendor :STMicroelectronics USB_DEVICE 2.0.0
2026-06-08 16:30:39,911 [INFO] ThirdParty:1030 - CMSIS Pack Vendor :STMicroelectronics FP-SNS-STAIOTCFT 1.1.0
2026-06-08 16:30:39,911 [INFO] ThirdParty:1030 - CMSIS Pack Vendor :quantropi X-CUBE-qispace-sdk-base 2.1.0
2026-06-08 16:30:39,912 [INFO] ThirdParty:1030 - CMSIS Pack Vendor :STMicroelectronics X-CUBE-MEMS1 12.0.0
2026-06-08 16:30:39,912 [INFO] ThirdParty:1030 - CMSIS Pack Vendor :STMicroelectronics X-CUBE-STSE01 2.0.0
2026-06-08 16:30:39,912 [INFO] ThirdParty:1030 - CMSIS Pack Vendor :STMicroelectronics X-CUBE-ALGOBUILD 1.5.0
2026-06-08 16:30:39,912 [INFO] ThirdParty:1030 - CMSIS Pack Vendor :STMicroelectronics FP-SNS-MOTENV1 5.1.0
2026-06-08 16:30:39,912 [INFO] ThirdParty:1030 - CMSIS Pack Vendor :STMicroelectronics FreeRTOS 0.0.1
2026-06-08 16:30:39,913 [INFO] ThirdParty:1030 - CMSIS Pack Vendor :STMicroelectronics X-CUBE-AZRTOS-G0 1.1.0
2026-06-08 16:30:39,913 [INFO] ThirdParty:1030 - CMSIS Pack Vendor :STMicroelectronics X-CUBE-NFC4 3.0.0
2026-06-08 16:30:39,913 [INFO] ThirdParty:1030 - CMSIS Pack Vendor :STMicroelectronics X-CUBE-SUBG2 5.0.0
2026-06-08 16:30:39,913 [INFO] ThirdParty:1030 - CMSIS Pack Vendor :STMicroelectronics STM32_WPAN 1.0.0
2026-06-08 16:30:39,913 [INFO] ThirdParty:1030 - CMSIS Pack Vendor :STMicroelectronics eDS-WB_DPC_VIENNA 1.2.0
2026-06-08 16:30:39,913 [INFO] ThirdParty:1030 - CMSIS Pack Vendor :EmbeddedOffice I-CUBE-FS-RTOS 1.0.1
2026-06-08 16:30:39,914 [INFO] ThirdParty:1030 - CMSIS Pack Vendor :STMicroelectronics lwIP 2.0.3
2026-06-08 16:30:39,914 [INFO] ThirdParty:1030 - CMSIS Pack Vendor :WES I-CUBE-Cesium 1.4.0
2026-06-08 16:30:39,914 [INFO] ThirdParty:1030 - CMSIS Pack Vendor :STMicroelectronics eDS-WB_DPC_3PH2L-BIDIR 1.1.1
2026-06-08 16:30:39,914 [INFO] ThirdParty:1030 - CMSIS Pack Vendor :STMicroelectronics USB_HOST 1.0.0
2026-06-08 16:30:39,914 [INFO] ThirdParty:1030 - CMSIS Pack Vendor :STMicroelectronics X-CUBE-AZRTOS-G4 2.0.0
2026-06-08 16:30:39,914 [INFO] ThirdParty:1030 - CMSIS Pack Vendor :STMicroelectronics X-CUBE-WB05N 2.0.0
2026-06-08 16:30:39,915 [INFO] ThirdParty:1030 - CMSIS Pack Vendor :STMicroelectronics PDM2PCM 3.1.0
2026-06-08 16:30:39,915 [INFO] ThirdParty:1030 - CMSIS Pack Vendor :STMicroelectronics PDM2PCM 3.3.0
2026-06-08 16:30:39,915 [INFO] ThirdParty:1030 - CMSIS Pack Vendor :wolfSSL I-CUBE-wolfTPM 3.8.0
2026-06-08 16:30:39,915 [INFO] ThirdParty:1030 - CMSIS Pack Vendor :STMicroelectronics X-CUBE-AZRTOS-H7 3.4.0
2026-06-08 16:30:39,915 [INFO] ThirdParty:1030 - CMSIS Pack Vendor :STMicroelectronics X-CUBE-DISPLAY 3.0.0
2026-06-08 16:30:39,916 [INFO] ThirdParty:1030 - CMSIS Pack Vendor :wolfSSL I-CUBE-wolfSSH 1.4.20
2026-06-08 16:30:39,916 [INFO] ThirdParty:1030 - CMSIS Pack Vendor :STMicroelectronics X-CUBE-NFC7 2.0.0
2026-06-08 16:30:39,916 [INFO] ThirdParty:1030 - CMSIS Pack Vendor :STMicroelectronics X-CUBE-GNSS1 7.1.1
2026-06-08 16:30:39,916 [INFO] ThirdParty:1030 - CMSIS Pack Vendor :STMicroelectronics FP-SNS-MOTENVWB1 1.5.0
2026-06-08 16:30:39,916 [INFO] ThirdParty:1030 - CMSIS Pack Vendor :STMicroelectronics X-CUBE-TCPP 4.2.0
2026-06-08 16:30:39,916 [INFO] ThirdParty:1030 - CMSIS Pack Vendor :RealThread X-CUBE-RT-Thread_Nano 4.1.1
2026-06-08 16:30:39,917 [INFO] ThirdParty:1030 - CMSIS Pack Vendor :STMicroelectronics FP-ATR-SIGFOX1 3.2.0
2026-06-08 16:30:39,917 [INFO] ThirdParty:1030 - CMSIS Pack Vendor :STMicroelectronics X-CUBE-NFC10 1.0.0
2026-06-08 16:30:39,917 [INFO] ThirdParty:1030 - CMSIS Pack Vendor :STMicroelectronics HAL Drivers 0.0.0
2026-06-08 16:30:39,918 [INFO] ThirdParty:1030 - CMSIS Pack Vendor :STMicroelectronics X-CUBE-FREERTOS 1.5.0
2026-06-08 16:30:39,923 [INFO] ThirdParty:1030 - CMSIS Pack Vendor :STMicroelectronics MBEDTLS 2.16.2
2026-06-08 16:30:39,924 [INFO] ThirdParty:1030 - CMSIS Pack Vendor :STMicroelectronics X-CUBE-ST60 1.1.0
2026-06-08 16:30:39,926 [INFO] ThirdParty:1030 - CMSIS Pack Vendor :STMicroelectronics X-CUBE-ALS 1.0.2
2026-06-08 16:30:39,926 [INFO] ThirdParty:1030 - CMSIS Pack Vendor :emotas I-CUBE-CANOPEN 1.3.0
2026-06-08 16:30:39,927 [INFO] ThirdParty:1030 - CMSIS Pack Vendor :STMicroelectronics MBEDTLS 2.14.1
2026-06-08 16:30:39,927 [INFO] ThirdParty:1030 - CMSIS Pack Vendor :STMicroelectronics X-CUBE-GNSS1 7.1.0
2026-06-08 16:30:39,928 [INFO] ThirdParty:1030 - CMSIS Pack Vendor :ITTIA_DB I-CUBE-ITTIADB 8.9.0
2026-06-08 16:30:39,928 [INFO] ThirdParty:1030 - CMSIS Pack Vendor :STMicroelectronics X-CUBE-TOUCHGFX 4.26.0
2026-06-08 16:30:39,928 [INFO] ThirdParty:1030 - CMSIS Pack Vendor :STMicroelectronics X-CUBE-TOUCHGFX 4.26.1
2026-06-08 16:30:39,928 [INFO] ThirdParty:1030 - CMSIS Pack Vendor :STMicroelectronics X-CUBE-NFC6 3.2.0
2026-06-08 16:30:39,929 [INFO] ThirdParty:1030 - CMSIS Pack Vendor :STMicroelectronics FP-SNS-STBOX1 2.1.0
2026-06-08 16:30:39,929 [INFO] ThirdParty:1030 - CMSIS Pack Vendor :STMicroelectronics X-CUBE-AI 10.2.0
2026-06-08 16:30:39,929 [INFO] ThirdParty:1030 - CMSIS Pack Vendor :STMicroelectronics FP-SNS-STAIOTCFT 1.0.0
2026-06-08 16:30:39,929 [INFO] ThirdParty:1030 - CMSIS Pack Vendor :STMicroelectronics ThreadX 1.0.0
2026-06-08 16:30:39,930 [INFO] ThirdParty:1030 - CMSIS Pack Vendor :STMicroelectronics FP-SNS-SMARTAG2 1.2.0
2026-06-08 16:30:39,930 [INFO] ThirdParty:1030 - CMSIS Pack Vendor :STMicroelectronics X-CUBE-MEMS1 12.1.0
2026-06-08 16:30:39,930 [INFO] ThirdParty:1030 - CMSIS Pack Vendor :STMicroelectronics FP-SNS-FLIGHT1 5.1.0
2026-06-08 16:30:39,930 [INFO] ThirdParty:1030 - CMSIS Pack Vendor :STMicroelectronics X-CUBE-AZRTOS-WL 2.0.0
2026-06-08 16:30:39,930 [INFO] ThirdParty:1030 - CMSIS Pack Vendor :SEGGER I-CUBE-embOS 1.3.1
2026-06-08 16:30:39,931 [INFO] ThirdParty:1030 - CMSIS Pack Vendor :STMicroelectronics X-CUBE-ALGOBUILD 1.4.0
2026-06-08 16:30:39,931 [INFO] ThirdParty:1030 - CMSIS Pack Vendor :STMicroelectronics X-CUBE-DPower 1.3.0
2026-06-08 16:30:39,931 [INFO] ThirdParty:1030 - CMSIS Pack Vendor :STMicroelectronics USB_DEVICE 1.0.0
2026-06-08 16:30:39,932 [INFO] ThirdParty:1030 - CMSIS Pack Vendor :STMicroelectronics X-CUBE-AZRTOS-H7RS 1.2.0
2026-06-08 16:30:39,932 [INFO] ThirdParty:1030 - CMSIS Pack Vendor :STMicroelectronics X-CUBE-AZRTOS-L4 2.0.0
2026-06-08 16:30:39,932 [INFO] ThirdParty:1030 - CMSIS Pack Vendor :STMicroelectronics ThreadX 0.0.2
2026-06-08 16:30:39,932 [INFO] ThirdParty:1030 - CMSIS Pack Vendor :STMicroelectronics lwIP 2.1.2
2026-06-08 16:30:39,933 [INFO] ThirdParty:1030 - CMSIS Pack Vendor :STMicroelectronics X-CUBE-SFXS2LP1 4.0.0
2026-06-08 16:30:39,933 [INFO] ThirdParty:1030 - CMSIS Pack Vendor :STMicroelectronics X-CUBE-BLE2 3.3.0
2026-06-08 16:30:39,933 [INFO] ThirdParty:1030 - CMSIS Pack Vendor :Avnet-IOTCONNECT X-CUBE-iotc-st67-sdk 1.0.0
2026-06-08 16:30:39,933 [INFO] ThirdParty:1030 - CMSIS Pack Vendor :STMicroelectronics X-CUBE-TOF1 3.4.3
2026-06-08 16:30:39,933 [INFO] ThirdParty:1030 - CMSIS Pack Vendor :Infineon AIROC-Wi-Fi-Bluetooth-STM32 1.8.0
2026-06-08 16:30:39,934 [INFO] ThirdParty:1030 - CMSIS Pack Vendor :STMicroelectronics PDM2PCM 3.2.0
2026-06-08 16:30:39,934 [INFO] ThirdParty:1030 - CMSIS Pack Vendor :STMicroelectronics X-CUBE-WB05N 2.1.0
2026-06-08 16:30:39,939 [INFO] ThirdParty:1030 - CMSIS Pack Vendor :STMicroelectronics X-CUBE-ST67W61 1.2.0
2026-06-08 16:30:39,940 [INFO] ThirdParty:841 - exiting critical section [change project]
2026-06-08 16:30:46,495 [INFO] PinOutPanel:1589 - setPackage(No Configuration,No Configuration)
2026-06-08 16:30:46,553 [INFO] PinOutPanel:1589 - setPackage(STM32F207ZGTx,LQFP144)
2026-06-08 16:30:51,285 [INFO] UtilMem:75 - Before build in PCC Used Memory: 503381632 Bytes (890241024)
2026-06-08 16:31:02,571 [INFO] UtilMem:75 - After build in PCC Used Memory: 702632880 Bytes (890241024)
2026-06-08 16:31:03,979 [INFO] ApiDbMcu:532 - Load IP Config File for FREERTOS
2026-06-08 16:31:04,049 [INFO] ApiDbMcu:532 - Load IP Config File for LWIP
2026-06-08 16:31:04,598 [INFO] IPUIPlugin:80 - create IPUIPlugin
2026-06-08 16:31:04,599 [INFO] IPUIPlugin:80 - create IPUIPlugin
2026-06-08 16:31:04,599 [INFO] IPUIPlugin:80 - create IPUIPlugin
2026-06-08 16:31:04,611 [INFO] IPUIPlugin:80 - create IPUIPlugin
2026-06-08 16:31:04,611 [INFO] IPUIPlugin:80 - create IPUIPlugin
2026-06-08 16:31:04,613 [INFO] IPUIPlugin:80 - create IPUIPlugin
2026-06-08 16:31:04,614 [INFO] IPUIPlugin:80 - create IPUIPlugin
2026-06-08 16:31:04,616 [INFO] IPUIPlugin:80 - create IPUIPlugin
2026-06-08 16:31:04,647 [INFO] IPUIPlugin:80 - create IPUIPlugin
2026-06-08 16:31:04,649 [INFO] IPUIPlugin:80 - create IPUIPlugin
2026-06-08 16:31:04,651 [INFO] IPUIPlugin:80 - create IPUIPlugin
2026-06-08 16:31:04,662 [INFO] IPUIPlugin:80 - create IPUIPlugin
2026-06-08 16:31:04,664 [INFO] IPUIPlugin:80 - create IPUIPlugin
2026-06-08 16:31:04,666 [INFO] IPUIPlugin:80 - create IPUIPlugin
2026-06-08 16:31:04,678 [INFO] IPUIPlugin:80 - create IPUIPlugin
2026-06-08 16:31:04,679 [INFO] IPUIPlugin:80 - create IPUIPlugin
2026-06-08 16:31:04,680 [INFO] IPUIPlugin:80 - create IPUIPlugin
2026-06-08 16:31:04,681 [INFO] IPUIPlugin:80 - create IPUIPlugin
2026-06-08 16:31:04,682 [INFO] IPUIPlugin:80 - create IPUIPlugin
2026-06-08 16:31:04,683 [INFO] IPUIPlugin:80 - create IPUIPlugin
2026-06-08 16:31:04,684 [INFO] IPUIPlugin:80 - create IPUIPlugin
2026-06-08 16:31:04,686 [INFO] IPUIPlugin:80 - create IPUIPlugin
2026-06-08 16:31:04,687 [INFO] IPUIPlugin:80 - create IPUIPlugin
2026-06-08 16:31:04,695 [INFO] IPUIPlugin:80 - create IPUIPlugin
2026-06-08 16:31:04,698 [INFO] IPUIPlugin:80 - create IPUIPlugin
2026-06-08 16:31:04,698 [INFO] IPUIPlugin:80 - create IPUIPlugin
2026-06-08 16:31:04,699 [INFO] IPUIPlugin:80 - create IPUIPlugin
2026-06-08 16:31:04,701 [INFO] IPUIPlugin:80 - create IPUIPlugin
2026-06-08 16:31:04,702 [INFO] IPUIPlugin:80 - create IPUIPlugin
2026-06-08 16:31:04,707 [INFO] IPUIPlugin:80 - create IPUIPlugin
2026-06-08 16:31:04,709 [INFO] IPUIPlugin:80 - create IPUIPlugin
2026-06-08 16:31:04,710 [INFO] IPUIPlugin:80 - create IPUIPlugin
2026-06-08 16:31:04,711 [INFO] IPUIPlugin:80 - create IPUIPlugin
2026-06-08 16:31:04,713 [INFO] IPUIPlugin:80 - create IPUIPlugin
2026-06-08 16:31:04,715 [INFO] IPUIPlugin:80 - create IPUIPlugin
2026-06-08 16:31:04,716 [INFO] IPUIPlugin:80 - create IPUIPlugin
2026-06-08 16:31:04,717 [INFO] IPUIPlugin:80 - create IPUIPlugin
2026-06-08 16:31:04,719 [INFO] IPUIPlugin:80 - create IPUIPlugin
2026-06-08 16:31:04,721 [INFO] IPUIPlugin:80 - create IPUIPlugin
2026-06-08 16:31:04,723 [INFO] IPUIPlugin:80 - create IPUIPlugin
2026-06-08 16:31:04,725 [INFO] IPUIPlugin:80 - create IPUIPlugin
2026-06-08 16:31:04,727 [INFO] IPUIPlugin:80 - create IPUIPlugin
2026-06-08 16:31:04,729 [INFO] IPUIPlugin:80 - create IPUIPlugin
2026-06-08 16:31:04,730 [INFO] IPUIPlugin:80 - create IPUIPlugin
2026-06-08 16:31:04,732 [INFO] IPUIPlugin:80 - create IPUIPlugin
2026-06-08 16:31:04,733 [INFO] IPUIPlugin:80 - create IPUIPlugin
2026-06-08 16:31:04,736 [INFO] IPUIPlugin:80 - create IPUIPlugin
2026-06-08 16:31:04,746 [INFO] IPUIPlugin:80 - create IPUIPlugin
2026-06-08 16:31:04,748 [INFO] IPUIPlugin:80 - create IPUIPlugin
2026-06-08 16:31:04,749 [INFO] IPUIPlugin:80 - create IPUIPlugin
2026-06-08 16:31:04,752 [INFO] IPUIPlugin:80 - create IPUIPlugin
2026-06-08 16:31:04,754 [INFO] IPUIPlugin:80 - create IPUIPlugin
2026-06-08 16:31:04,756 [INFO] IPUIPlugin:80 - create IPUIPlugin
2026-06-08 16:31:04,759 [INFO] IPUIPlugin:80 - create IPUIPlugin
2026-06-08 16:31:04,760 [INFO] IPUIPlugin:80 - create IPUIPlugin
2026-06-08 16:31:04,764 [INFO] IPUIPlugin:80 - create IPUIPlugin
2026-06-08 16:31:04,766 [INFO] IPUIPlugin:80 - create IPUIPlugin
2026-06-08 16:31:04,768 [INFO] IPUIPlugin:80 - create IPUIPlugin
2026-06-08 16:31:04,914 [INFO] ApiDbMcu:532 - Load IP Config File for PDM2PCM
2026-06-08 16:31:05,215 [WARN] FreeRTOS:1023 - Null or empty value: should not occur! (nothing added to the table)
2026-06-08 16:31:09,198 [INFO] CADModel:165 - CPN selected for project levelSTM32F207ZGT6
2026-06-08 16:31:09,199 [INFO] CADModel:114 - Register for checkConnection events
2026-06-08 16:31:09,216 [INFO] RtosManager:728 - Active RTOS found at IOC load: FREERTOS [Cortex-M3NS]
2026-06-08 16:31:09,320 [INFO] OpenFileManager:386 - Restore cursor
2026-06-08 16:31:10,728 [WARN] IP:2250 - lpm_enable not found: check if there is a RefParameter without a condition.
2026-06-08 16:31:10,728 [WARN] IP:2250 - lpm_enable not found: check if there is a RefParameter without a condition.
2026-06-08 16:31:10,841 [WARN] IP:2250 - LWIP_NETIF_HOSTNAME_NAME not found: check if there is a RefParameter without a condition.
2026-06-08 16:31:11,080 [WARN] IP:2250 - LWIP_NETIF_HOSTNAME_NAME not found: check if there is a RefParameter without a condition.
2026-06-08 16:31:11,506 [INFO] ParamManager:905 - [Generic UI] PropertyChangeEvent: TAB_STATUS_CHANGED , "dont care", "never mind"
2026-06-08 17:26:47,505 [INFO] WebApp:194 - Connection lost
2026-06-08 17:26:50,604 [INFO] WebApp:191 - Connection restablished
2026-06-08 17:28:17,327 [ERROR] LogOutputStream:75 - [STDERR_REDIRECT] 
2026-06-08 17:28:17,366 [ERROR] LogOutputStream:75 - [STDERR_REDIRECT] 
