2026-05-05 15:16:36,294 [INFO] Activator:176 - 


2026-05-05 15:16:36,316 [INFO] Activator:177 - !SESSION log4j initialized
2026-05-05 15:16:58,295 [INFO] LogOutputStream:77 - [STDOUT_REDIRECT] 
2026-05-05 15:17:04,573 [INFO] ApplicationProperties:184 - Using Application install path: C:\ST\STM32CubeIDE_1.19.0\STM32CubeIDE\plugins\com.st.stm32cube.common.mx_6.15.0.202507011659
2026-05-05 15:17:04,734 [INFO] DbMcusXml:78 - Set database path to: C:\ST\STM32CubeIDE_1.19.0\STM32CubeIDE\plugins\com.st.stm32cube.common.mx_6.15.0.202507011659\\db\/mcu/
2026-05-05 15:17:04,736 [INFO] ApiDb:274 - Set plugin database path to: C:\ST\STM32CubeIDE_1.19.0\STM32CubeIDE\plugins\com.st.stm32cube.common.mx_6.15.0.202507011659\\db\/plugins/boardmanager/
2026-05-05 15:17:04,739 [WARN] ApiDb:259 - Overriding images path with different value:  => C:\ST\STM32CubeIDE_1.19.0\STM32CubeIDE\plugins\com.st.stm32cube.common.mx_6.15.0.202507011659\\db\/plugins/mcufinder/images/
2026-05-05 15:17:04,781 [INFO] ApiDb:250 - Set database path to: C:\Users\ASUS\.stmcufinder\plugins\mcufinder//mcu/
2026-05-05 15:17:04,788 [INFO] DbMcusAds:125 - Set database path to: C:\Users\ASUS\.stmcufinder\plugins\mcufinder//mcu/
2026-05-05 15:17:04,803 [INFO] CrossReferenceDbSqlite:203 - Set database path to: C:\Users\ASUS\.stmcufinder\plugins\mcufinder//mcu/cs/
2026-05-05 15:17:05,800 [INFO] RulesReader:64 - Compatibility file has been processed (317 Rules)
2026-05-05 15:17:06,299 [INFO] DbMcusXml:78 - Set database path to: C:\ST\STM32CubeIDE_1.19.0\STM32CubeIDE\plugins\com.st.stm32cube.common.mx_6.15.0.202507011659\\db\/mcu/
2026-05-05 15:17:06,300 [INFO] ApiDb:274 - Set plugin database path to: C:\ST\STM32CubeIDE_1.19.0\STM32CubeIDE\plugins\com.st.stm32cube.common.mx_6.15.0.202507011659\\db\/plugins/boardmanager/
2026-05-05 15:17:06,300 [INFO] ApiDb:261 - Set plugin images path to: C:\ST\STM32CubeIDE_1.19.0\STM32CubeIDE\plugins\com.st.stm32cube.common.mx_6.15.0.202507011659\\db\/plugins/mcufinder/images/
2026-05-05 15:17:06,300 [WARN] DbFile:41 - Overriding database path with different value: C:\Users\ASUS\.stmcufinder\plugins\mcufinder/ => C:\Users\ASUS\.stmcufinder\plugins\mcufinder
2026-05-05 15:17:06,302 [INFO] ApiDb:250 - Set database path to: C:\Users\ASUS\.stmcufinder\plugins\mcufinder//mcu/
2026-05-05 15:17:06,302 [WARN] DbFile:41 - Overriding database path with different value: C:\Users\ASUS\.stmcufinder\plugins\mcufinder/ => C:\Users\ASUS\.stmcufinder\plugins\mcufinder
2026-05-05 15:17:06,303 [INFO] DbMcusAds:125 - Set database path to: C:\Users\ASUS\.stmcufinder\plugins\mcufinder//mcu/
2026-05-05 15:17:06,303 [WARN] DbFile:41 - Overriding database path with different value: C:\Users\ASUS\.stmcufinder\plugins\mcufinder/ => C:\Users\ASUS\.stmcufinder\plugins\mcufinder
2026-05-05 15:17:06,304 [WARN] DbFile:41 - Overriding database path with different value: C:\Users\ASUS\.stmcufinder\plugins\mcufinder/ => C:\Users\ASUS\.stmcufinder\plugins\mcufinder
2026-05-05 15:17:06,304 [INFO] CrossReferenceDbSqlite:203 - Set database path to: C:\Users\ASUS\.stmcufinder\plugins\mcufinder//mcu/cs/
2026-05-05 15:17:06,594 [INFO] MainPanel:274 - HeapMemory: 268435456
2026-05-05 15:17:07,184 [INFO] DbMcusXml:78 - Set database path to: C:\ST\STM32CubeIDE_1.19.0\STM32CubeIDE\plugins\com.st.stm32cube.common.mx_6.15.0.202507011659\\db\/mcu/
2026-05-05 15:17:07,185 [INFO] ApiDb:274 - Set plugin database path to: C:\ST\STM32CubeIDE_1.19.0\STM32CubeIDE\plugins\com.st.stm32cube.common.mx_6.15.0.202507011659\\db\/plugins/boardmanager/
2026-05-05 15:17:07,185 [INFO] ApiDb:261 - Set plugin images path to: C:\ST\STM32CubeIDE_1.19.0\STM32CubeIDE\plugins\com.st.stm32cube.common.mx_6.15.0.202507011659\\db\/plugins/mcufinder/images/
2026-05-05 15:17:07,190 [WARN] DbFile:41 - Overriding database path with different value: C:\Users\ASUS\.stmcufinder\plugins\mcufinder/ => C:\Users\ASUS\.stmcufinder\plugins\mcufinder
2026-05-05 15:17:07,190 [INFO] ApiDb:250 - Set database path to: C:\Users\ASUS\.stmcufinder\plugins\mcufinder//mcu/
2026-05-05 15:17:07,190 [WARN] DbFile:41 - Overriding database path with different value: C:\Users\ASUS\.stmcufinder\plugins\mcufinder/ => C:\Users\ASUS\.stmcufinder\plugins\mcufinder
2026-05-05 15:17:07,192 [INFO] DbMcusAds:125 - Set database path to: C:\Users\ASUS\.stmcufinder\plugins\mcufinder//mcu/
2026-05-05 15:17:07,193 [WARN] DbFile:41 - Overriding database path with different value: C:\Users\ASUS\.stmcufinder\plugins\mcufinder/ => C:\Users\ASUS\.stmcufinder\plugins\mcufinder
2026-05-05 15:17:07,193 [WARN] DbFile:41 - Overriding database path with different value: C:\Users\ASUS\.stmcufinder\plugins\mcufinder/ => C:\Users\ASUS\.stmcufinder\plugins\mcufinder
2026-05-05 15:17:07,194 [INFO] CrossReferenceDbSqlite:203 - Set database path to: C:\Users\ASUS\.stmcufinder\plugins\mcufinder//mcu/cs/
2026-05-05 15:17:07,332 [INFO] ApplicationProperties:184 - Using Application install path: C:\ST\STM32CubeIDE_1.19.0\STM32CubeIDE\plugins\com.st.stm32cube.common.mx_6.15.0.202507011659
2026-05-05 15:17:07,343 [INFO] PluginManage:196 - Search for loadable plugins [exclusion list=, ]
2026-05-05 15:17:07,350 [INFO] PluginManage:310 - Check plugin analytics
2026-05-05 15:17:08,776 [INFO] AnalyticsPlugin:253 - Accepted Software Licenses: 
2026-05-05 15:17:08,777 [INFO] AnalyticsPlugin:255 - Accepted CMSIS Pack Licenses: 
2026-05-05 15:17:08,778 [INFO] AnalyticsPlugin:257 - Accepted Firmware Licenses: FW.F4.1.28.0
2026-05-05 15:17:08,795 [INFO] PluginManage:359 - Loaded plugin analytics (category:tool,tabindex:-1)
2026-05-05 15:17:08,798 [INFO] PluginManage:310 - Check plugin cadmodel
2026-05-05 15:17:08,829 [INFO] CADModel:105 - Init CAD model plugin
2026-05-05 15:17:08,830 [INFO] PluginManage:359 - Loaded plugin cadmodel (category:power,tabindex:5)
2026-05-05 15:17:08,832 [INFO] PluginManage:310 - Check plugin clock
2026-05-05 15:17:08,884 [INFO] PluginManage:359 - Loaded plugin clock (category:base,tabindex:2)
2026-05-05 15:17:08,885 [INFO] PluginManage:310 - Check plugin ddr
2026-05-05 15:17:08,900 [INFO] PluginManage:359 - Loaded plugin ddr (category:tool,tabindex:6)
2026-05-05 15:17:08,901 [INFO] PluginManage:310 - Check plugin filemanager
2026-05-05 15:17:09,687 [INFO] PluginManage:359 - Loaded plugin filemanager (category:base,tabindex:10)
2026-05-05 15:17:09,687 [INFO] PluginManage:310 - Check plugin ipmanager
2026-05-05 15:17:09,714 [INFO] PluginManage:359 - Loaded plugin ipmanager (category:base,tabindex:5)
2026-05-05 15:17:09,715 [INFO] PluginManage:310 - Check plugin lpbam
2026-05-05 15:17:09,746 [INFO] PluginManage:359 - Loaded plugin lpbam (category:base,tabindex:0)
2026-05-05 15:17:09,746 [INFO] PluginManage:310 - Check plugin memorymap
2026-05-05 15:17:09,809 [INFO] PluginManage:359 - Loaded plugin memorymap (category:base,tabindex:4)
2026-05-05 15:17:09,811 [INFO] PluginManage:310 - Check plugin pinoutandconfiguration
2026-05-05 15:17:09,844 [INFO] PluginManage:359 - Loaded plugin pinoutandconfiguration (category:base,tabindex:1)
2026-05-05 15:17:09,846 [INFO] PluginManage:310 - Check plugin pinoutconfig
2026-05-05 15:17:10,313 [WARN] SupportedApi:132 - Cannot load RTOS API schema: s4s-elt-must-match.1: The content of 'definitions' must match (annotation?, (simpleType | complexType)?, (unique | key | keyref)*)). A problem was found starting at: attribute.
2026-05-05 15:17:11,648 [INFO] PluginManage:359 - Loaded plugin pinoutconfig (category:base,tabindex:0)
2026-05-05 15:17:11,649 [INFO] PluginManage:310 - Check plugin power
2026-05-05 15:17:11,722 [INFO] PluginManage:359 - Loaded plugin power (category:power,tabindex:4)
2026-05-05 15:17:11,723 [INFO] PluginManage:310 - Check plugin projectmanager
2026-05-05 15:17:11,821 [INFO] PluginManage:359 - Loaded plugin projectmanager (category:projectmanager,tabindex:4)
2026-05-05 15:17:11,821 [INFO] PluginManage:310 - Check plugin rif
2026-05-05 15:17:11,875 [INFO] PluginManage:359 - Loaded plugin rif (category:base,tabindex:3)
2026-05-05 15:17:11,878 [INFO] PluginManage:310 - Check plugin thirdparty
2026-05-05 15:17:12,600 [INFO] PluginManage:359 - Loaded plugin thirdparty (category:base,tabindex:-1)
2026-05-05 15:17:12,599 [WARN] IntegrityCheckThread:84 - waiting for thirdparty lock release [integrity check]
2026-05-05 15:17:12,600 [INFO] PluginManage:310 - Check plugin tools
2026-05-05 15:17:12,600 [INFO] IntegrityCheckThread:86 - entering critical section [integrity check]
2026-05-05 15:17:12,602 [INFO] ThirdPartyUpdaterWithRetryManager:70 - Updater plugin not ready yet. [1/15]
2026-05-05 15:17:12,616 [INFO] PluginManage:359 - Loaded plugin tools (category:base,tabindex:7)
2026-05-05 15:17:12,617 [INFO] PluginManage:310 - Check plugin tutovideos
2026-05-05 15:17:14,027 [INFO] PluginManage:359 - Loaded plugin tutovideos (category:base,tabindex:-1)
2026-05-05 15:17:14,028 [INFO] PluginManage:310 - Check plugin updater
2026-05-05 15:17:14,124 [INFO] PluginManage:359 - Loaded plugin updater (category:base,tabindex:12)
2026-05-05 15:17:14,125 [INFO] PluginManage:310 - Check plugin userauth
2026-05-05 15:17:14,151 [INFO] UserAuth:118 - Init User Auth plugin
2026-05-05 15:17:14,155 [INFO] PluginManage:359 - Loaded plugin userauth (category:base,tabindex:14)
2026-05-05 15:17:14,158 [INFO] PluginManage:283 - PluginManage : Loaded plugins [18]
2026-05-05 15:17:15,228 [INFO] PinOutPanel:1589 - setPackage(No Configuration,No Configuration)
2026-05-05 15:17:15,605 [INFO] ThirdPartyUpdaterWithRetryManager:70 - Updater plugin not ready yet. [2/15]
2026-05-05 15:17:15,685 [INFO] CADModel:165 - CPN selected for project level
2026-05-05 15:17:15,685 [INFO] CADModel:114 - Register for checkConnection events
2026-05-05 15:17:15,742 [INFO] IPUIPlugin:80 - create IPUIPlugin
2026-05-05 15:17:15,743 [INFO] PluginManager:220 - loadIPPluginJar : add adc
2026-05-05 15:17:15,751 [INFO] IPUIPlugin:80 - create IPUIPlugin
2026-05-05 15:17:15,751 [INFO] PluginManager:220 - loadIPPluginJar : add aes
2026-05-05 15:17:15,760 [INFO] IPUIPlugin:80 - create IPUIPlugin
2026-05-05 15:17:15,760 [INFO] PluginManager:220 - loadIPPluginJar : add can
2026-05-05 15:17:15,765 [INFO] IPUIPlugin:80 - create IPUIPlugin
2026-05-05 15:17:15,765 [INFO] PluginManager:220 - loadIPPluginJar : add comp
2026-05-05 15:17:15,772 [INFO] IPUIPlugin:80 - create IPUIPlugin
2026-05-05 15:17:15,772 [INFO] PluginManager:220 - loadIPPluginJar : add cryp
2026-05-05 15:17:15,782 [INFO] IPUIPlugin:80 - create IPUIPlugin
2026-05-05 15:17:15,784 [INFO] PluginManager:220 - loadIPPluginJar : add ddr_ctrl_phy
2026-05-05 15:17:15,789 [INFO] IPUIPlugin:80 - create IPUIPlugin
2026-05-05 15:17:15,790 [INFO] PluginManager:220 - loadIPPluginJar : add dfsdm
2026-05-05 15:17:15,803 [INFO] IPUIPlugin:80 - create IPUIPlugin
2026-05-05 15:17:15,806 [INFO] PluginManager:220 - loadIPPluginJar : add dma
2026-05-05 15:17:15,814 [INFO] IPUIPlugin:80 - create IPUIPlugin
2026-05-05 15:17:15,814 [INFO] PluginManager:220 - loadIPPluginJar : add dma3
2026-05-05 15:17:15,823 [INFO] IPUIPlugin:80 - create IPUIPlugin
2026-05-05 15:17:15,824 [INFO] PluginManager:220 - loadIPPluginJar : add extmemmanager
2026-05-05 15:17:15,829 [INFO] IPUIPlugin:80 - create IPUIPlugin
2026-05-05 15:17:15,829 [INFO] PluginManager:220 - loadIPPluginJar : add fatfs
2026-05-05 15:17:15,841 [INFO] IPUIPlugin:80 - create IPUIPlugin
2026-05-05 15:17:15,841 [INFO] PluginManager:220 - loadIPPluginJar : add fmc
2026-05-05 15:17:15,861 [INFO] IPUIPlugin:80 - create IPUIPlugin
2026-05-05 15:17:15,862 [INFO] PluginManager:220 - loadIPPluginJar : add freertos
2026-05-05 15:17:15,866 [INFO] IPUIPlugin:80 - create IPUIPlugin
2026-05-05 15:17:15,868 [INFO] PluginManager:220 - loadIPPluginJar : add genericplugin
2026-05-05 15:17:15,875 [INFO] IPUIPlugin:80 - create IPUIPlugin
2026-05-05 15:17:15,875 [INFO] PluginManager:220 - loadIPPluginJar : add gfxmmu
2026-05-05 15:17:15,889 [INFO] IPUIPlugin:80 - create IPUIPlugin
2026-05-05 15:17:15,890 [INFO] PluginManager:220 - loadIPPluginJar : add gic
2026-05-05 15:17:15,900 [INFO] IPUIPlugin:80 - create IPUIPlugin
2026-05-05 15:17:15,901 [INFO] PluginManager:220 - loadIPPluginJar : add gpio
2026-05-05 15:17:15,911 [INFO] IPUIPlugin:80 - create IPUIPlugin
2026-05-05 15:17:15,911 [INFO] PluginManager:220 - loadIPPluginJar : add gtzc
2026-05-05 15:17:15,920 [INFO] IPUIPlugin:80 - create IPUIPlugin
2026-05-05 15:17:15,921 [INFO] PluginManager:220 - loadIPPluginJar : add hash
2026-05-05 15:17:15,929 [INFO] IPUIPlugin:80 - create IPUIPlugin
2026-05-05 15:17:15,929 [INFO] PluginManager:220 - loadIPPluginJar : add i2c
2026-05-05 15:17:15,939 [INFO] IPUIPlugin:80 - create IPUIPlugin
2026-05-05 15:17:15,940 [INFO] PluginManager:220 - loadIPPluginJar : add i2s
2026-05-05 15:17:15,950 [INFO] IPUIPlugin:80 - create IPUIPlugin
2026-05-05 15:17:15,950 [INFO] PluginManager:220 - loadIPPluginJar : add i3c
2026-05-05 15:17:15,958 [INFO] IPUIPlugin:80 - create IPUIPlugin
2026-05-05 15:17:15,959 [INFO] PluginManager:220 - loadIPPluginJar : add ipddr
2026-05-05 15:17:15,975 [INFO] IPUIPlugin:80 - create IPUIPlugin
2026-05-05 15:17:15,976 [INFO] PluginManager:220 - loadIPPluginJar : add linkedlist
2026-05-05 15:17:15,986 [INFO] IPUIPlugin:80 - create IPUIPlugin
2026-05-05 15:17:15,986 [INFO] PluginManager:220 - loadIPPluginJar : add lorawan
2026-05-05 15:17:15,993 [INFO] IPUIPlugin:80 - create IPUIPlugin
2026-05-05 15:17:15,993 [INFO] PluginManager:220 - loadIPPluginJar : add ltdc
2026-05-05 15:17:16,009 [INFO] IPUIPlugin:80 - create IPUIPlugin
2026-05-05 15:17:16,009 [INFO] PluginManager:220 - loadIPPluginJar : add mdma
2026-05-05 15:17:16,022 [INFO] IPUIPlugin:80 - create IPUIPlugin
2026-05-05 15:17:16,023 [INFO] PluginManager:220 - loadIPPluginJar : add nvic
2026-05-05 15:17:16,032 [INFO] IPUIPlugin:80 - create IPUIPlugin
2026-05-05 15:17:16,032 [INFO] PluginManager:220 - loadIPPluginJar : add opamp
2026-05-05 15:17:16,044 [INFO] IPUIPlugin:80 - create IPUIPlugin
2026-05-05 15:17:16,044 [INFO] PluginManager:220 - loadIPPluginJar : add openamp
2026-05-05 15:17:16,055 [INFO] IPUIPlugin:80 - create IPUIPlugin
2026-05-05 15:17:16,055 [INFO] PluginManager:220 - loadIPPluginJar : add pdm2pcm
2026-05-05 15:17:16,070 [INFO] IPUIPlugin:80 - create IPUIPlugin
2026-05-05 15:17:16,079 [INFO] PluginManager:220 - loadIPPluginJar : add plateformsettings
2026-05-05 15:17:16,084 [INFO] IPUIPlugin:80 - create IPUIPlugin
2026-05-05 15:17:16,085 [INFO] PluginManager:220 - loadIPPluginJar : add quadspi
2026-05-05 15:17:16,090 [INFO] IPUIPlugin:80 - create IPUIPlugin
2026-05-05 15:17:16,092 [INFO] PluginManager:220 - loadIPPluginJar : add radio
2026-05-05 15:17:16,101 [INFO] IPUIPlugin:80 - create IPUIPlugin
2026-05-05 15:17:16,102 [INFO] PluginManager:220 - loadIPPluginJar : add resmgrutility
2026-05-05 15:17:16,111 [INFO] IPUIPlugin:80 - create IPUIPlugin
2026-05-05 15:17:16,111 [INFO] PluginManager:220 - loadIPPluginJar : add sai
2026-05-05 15:17:16,119 [INFO] IPUIPlugin:80 - create IPUIPlugin
2026-05-05 15:17:16,119 [INFO] PluginManager:220 - loadIPPluginJar : add spi
2026-05-05 15:17:16,134 [INFO] IPUIPlugin:80 - create IPUIPlugin
2026-05-05 15:17:16,134 [INFO] PluginManager:220 - loadIPPluginJar : add stm32_wpan
2026-05-05 15:17:16,139 [INFO] IPUIPlugin:80 - create IPUIPlugin
2026-05-05 15:17:16,139 [INFO] PluginManager:220 - loadIPPluginJar : add tim
2026-05-05 15:17:16,149 [INFO] IPUIPlugin:80 - create IPUIPlugin
2026-05-05 15:17:16,150 [INFO] PluginManager:220 - loadIPPluginJar : add touchsensing
2026-05-05 15:17:16,158 [INFO] IPUIPlugin:80 - create IPUIPlugin
2026-05-05 15:17:16,158 [INFO] PluginManager:220 - loadIPPluginJar : add tracer_emb
2026-05-05 15:17:16,165 [INFO] IPUIPlugin:80 - create IPUIPlugin
2026-05-05 15:17:16,165 [INFO] PluginManager:220 - loadIPPluginJar : add ts
2026-05-05 15:17:16,171 [INFO] IPUIPlugin:80 - create IPUIPlugin
2026-05-05 15:17:16,172 [INFO] PluginManager:220 - loadIPPluginJar : add tsc
2026-05-05 15:17:16,178 [INFO] IPUIPlugin:80 - create IPUIPlugin
2026-05-05 15:17:16,178 [INFO] PluginManager:220 - loadIPPluginJar : add ucpd
2026-05-05 15:17:16,186 [INFO] IPUIPlugin:80 - create IPUIPlugin
2026-05-05 15:17:16,187 [INFO] PluginManager:220 - loadIPPluginJar : add usart
2026-05-05 15:17:16,197 [INFO] IPUIPlugin:80 - create IPUIPlugin
2026-05-05 15:17:16,197 [INFO] PluginManager:220 - loadIPPluginJar : add usbx
2026-05-05 15:17:16,469 [FATAL] Updater:351 - Updater called before beeing initialized
2026-05-05 15:17:16,535 [INFO] RulesReader:64 - Compatibility file has been processed (317 Rules)
2026-05-05 15:17:16,571 [INFO] RulesReader:64 - Compatibility file has been processed (317 Rules)
2026-05-05 15:17:16,599 [INFO] CADModel:165 - CPN selected for project level
2026-05-05 15:17:16,600 [INFO] CADModel:114 - Register for checkConnection events
2026-05-05 15:17:16,600 [FATAL] Updater:351 - Updater called before beeing initialized
2026-05-05 15:17:16,600 [ERROR] CADModel:125 - Updater not yet initialized, retry later 
2026-05-05 15:17:17,096 [FATAL] Updater:351 - Updater called before beeing initialized
2026-05-05 15:17:17,103 [INFO] CADModel:165 - CPN selected for project level
2026-05-05 15:17:17,103 [INFO] CADModel:114 - Register for checkConnection events
2026-05-05 15:17:17,103 [FATAL] Updater:351 - Updater called before beeing initialized
2026-05-05 15:17:17,103 [ERROR] CADModel:125 - Updater not yet initialized, retry later 
2026-05-05 15:17:17,114 [FATAL] Updater:351 - Updater called before beeing initialized
2026-05-05 15:17:17,532 [FATAL] Updater:351 - Updater called before beeing initialized
2026-05-05 15:17:17,554 [INFO] DbMcusAds:53 - JSON generation date=Mon Apr 27 13:44:29 IST 2026 (1777277669683)
2026-05-05 15:17:17,555 [FATAL] Updater:351 - Updater called before beeing initialized
2026-05-05 15:17:17,711 [WARN] DetailPanel:346 - Failed to get advertising image, set to default
2026-05-05 15:17:18,103 [FATAL] Updater:351 - Updater called before beeing initialized
2026-05-05 15:17:18,108 [FATAL] Updater:351 - Updater called before beeing initialized
2026-05-05 15:17:18,110 [FATAL] Updater:351 - Updater called before beeing initialized
2026-05-05 15:17:18,111 [WARN] DetailPanel:346 - Failed to get advertising image, set to default
2026-05-05 15:17:18,114 [FATAL] Updater:351 - Updater called before beeing initialized
2026-05-05 15:17:18,272 [ERROR] Updater:1198 - MainUpdater not yet initialized. External WinMGr cannot be set.
2026-05-05 15:17:18,279 [INFO] Updater:1134 - Updater Version found : 6.15.0
2026-05-05 15:17:18,334 [INFO] ApplicationProperties:184 - Using Application install path: C:\ST\STM32CubeIDE_1.19.0\STM32CubeIDE\plugins\com.st.stm32cube.common.mx_6.15.0.202507011659
2026-05-05 15:17:18,608 [INFO] ThirdPartyUpdaterWithRetryManager:70 - Updater plugin not ready yet. [3/15]
2026-05-05 15:17:19,964 [ERROR] LogOutputStream:75 - [STDERR_REDIRECT] May 05, 2026 3:17:19 PM java.util.prefs.WindowsPreferences <init>
2026-05-05 15:17:19,973 [ERROR] LogOutputStream:75 - [STDERR_REDIRECT] WARNING: Could not open/create prefs root node Software\JavaSoft\Prefs at root 0xffffffff80000002. Windows RegCreateKeyEx(...) returned error code 5.
2026-05-05 15:17:19,975 [ERROR] LogOutputStream:75 - [STDERR_REDIRECT] 
2026-05-05 15:17:21,291 [INFO] MainUpdater:2872 - connection check result : 10
2026-05-05 15:17:21,293 [INFO] MainUpdater:289 - Updater Check For Update Now.
2026-05-05 15:17:21,294 [INFO] MicroXplorer:498 - Change Database Version : DB.6.0.150
2026-05-05 15:17:21,331 [INFO] McuFinderGlobals:63 - Set McuFinder mode to 2 (CubeIDE integrated)
2026-05-05 15:17:21,335 [INFO] UserAuth:487 - Internet connection configuration mode: 1
2026-05-05 15:17:21,448 [INFO] JxBrowserEngine:152 - Initiate JxBrowser Engine with user profile folder
2026-05-05 15:17:21,608 [WARN] MainUpdater:1193 - Updater busy. Cannot search thirdparties
2026-05-05 15:17:21,609 [INFO] ThirdPartyUpdaterWithRetryManager:96 - Updater plugin is busy. [1/15]
2026-05-05 15:17:21,761 [INFO] CheckServerUpdateThread:120 - End of CheckServer Thread
2026-05-05 15:17:26,801 [WARN] PackLoader:240 - Cannot read IP mode file for STMicroelectronics.X-CUBE-AZRTOS-H7.3.5.0
2026-05-05 15:17:26,859 [WARN] PackLoader:240 - Cannot read IP mode file for STMicroelectronics.FP-ATR-ASTRA1.2.0.2
2026-05-05 15:17:26,900 [WARN] PackLoader:240 - Cannot read IP mode file for STMicroelectronics.X-CUBE-SMBUS.2.1.0
2026-05-05 15:17:26,999 [WARN] PackLoader:240 - Cannot read IP mode file for STMicroelectronics.X-CUBE-AZRTOS-F7.1.1.0
2026-05-05 15:17:27,037 [WARN] PackLoader:240 - Cannot read IP mode file for STMicroelectronics.FP-SNS-MOTENV1.5.1.0
2026-05-05 15:17:27,088 [WARN] PackLoader:240 - Cannot read IP mode file for WES.I-CUBE-Cesium.1.4.0
2026-05-05 15:17:27,233 [WARN] PackLoader:240 - Cannot read IP mode file for STMicroelectronics.X-CUBE-AZRTOS-H7.3.4.0
2026-05-05 15:17:27,279 [WARN] PackLoader:240 - Cannot read IP mode file for STMicroelectronics.X-CUBE-DISPLAY.3.0.0
2026-05-05 15:17:27,330 [WARN] PackLoader:240 - Cannot read IP mode file for STMicroelectronics.X-CUBE-GNSS1.7.1.1
2026-05-05 15:17:27,350 [WARN] PackLoader:240 - Cannot read IP mode file for STMicroelectronics.FP-SNS-MOTENVWB1.1.5.0
2026-05-05 15:17:27,375 [WARN] PackLoader:240 - Cannot read IP mode file for STMicroelectronics.X-CUBE-NFC10.1.0.0
2026-05-05 15:17:27,398 [WARN] PackLoader:240 - Cannot read IP mode file for STMicroelectronics.X-CUBE-ST60.1.1.0
2026-05-05 15:17:27,422 [WARN] PackLoader:240 - Cannot read IP mode file for emotas.I-CUBE-CANOPEN.1.3.0
2026-05-05 15:17:27,441 [WARN] PackLoader:240 - Cannot read IP mode file for STMicroelectronics.X-CUBE-GNSS1.7.1.0
2026-05-05 15:17:27,474 [WARN] PackLoader:240 - Cannot read IP mode file for STMicroelectronics.FP-SNS-STBOX1.2.1.0
2026-05-05 15:17:27,499 [WARN] PackLoader:240 - Cannot read IP mode file for STMicroelectronics.FP-SNS-SMARTAG2.1.2.0
2026-05-05 15:17:27,523 [WARN] PackLoader:240 - Cannot read IP mode file for STMicroelectronics.FP-SNS-FLIGHT1.5.1.0
2026-05-05 15:17:27,561 [INFO] LogOutputStream:77 - [STDOUT_REDIRECT] 1 : Invalid condition id : UX_CORESTACK_Condition cause : null
2026-05-05 15:17:27,564 [INFO] LogOutputStream:77 - [STDOUT_REDIRECT] 1 : Invalid condition id : UX_CORESTACK_Condition cause : null
2026-05-05 15:17:27,572 [INFO] LogOutputStream:77 - [STDOUT_REDIRECT] 1 : Invalid condition id : UX_CORESTACK_Condition cause : null
2026-05-05 15:17:27,580 [INFO] LogOutputStream:77 - [STDOUT_REDIRECT] 1 : Invalid condition id : UX_CORESTACK_Condition cause : null
2026-05-05 15:17:27,589 [INFO] LogOutputStream:77 - [STDOUT_REDIRECT] 1 : Invalid condition id : UX_CORESTACK_Condition cause : null
2026-05-05 15:17:27,624 [WARN] PackLoader:240 - Cannot read IP mode file for STMicroelectronics.X-CUBE-AZRTOS-WL.2.0.0
2026-05-05 15:17:27,721 [WARN] PackLoader:240 - Cannot read IP mode file for STMicroelectronics.X-CUBE-AZRTOS-H7RS.1.2.0
2026-05-05 15:17:27,759 [WARN] PackLoader:240 - Cannot read IP mode file for STMicroelectronics.X-CUBE-BLE2.3.3.0
2026-05-05 15:17:27,933 [WARN] PackLoader:240 - Cannot read IP mode file for Infineon.AIROC-Wi-Fi-Bluetooth-STM32.1.8.0
2026-05-05 15:17:27,979 [WARN] PackLoader:240 - Cannot read IP mode file for STMicroelectronics.X-CUBE-NFC9.1.0.0
2026-05-05 15:17:28,003 [WARN] PackLoader:240 - Cannot read IP mode file for STMicroelectronics.X-CUBE-BLE1.7.1.0
2026-05-05 15:17:28,023 [WARN] PackLoader:240 - Cannot read IP mode file for wolfSSL.I-CUBE-wolfMQTT.1.19.2
2026-05-05 15:17:28,045 [WARN] PackLoader:240 - Cannot read IP mode file for STMicroelectronics.X-CUBE-FREERTOS.1.4.0
2026-05-05 15:17:28,069 [WARN] PackLoader:240 - Cannot read IP mode file for STMicroelectronics.X-CUBE-EEPRMA1.5.2.0
2026-05-05 15:17:28,103 [WARN] PackLoader:240 - Cannot read IP mode file for wolfSSL.I-CUBE-wolfSSL.5.8.4
2026-05-05 15:17:28,128 [WARN] PackLoader:240 - Cannot read IP mode file for Cesanta.I-CUBE-Mongoose.7.20.0
2026-05-05 15:17:28,155 [WARN] PackLoader:240 - Cannot read IP mode file for STMicroelectronics.FP-SNS-STAIOTCFT.1.1.0
2026-05-05 15:17:28,382 [WARN] PackLoader:240 - Cannot read IP mode file for STMicroelectronics.X-CUBE-MEMS1.12.0.0
2026-05-05 15:17:28,984 [WARN] PackLoader:240 - Cannot read IP mode file for STMicroelectronics.X-CUBE-AZRTOS-G0.1.1.0
2026-05-05 15:17:29,021 [WARN] PackLoader:240 - Cannot read IP mode file for STMicroelectronics.X-CUBE-NFC4.3.0.0
2026-05-05 15:17:29,087 [WARN] PackLoader:240 - Cannot read IP mode file for EmbeddedOffice.I-CUBE-FS-RTOS.1.0.1
2026-05-05 15:17:29,122 [WARN] PackLoader:240 - Cannot read IP mode file for STMicroelectronics.X-CUBE-WB05N.2.0.0
2026-05-05 15:17:29,145 [WARN] PackLoader:240 - Cannot read IP mode file for wolfSSL.I-CUBE-wolfTPM.3.8.0
2026-05-05 15:17:29,174 [WARN] PackLoader:240 - Cannot read IP mode file for STMicroelectronics.X-CUBE-TCPP.4.2.0
2026-05-05 15:17:29,209 [WARN] PackLoader:240 - Cannot read IP mode file for RealThread.X-CUBE-RT-Thread_Nano.4.1.1
2026-05-05 15:17:29,236 [WARN] PackLoader:240 - Cannot read IP mode file for STMicroelectronics.FP-ATR-SIGFOX1.3.2.0
2026-05-05 15:17:29,258 [WARN] PackLoader:240 - Cannot read IP mode file for STMicroelectronics.X-CUBE-FREERTOS.1.5.0
2026-05-05 15:17:29,287 [WARN] PackLoader:240 - Cannot read IP mode file for ITTIA_DB.I-CUBE-ITTIADB.8.9.0
2026-05-05 15:17:29,323 [WARN] PackLoader:240 - Cannot read IP mode file for STMicroelectronics.X-CUBE-NFC6.3.2.0
2026-05-05 15:17:29,357 [WARN] PackLoader:240 - Cannot read IP mode file for STMicroelectronics.X-CUBE-AI.10.2.0
2026-05-05 15:17:29,538 [WARN] PackLoader:240 - Cannot read IP mode file for STMicroelectronics.X-CUBE-MEMS1.12.1.0
2026-05-05 15:17:29,819 [INFO] WebApp:169 - Instantiating new browser for Auth
2026-05-05 15:17:29,963 [WARN] PackLoader:240 - Cannot read IP mode file for SEGGER.I-CUBE-embOS.1.3.1
2026-05-05 15:17:30,166 [WARN] PackLoader:240 - Cannot read IP mode file for STMicroelectronics.X-CUBE-ALGOBUILD.1.4.0
2026-05-05 15:17:30,194 [WARN] PackLoader:240 - Cannot read IP mode file for STMicroelectronics.X-CUBE-PM33A1.1.0.0
2026-05-05 15:17:30,258 [WARN] PackLoader:240 - Cannot read IP mode file for STMicroelectronics.X-CUBE-AZRTOS-F4.1.1.0
2026-05-05 15:17:30,285 [WARN] PackLoader:240 - Cannot read IP mode file for STMicroelectronics.X-CUBE-ISPU.2.1.0
2026-05-05 15:17:30,342 [WARN] PackLoader:240 - Cannot read IP mode file for STMicroelectronics.X-CUBE-IPS.3.2.0
2026-05-05 15:17:30,402 [WARN] PackLoader:240 - Cannot read IP mode file for STMicroelectronics.eDS-WB_DPC_TT-BIDIR.2.1.1
2026-05-05 15:17:30,433 [WARN] PackLoader:240 - Cannot read IP mode file for STMicroelectronics.X-CUBE-NFC12.1.0.0
2026-05-05 15:17:30,511 [WARN] PackLoader:240 - Cannot read IP mode file for STMicroelectronics.X-CUBE-AZRTOS-L5.2.0.0
2026-05-05 15:17:30,538 [WARN] PackLoader:240 - Cannot read IP mode file for STMicroelectronics.eDS-WB_DPC_VIENNA.1.2.0
2026-05-05 15:17:30,561 [WARN] PackLoader:240 - Cannot read IP mode file for STMicroelectronics.eDS-WB_DPC_3PH2L-BIDIR.1.1.1
2026-05-05 15:17:30,584 [ERROR] Engine:466 - C:\Users\ASUS\.stm32cubemx\thirdparties\pdsc\STMicroelectronics.X-CUBE-ST67W61.1.3.0.pdsc: PDSC version is not supported
2026-05-05 15:17:30,619 [WARN] PackLoader:240 - Cannot read IP mode file for STMicroelectronics.X-CUBE-TOUCHGFX.4.26.0
2026-05-05 15:17:30,636 [WARN] PackLoader:240 - Cannot read IP mode file for STMicroelectronics.X-CUBE-TOUCHGFX.4.26.1
2026-05-05 15:17:30,654 [WARN] PackLoader:240 - Cannot read IP mode file for STMicroelectronics.FP-SNS-STAIOTCFT.1.0.0
2026-05-05 15:17:30,675 [WARN] PackLoader:240 - Cannot read IP mode file for STMicroelectronics.X-CUBE-DPower.1.3.0
2026-05-05 15:17:30,772 [WARN] ConditionMgr:438 - getConditionDescription Invalid condition id : LAN8742 Phy interface Condition cause : null
2026-05-05 15:17:30,775 [WARN] PackLoader:240 - Cannot read IP mode file for STMicroelectronics.X-CUBE-AZRTOS-L4.2.0.0
2026-05-05 15:17:30,780 [WARN] ConditionMgr:1044 - genDependencies : Invalid condition id : LAN8742 Phy interface Condition cause : null
2026-05-05 15:17:30,780 [WARN] ConditionMgr:1044 - genDependencies : Invalid condition id : LAN8742 Phy interface Condition cause : null
2026-05-05 15:17:30,784 [WARN] ConditionMgr:1044 - genDependencies : Invalid condition id : LAN8742 Phy interface Condition cause : null
2026-05-05 15:17:30,825 [WARN] PackLoader:240 - Cannot read IP mode file for STMicroelectronics.X-CUBE-SFXS2LP1.4.0.0
2026-05-05 15:17:30,844 [WARN] PackLoader:240 - Cannot read IP mode file for STMicroelectronics.X-CUBE-WB05N.2.1.0
2026-05-05 15:17:30,872 [WARN] PackLoader:240 - Cannot read IP mode file for STMicroelectronics.X-CUBE-ST67W61.1.2.0
2026-05-05 15:17:30,917 [WARN] PackLoader:240 - Cannot read IP mode file for STMicroelectronics.X-CUBE-BLEMGR.4.1.0
2026-05-05 15:17:30,990 [WARN] ConditionMgr:438 - getConditionDescription Invalid condition id : UX DEVICE CLASS RTOS Condition cause : null
2026-05-05 15:17:30,991 [WARN] ConditionMgr:438 - getConditionDescription Invalid condition id : UX DEVICE CLASS RTOS Condition cause : null
2026-05-05 15:17:31,000 [WARN] PackLoader:240 - Cannot read IP mode file for STMicroelectronics.X-CUBE-AZRTOS-WB.2.0.0
2026-05-05 15:17:31,003 [WARN] ConditionMgr:1044 - genDependencies : Invalid condition id : UX DEVICE CLASS RTOS Condition cause : null
2026-05-05 15:17:31,003 [WARN] ConditionMgr:1044 - genDependencies : Invalid condition id : UX DEVICE CLASS RTOS Condition cause : null
2026-05-05 15:17:31,005 [WARN] ConditionMgr:1044 - genDependencies : Invalid condition id : UX DEVICE CLASS RTOS Condition cause : null
2026-05-05 15:17:31,006 [WARN] ConditionMgr:1044 - genDependencies : Invalid condition id : UX DEVICE CLASS RTOS Condition cause : null
2026-05-05 15:17:31,006 [WARN] ConditionMgr:1044 - genDependencies : Invalid condition id : UX DEVICE CLASS RTOS Condition cause : null
2026-05-05 15:17:31,033 [WARN] ConditionMgr:438 - getConditionDescription Invalid condition id : Cortex-A Device cause : null
2026-05-05 15:17:31,082 [WARN] ConditionMgr:1044 - genDependencies : Invalid condition id : Cortex-A Device cause : null
2026-05-05 15:17:31,082 [WARN] ConditionMgr:1044 - genDependencies : Invalid condition id : Cortex-A Device cause : null
2026-05-05 15:17:31,083 [WARN] ConditionMgr:1044 - genDependencies : Invalid condition id : Cortex-A Device cause : null
2026-05-05 15:17:31,124 [WARN] PackLoader:240 - Cannot read IP mode file for STMicroelectronics.X-CUBE-STSE01.2.0.0
2026-05-05 15:17:31,186 [WARN] PackLoader:240 - Cannot read IP mode file for STMicroelectronics.X-CUBE-SUBG2.5.0.0
2026-05-05 15:17:31,255 [WARN] PackLoader:240 - Cannot read IP mode file for STMicroelectronics.X-CUBE-AZRTOS-G4.2.0.0
2026-05-05 15:17:31,302 [WARN] PackLoader:240 - Cannot read IP mode file for wolfSSL.I-CUBE-wolfSSH.1.4.20
2026-05-05 15:17:31,350 [WARN] PackLoader:240 - Cannot read IP mode file for STMicroelectronics.X-CUBE-NFC7.2.0.0
2026-05-05 15:17:31,370 [WARN] PackLoader:240 - Cannot read IP mode file for STMicroelectronics.X-CUBE-ALS.1.0.2
2026-05-05 15:17:31,439 [WARN] PackLoader:240 - Cannot read IP mode file for STMicroelectronics.X-CUBE-TOF1.3.4.3
2026-05-05 15:17:31,487 [INFO] ThirdParty:978 - Integrity check success = true
2026-05-05 15:17:31,488 [INFO] IntegrityCheckThread:100 - exiting critical section [integrity check]
2026-05-05 15:17:31,489 [INFO] IntegrityCheckThread:103 - End integrity checks thread
2026-05-05 15:17:37,329 [INFO] WebApp:463 - Apply proxy settings
2026-05-05 15:17:37,330 [INFO] WebApp:548 - Chromium requires no authentication
2026-05-05 15:17:37,376 [INFO] WebApp:491 - Direct internet connection detected
2026-05-05 15:17:37,529 [INFO] WebApp:900 - Register for checkConnection events
2026-05-05 15:17:37,529 [INFO] WebApp:463 - Apply proxy settings
2026-05-05 15:17:37,529 [INFO] WebApp:548 - Chromium requires no authentication
2026-05-05 15:17:37,531 [INFO] WebApp:491 - Direct internet connection detected
2026-05-05 15:17:38,479 [INFO] WebApp:191 - Connection restablished
2026-05-05 15:17:38,903 [INFO] WebApp:225 - Starting web application
2026-05-05 15:17:38,904 [INFO] WebApp:593 - Web application path used C:\ST\STM32CubeIDE_1.19.0\STM32CubeIDE\plugins\com.st.stm32cube.common.mx_6.15.0.202507011659\db\plugins\mcufinder\reactClient1\index.html
2026-05-05 15:17:43,670 [INFO] UserAuth:487 - Internet connection configuration mode: 1
2026-05-05 15:19:24,055 [INFO] McuFinderGlobals:63 - Set McuFinder mode to 2 (CubeIDE integrated)
2026-05-05 15:19:24,078 [INFO] MainUpdater:2872 - connection check result : 10
2026-05-05 15:19:24,081 [INFO] MainUpdater:2872 - connection check result : 10
2026-05-05 15:19:24,243 [INFO] MicroXplorer:468 - Change Database Path : 
2026-05-05 15:19:24,244 [INFO] MicroXplorer:498 - Change Database Version : DB.6.0.150
2026-05-05 15:19:24,263 [WARN] ThirdParty:871 - waiting for thirdparty lock release [close project]
2026-05-05 15:19:24,263 [INFO] ThirdParty:873 - entering critical section [close project]
2026-05-05 15:19:24,266 [INFO] ThirdParty:883 - exiting critical section [close project]
2026-05-05 15:19:24,277 [INFO] PinOutPanel:1589 - setPackage(No Configuration,No Configuration)
2026-05-05 15:19:24,288 [INFO] UtilMem:75 - Begin LoadConfig() Used Memory: 844636104 Bytes (1039138816)
2026-05-05 15:19:24,294 [INFO] MicroXplorer:468 - Change Database Path : 
2026-05-05 15:19:24,294 [INFO] MicroXplorer:498 - Change Database Version : DB.6.0.150
2026-05-05 15:19:24,296 [INFO] OpenFileManager:355 - Change cursor
2026-05-05 15:19:24,488 [INFO] Mcu:2029 - Initializing MCU STM32F446R(C-E)Tx STM32F446RETx STM32F446RET6
2026-05-05 15:19:34,548 [INFO] Context:786 - Trying to add GPIOservice into a context  which must be forbidden
2026-05-05 15:19:37,036 [INFO] ImportTextPane:234 - (OptionalMessage_ERROR) Pin12 (VP_RIF_VS_RIF1) cannot be retrieved for this MCU
2026-05-05 15:19:38,146 [INFO] RtosManager:558 - Registered RTOS mode: class=CMSIS, group=RTOS, mode=CMSIS_V1, owner=FREERTOS
2026-05-05 15:19:38,146 [INFO] RtosManager:558 - Registered RTOS mode: class=CMSIS, group=RTOS2, mode=CMSIS_V2, owner=FREERTOS
2026-05-05 15:19:38,148 [INFO] RtosManager:558 - Registered RTOS mode: class=RTOS, group=Core, mode=CMSIS_V1, owner=FREERTOS
2026-05-05 15:19:38,148 [INFO] RtosManager:558 - Registered RTOS mode: class=RTOS, group=Core, mode=CMSIS_V2, owner=FREERTOS
2026-05-05 15:19:38,149 [WARN] ModelIntegratedComponent:184 - Missing modes for component STMicroelectronics:FreeRTOS:0.0.1:STMicroelectronics:RTOS:FreeRTOS:Core:::10.2.0:
2026-05-05 15:19:38,253 [WARN] ModelIntegratedComponent:63 - No mode defined for component null
2026-05-05 15:19:38,253 [WARN] ModelIntegratedComponent:63 - No mode defined for component null
2026-05-05 15:19:38,253 [WARN] ModelIntegratedComponent:63 - No mode defined for component null
2026-05-05 15:19:38,254 [WARN] ModelIntegratedComponent:63 - No mode defined for component null
2026-05-05 15:19:38,254 [WARN] ModelIntegratedComponent:63 - No mode defined for component null
2026-05-05 15:19:38,254 [WARN] ModelIntegratedComponent:63 - No mode defined for component null
2026-05-05 15:19:38,255 [WARN] ModelIntegratedComponent:63 - No mode defined for component null
2026-05-05 15:19:38,255 [WARN] ModelIntegratedComponent:63 - No mode defined for component null
2026-05-05 15:19:38,255 [WARN] ModelIntegratedComponent:63 - No mode defined for component null
2026-05-05 15:19:38,256 [WARN] ModelIntegratedComponent:63 - No mode defined for component null
2026-05-05 15:19:38,256 [WARN] ModelIntegratedComponent:63 - No mode defined for component null
2026-05-05 15:19:38,256 [WARN] ModelIntegratedComponent:63 - No mode defined for component null
2026-05-05 15:19:38,257 [WARN] ModelIntegratedComponent:63 - No mode defined for component null
2026-05-05 15:19:38,257 [WARN] ModelIntegratedComponent:63 - No mode defined for component null
2026-05-05 15:19:38,258 [WARN] ModelIntegratedComponent:63 - No mode defined for component null
2026-05-05 15:19:38,258 [WARN] ModelIntegratedComponent:63 - No mode defined for component null
2026-05-05 15:19:38,258 [WARN] ModelIntegratedComponent:63 - No mode defined for component null
2026-05-05 15:19:38,258 [WARN] ModelIntegratedComponent:63 - No mode defined for component null
2026-05-05 15:19:38,259 [WARN] ModelIntegratedComponent:63 - No mode defined for component null
2026-05-05 15:19:38,259 [WARN] ModelIntegratedComponent:63 - No mode defined for component null
2026-05-05 15:19:38,259 [WARN] ModelIntegratedComponent:63 - No mode defined for component null
2026-05-05 15:19:38,259 [WARN] ModelIntegratedComponent:63 - No mode defined for component null
2026-05-05 15:19:38,260 [WARN] ModelIntegratedComponent:63 - No mode defined for component null
2026-05-05 15:19:38,260 [WARN] ModelIntegratedComponent:63 - No mode defined for component null
2026-05-05 15:19:38,261 [WARN] ModelIntegratedComponent:63 - No mode defined for component null
2026-05-05 15:19:38,261 [WARN] ModelIntegratedComponent:63 - No mode defined for component null
2026-05-05 15:19:38,261 [WARN] ModelIntegratedComponent:63 - No mode defined for component null
2026-05-05 15:19:38,261 [WARN] ModelIntegratedComponent:63 - No mode defined for component null
2026-05-05 15:19:38,262 [WARN] ModelIntegratedComponent:63 - No mode defined for component null
2026-05-05 15:19:38,262 [WARN] ModelIntegratedComponent:63 - No mode defined for component null
2026-05-05 15:19:38,262 [WARN] ModelIntegratedComponent:63 - No mode defined for component null
2026-05-05 15:19:38,262 [WARN] ModelIntegratedComponent:63 - No mode defined for component null
2026-05-05 15:19:38,262 [WARN] ModelIntegratedComponent:63 - No mode defined for component null
2026-05-05 15:19:38,264 [WARN] ModelIntegratedComponent:63 - No mode defined for component null
2026-05-05 15:19:38,264 [WARN] ModelIntegratedComponent:63 - No mode defined for component null
2026-05-05 15:19:38,265 [WARN] ModelPack:524 - Component already loaded: STMicroelectronics:HAL Drivers:0.0.0:STMicroelectronics:Device:STMicro_Driver:XSPI:HAL::0.0.1:HAL_XSPI
2026-05-05 15:19:38,771 [INFO] ThirdPartyModel:298 - Start build external matchings
2026-05-05 15:19:41,277 [INFO] ThirdPartyModel:316 - End build external matchings
2026-05-05 15:19:41,362 [INFO] ImportTextPane:234 - (OptionalMessage_ERROR) IP (RCC) : Invalid parameter (48MHZClocksFreq_Value)
2026-05-05 15:19:41,364 [INFO] ImportTextPane:234 - (OptionalMessage_ERROR) IP (RCC) : Invalid parameter (EthernetFreq_Value)
2026-05-05 15:19:41,373 [INFO] ImportTextPane:234 - (OptionalMessage_ERROR) IP (RCC) : Parameter (FLatency) has Id (AdvancedSettings) currently not set
2026-05-05 15:19:41,373 [INFO] ImportTextPane:234 - (OptionalMessage_ERROR) IP (RCC) : Invalid parameter (FamilyName)
2026-05-05 15:19:41,375 [INFO] ImportTextPane:234 - (OptionalMessage_ERROR) IP (RCC) : Invalid parameter (I2SClocksFreq_Value)
2026-05-05 15:19:41,379 [INFO] ImportTextPane:234 - (OptionalMessage_ERROR) IP (RCC) : Parameter (SDIOFreq_Value) has invalid value (168000000)
2026-05-05 15:19:41,380 [INFO] ImportTextPane:234 - (OptionalMessage_ERROR) IP (RCC) : Parameter (USBFreq_Value) has invalid value (168000000)
2026-05-05 15:19:41,382 [INFO] ImportTextPane:234 - (OptionalMessage_ERROR) IP (RCC) : Invalid parameter (VCOInputMFreq_Value)
2026-05-05 15:19:41,383 [INFO] ImportTextPane:234 - (OptionalMessage_ERROR) IP (RCC) : Invalid parameter (VcooutputI2S)
2026-05-05 15:19:43,282 [INFO] ApiDb:581 - Connected to CubeFinder SQLite database (C:\Users\ASUS\.stmcufinder\plugins\mcufinder\mcu\cube-finder-db.db)
2026-05-05 15:19:43,715 [INFO] ApiDb:668 - CubeFinder database Data Model version=2.1
2026-05-05 15:19:43,716 [INFO] ApiDb:669 - CubeFinder database Configuration version=3.0.42
2026-05-05 15:19:43,717 [INFO] ApiDb:670 - CubeFinder database generation date=2026-03-11 (1773229989)
2026-05-05 15:19:43,717 [INFO] ApiDb:671 - CubeFinder database FW Pack versions=[FP-ATR-ASTRA1_V2.0.0, FP-SNS-FLIGHT1_V5.1.0, FP-SNS-MOTENV1_V5.1.0, FP-SNS-MOTENVWB1_V1.5.0, FP-SNS-SMARTAG2_V1.2.0, FP-SNS-STBOX1_V2.1.0, STM32Cube_FW_C0_V1.4.0, STM32Cube_FW_F4_V1.28.3, STM32Cube_FW_F7_V1.17.4, STM32Cube_FW_G0_V1.6.3, STM32Cube_FW_G4_V1.6.2, STM32Cube_FW_H5_V1.6.0, STM32Cube_FW_H7RS_V1.3.0, STM32Cube_FW_H7_V1.13.0, STM32Cube_FW_L0_V1.12.2, STM32Cube_FW_L4_V1.18.2, STM32Cube_FW_L5_V1.6.0, STM32Cube_FW_N6_V1.3.0, STM32Cube_FW_U0_V1.3.0, STM32Cube_FW_U3_V1.3.0, STM32Cube_FW_U5_V1.8.0, STM32Cube_FW_WB0_V1.4.0, STM32Cube_FW_WBA_V1.9.0, STM32Cube_FW_WB_V1.24.0, STM32Cube_FW_WL3_V1.4.0, STM32Cube_FW_WL_V1.5.0, X-CUBE-ALGOBUILD_V1.4.0, X-CUBE-ALS_V1.0.2, X-CUBE-AZRTOS-F4_V1.1.0, X-CUBE-AZRTOS-F7_V1.1.0, X-CUBE-AZRTOS-G0_V1.1.0, X-CUBE-AZRTOS-G4_V2.0.0, X-CUBE-AZRTOS-H7RS_V1.1.0, X-CUBE-AZRTOS-H7_V3.4.0, X-CUBE-AZRTOS-L4_V2.0.0, X-CUBE-AZRTOS-L5_V2.0.0, X-CUBE-AZRTOS-WB_V2.0.0, X-CUBE-AZRTOS-WL_V2.0.0, X-CUBE-BLE1_V7.1.0, X-CUBE-BLE2_V3.3.0, X-CUBE-BLEMGR_V4.1.0, X-CUBE-EEPRMA1_V5.2.0, X-CUBE-FREERTOS_V1.5.0, X-CUBE-GNSS1_V6.0.0, X-CUBE-MEMS1_V12.0.0, X-CUBE-NFC4_V3.0.0, X-CUBE-NFC7_V2.0.0, X-CUBE-SFXS2LP1_V4.0.0, X-CUBE-ST67W61_V1.2.0, X-CUBE-SUBG2_V5.0.0, X-CUBE-TOF1_V3.4.3]
2026-05-05 15:19:44,007 [INFO] DbBoardsSqlite:226 - include board P-NUCLEO-WB55-NUCLEO as a kit item of type 'Nucleo-64'
2026-05-05 15:19:44,008 [INFO] DbBoardsSqlite:226 - include board P-NUCLEO-WB55-USBDONGLE as a kit item of type 'Nucleo USB Dongle'
2026-05-05 15:19:44,009 [INFO] DbBoardsSqlite:226 - include board STEVAL-IDP005V1 as a kit item of type 'Evaluation Board'
2026-05-05 15:19:44,009 [INFO] DbBoardsSqlite:226 - include board STEVAL-IDP005V2 as a kit item of type 'Evaluation Board'
2026-05-05 15:19:45,482 [INFO] ApiDb:240 - Found 880 in-development CPN: [B-G473E-ZEST1S, B-WB1M-WPAN1, B-WBA5M-WPAN, B-WL5M-SUBG1, NUCLEO-C031C6, NUCLEO-C051C8, NUCLEO-C071RB, NUCLEO-C092RC, NUCLEO-H503RB, NUCLEO-H533RE, NUCLEO-H563ZI, NUCLEO-H7S3L8, NUCLEO-N657X0-Q, NUCLEO-U031R8, NUCLEO-U083RC, NUCLEO-U385RG-Q, NUCLEO-U545RE-Q, NUCLEO-U5A5ZJ-Q, NUCLEO-WB05KZ, NUCLEO-WB07CC, NUCLEO-WB09KE, NUCLEO-WBA52CG, NUCLEO-WBA55CG, NUCLEO-WL33CC1, NUCLEO-WL33CC2, STEVAL-PROTEUS1, STEVAL-SMARTAG2, STEVAL-STWINBX1, STM320518-EVAL, STM32C0116-DK, STM32C011D6Y3TR, STM32C011D6Y6TR, STM32C011F4P3, STM32C011F4P6, STM32C011F4U3, STM32C011F4U6TR, STM32C011F6P3, STM32C011F6P6, STM32C011F6U3, STM32C011F6U6TR, STM32C011J4M3, STM32C011J4M6, STM32C011J6M3, STM32C011J6M6, STM32C0316-DK, STM32C031C4T3, STM32C031C4T6, STM32C031C4U3, STM32C031C4U6, STM32C031C6T3, STM32C031C6T6, STM32C031C6U3, STM32C031C6U6, STM32C031F4P3, STM32C031F4P6, STM32C031F6P3, STM32C031F6P6, STM32C031G4U3, STM32C031G4U6, STM32C031G6U3, STM32C031G6U6, STM32C031K4T3, STM32C031K4T6, STM32C031K4U3, STM32C031K4U6, STM32C031K6T3, STM32C031K6T6, STM32C031K6U3, STM32C031K6U6, STM32C051C6T6, STM32C051C6U6, STM32C051C8T6, STM32C051C8U6, STM32C051D8Y6TR, STM32C051F6P6, STM32C051F8P6, STM32C051G6U6, STM32C051G8U6, STM32C051K6T6, STM32C051K6U6, STM32C051K8T6, STM32C071C8T6, STM32C071C8T6N, STM32C071C8U6, STM32C071C8U6N, STM32C071CBT6, STM32C071CBT6N, STM32C071CBU6, STM32C071CBU6N, STM32C071F8P6, STM32C071F8P6N, STM32C071FBP6, STM32C071FBP6N, STM32C071FBY6TR, STM32C071G8U6, STM32C071G8U6N, STM32C071GBU6, STM32C071GBU6N, STM32C071K8T6, STM32C071K8T6N, STM32C071K8U6, STM32C071K8U6N, STM32C071KBT6, STM32C071KBT6N, STM32C071KBU6, STM32C071KBU6N, STM32C071R8T6, STM32C071R8T6N, STM32C071RBI6N, STM32C071RBT6, STM32C071RBT6N, STM32C091CBT6, STM32C091CBU6, STM32C091CCT6, STM32C091CCU6, STM32C091ECY6TR, STM32C091FBP6, STM32C091FCP6, STM32C091GBU6, STM32C091GCU6, STM32C091KBT6, STM32C091KBU6, STM32C091KCT6, STM32C091KCU6, STM32C091RBT6, STM32C091RCI6, STM32C091RCT6, STM32C092CBT6, STM32C092CBU6, STM32C092CCT6, STM32C092CCU6, STM32C092ECY6TR, STM32C092FBP6, STM32C092FCP6, STM32C092GBU6, STM32C092GCU6, STM32C092KBT6, STM32C092KBU6, STM32C092KCT6, STM32C092KCU6, STM32C092RBT6, STM32C092RCI6, STM32C092RCT6, STM32G071K8TXN, STM32G071K8UXN, STM32G081GBU6N, STM32G081KBT6N, STM32G081KBUXN, STM32G0B1CCT6N, STM32G0B1KCT6, STM32G0B1NEY6TR, STM32G0B1RCT6N, STM32G0C1CCT6, STM32G0C1CCT6N, STM32G0C1CCU6N, STM32G0C1CET6N, STM32G0C1CEU6N, STM32G0C1KCT6, STM32G0C1NEY6TR, STM32G0C1RCI6N, STM32G0C1RCT6N, STM32G0C1REI6N, STM32G0C1RET6N, STM32G0C1VCI6, STM32G0C1VEI6, STM32G411C6T3, STM32G411C6T6, STM32G411C6U3, STM32G411C6U6, STM32G411C8T3, STM32G411C8T6, STM32G411C8U3, STM32G411C8U6, STM32G411CBT3, STM32G411CBT6, STM32G411CBU3, STM32G411CBU6, STM32G411K6T3, STM32G411K6T6, STM32G411K6U3, STM32G411K6U6, STM32G411K8T3, STM32G411K8T6, STM32G411K8U3, STM32G411K8U6, STM32G411KBT3, STM32G411KBT6, STM32G411KBU3, STM32G411KBU6, STM32G411M6T3, STM32G411M6T6, STM32G411M8T3, STM32G411M8T6, STM32G411MBT3, STM32G411MBT6, STM32G411R6T3, STM32G411R6T6, STM32G411R8T3, STM32G411R8T6, STM32G411RBT3, STM32G411RBT6, STM32G414CBT3, STM32G414CBT6, STM32G414CBU3, STM32G414CBU6, STM32G414CCT3, STM32G414CCT6, STM32G414CCU3, STM32G414CCU6, STM32G414MBT3, STM32G414MBT6, STM32G414MCT3, STM32G414MCT6, STM32G414RBT3, STM32G414RBT6, STM32G414RCT3, STM32G414RCT6, STM32G414VBT3, STM32G414VBT6, STM32G414VCT3, STM32G414VCT6, STM32G431CBT3Z, STM32G431RBT3Z, STM32G471CCT6, STM32G471CCU6, STM32G471CET3, STM32G471CET6, STM32G471CEU3, STM32G471CEU6, STM32G471MCT6, STM32G471MET3, STM32G471MET6, STM32G471MEY6TR, STM32G471QCT6, STM32G471QET3, STM32G471RCT6, STM32G471RET3, STM32G471RET6, STM32G471VCH6, STM32G471VCI6, STM32G471VCT6, STM32G471VEH3, STM32G471VEH6, STM32G471VEI3, STM32G471VEI6, STM32G471VET3, STM32G471VET6, STM32G473QET3Z, STM32G473RET3Z, STM32G474CCT6, STM32G491RET3Z, STM32H503CBT6, STM32H503CBU6, STM32H503EBY6TR, STM32H503KBU6, STM32H503RBT6, STM32H523CCT6, STM32H523CCU6, STM32H523CET6, STM32H523CEU6, STM32H523HEY6TR, STM32H523RCT6, STM32H523RET6, STM32H523VCI6, STM32H523VCT6, STM32H523VEI6, STM32H523VET6, STM32H523ZCJ6, STM32H523ZCT6, STM32H523ZEJ6, STM32H523ZET6, STM32H533CET6, STM32H533CEU6, STM32H533HEY6TR, STM32H533RET6, STM32H533VEI6, STM32H533VET6, STM32H533ZEJ6, STM32H533ZET6, STM32H562AGI6, STM32H562AII6, STM32H562IGK6, STM32H562IGT6, STM32H562IIK6, STM32H562IIT6, STM32H562RGT6, STM32H562RGV6, STM32H562RIT6, STM32H562RIV6, STM32H562VGT6, STM32H562VIT6, STM32H562ZGT6, STM32H562ZIT6, STM32H563AGI6, STM32H563AII3Q, STM32H563AII6, STM32H563IGK6, STM32H563IGT6, STM32H563IIK3Q, STM32H563IIK6, STM32H563IIT3Q, STM32H563IIT6, STM32H563MIY3QTR, STM32H563RGT6, STM32H563RGV6, STM32H563RIT6, STM32H563RIV6, STM32H563VGT6, STM32H563VIT3Q, STM32H563VIT6, STM32H563ZGT6, STM32H563ZIT3Q, STM32H563ZIT6, STM32H573AII3Q, STM32H573AII6, STM32H573I-DK, STM32H573IIK3Q, STM32H573IIK6, STM32H573IIT3Q, STM32H573IIT6, STM32H573MIY3QTR, STM32H573RIT6, STM32H573RIV6, STM32H573VIT3Q, STM32H573VIT6, STM32H573ZIT3Q, STM32H573ZIT6, STM32H7R3A8I6, STM32H7R3I8K6, STM32H7R3I8T6, STM32H7R3L8H6, STM32H7R3L8H6H, STM32H7R3R8V6, STM32H7R3V8H6, STM32H7R3V8T6, STM32H7R3V8Y6TR, STM32H7R3Z8J6, STM32H7R3Z8T6, STM32H7R7A8I6, STM32H7R7I8K6, STM32H7R7I8T6, STM32H7R7L8H6, STM32H7R7L8H6H, STM32H7R7Z8J6, STM32H7S3A8I6, STM32H7S3I8K6, STM32H7S3I8T6, STM32H7S3L8H6, STM32H7S3L8H6H, STM32H7S3R8V6, STM32H7S3V8H6, STM32H7S3V8T6, STM32H7S3V8Y6TR, STM32H7S3Z8J6, STM32H7S3Z8T6, STM32H7S78-DK, STM32H7S7A8I6, STM32H7S7I8K6, STM32H7S7I8T6, STM32H7S7L8H6, STM32H7S7L8H6H, STM32H7S7Z8J6, STM32L4R5QGI6STR, STM32MP131AAE3, STM32MP131AAF3, STM32MP131AAG3, STM32MP131CAE3, STM32MP131CAF3, STM32MP131CAG3, STM32MP131DAE7, STM32MP131DAF7, STM32MP131DAG7, STM32MP131FAE7, STM32MP131FAF7, STM32MP131FAG7, STM32MP133AAE3, STM32MP133AAF3, STM32MP133AAG3, STM32MP133CAE3, STM32MP133CAF3, STM32MP133CAG3, STM32MP133DAE7, STM32MP133DAF7, STM32MP133DAG7, STM32MP133FAE7, STM32MP133FAF7, STM32MP133FAG7, STM32MP135AAE3, STM32MP135AAF3, STM32MP135AAG3, STM32MP135CAE3, STM32MP135CAF3, STM32MP135CAG3, STM32MP135DAE7, STM32MP135DAF7, STM32MP135DAG7, STM32MP135F-DK, STM32MP135FAE7, STM32MP135FAF7, STM32MP135FAF7T, STM32MP135FAF7U, STM32MP135FAG7, STM32MP211AAL3, STM32MP211AAM3, STM32MP211AAN3, STM32MP211AAO3, STM32MP211CAL3, STM32MP211CAM3, STM32MP211CAN3, STM32MP211CAO3, STM32MP211DAL3, STM32MP211DAM3, STM32MP211DAN3, STM32MP211DAO3, STM32MP211FAL3, STM32MP211FAM3, STM32MP211FAN3, STM32MP211FAO3, STM32MP213AAL3, STM32MP213AAM3, STM32MP213AAN3, STM32MP213AAO3, STM32MP213CAL3, STM32MP213CAM3, STM32MP213CAN3, STM32MP213CAO3, STM32MP213DAL3, STM32MP213DAM3, STM32MP213DAN3, STM32MP213DAO3, STM32MP213FAL3, STM32MP213FAM3, STM32MP213FAN3, STM32MP213FAO3, STM32MP215AAL3, STM32MP215AAM3, STM32MP215AAN3, STM32MP215AAO3, STM32MP215CAL3, STM32MP215CAM3, STM32MP215CAN3, STM32MP215CAO3, STM32MP215DAL3, STM32MP215DAM3, STM32MP215DAN3, STM32MP215DAO3, STM32MP215F-DK, STM32MP215FAL3, STM32MP215FAM3, STM32MP215FAN3, STM32MP215FAO3, STM32MP231AAJ3, STM32MP231AAK3, STM32MP231AAL3, STM32MP231CAJ3, STM32MP231CAK3, STM32MP231CAL3, STM32MP231DAJ3, STM32MP231DAK3, STM32MP231DAL3, STM32MP231FAJ3, STM32MP231FAK3, STM32MP231FAL3, STM32MP233AAJ3, STM32MP233AAK3, STM32MP233AAL3, STM32MP233CAJ3, STM32MP233CAK3, STM32MP233CAL3, STM32MP233DAJ3, STM32MP233DAK3, STM32MP233DAL3, STM32MP233FAJ3, STM32MP233FAK3, STM32MP233FAL3, STM32MP235AAJ3, STM32MP235AAK3, STM32MP235AAL3, STM32MP235CAJ3, STM32MP235CAK3, STM32MP235CAL3, STM32MP235DAJ3, STM32MP235DAK3, STM32MP235DAL3, STM32MP235FAJ3, STM32MP235FAK3, STM32MP235FAL3, STM32MP251AAI3, STM32MP251AAK3, STM32MP251AAL3, STM32MP251CAI3, STM32MP251CAK3, STM32MP251CAL3, STM32MP251DAI3, STM32MP251DAK3, STM32MP251DAL3, STM32MP251FAI3, STM32MP251FAK3, STM32MP251FAL3, STM32MP253AAI3, STM32MP253AAK3, STM32MP253AAL3, STM32MP253CAI3, STM32MP253CAK3, STM32MP253CAL3, STM32MP253DAI3, STM32MP253DAK3, STM32MP253DAL3, STM32MP253FAI3, STM32MP253FAK3, STM32MP253FAL3, STM32MP255AAI3, STM32MP255AAK3, STM32MP255AAL3, STM32MP255CAI3, STM32MP255CAK3, STM32MP255CAL3, STM32MP255DAI3, STM32MP255DAK3, STM32MP255DAL3, STM32MP255FAI3, STM32MP255FAK3, STM32MP255FAL3, STM32MP257AAI3, STM32MP257AAK3, STM32MP257AAL3, STM32MP257CAI3, STM32MP257CAK3, STM32MP257CAL3, STM32MP257DAI3, STM32MP257DAK3, STM32MP257DAL3, STM32MP257F-DK, STM32MP257F-EV1, STM32MP257FAI3, STM32MP257FAK3, STM32MP257FAL3, STM32N645A0H3Q, STM32N645B0H3Q, STM32N645I0H3Q, STM32N645L0H3Q, STM32N645X0H3Q, STM32N645Z0H3Q, STM32N647A0H3Q, STM32N647B0H3Q, STM32N647I0H3Q, STM32N647L0H3Q, STM32N647X0H3Q, STM32N647Z0H3Q, STM32N655A0H3Q, STM32N655B0H3Q, STM32N655I0H3Q, STM32N655L0H3Q, STM32N655X0H3Q, STM32N655Z0H3Q, STM32N6570-DK, STM32N657A0H3Q, STM32N657B0H3Q, STM32N657I0H3Q, STM32N657L0H3Q, STM32N657X0H3Q, STM32N657Z0H3Q, STM32U031C6T6, STM32U031C6U6, STM32U031C8T6, STM32U031C8U6, STM32U031F4P6, STM32U031F6P6, STM32U031F8P6, STM32U031G6Y6TR, STM32U031G8Y6TR, STM32U031K4U6, STM32U031K6U6, STM32U031K8U6, STM32U031R6I6, STM32U031R6T6, STM32U031R8I6, STM32U031R8T6, STM32U073C8T6, STM32U073C8U6, STM32U073CBT6, STM32U073CBU6, STM32U073CCT6, STM32U073CCU6, STM32U073H8Y6TR, STM32U073HBY6TR, STM32U073HCY6TR, STM32U073K8U6, STM32U073KBU6, STM32U073KCU6, STM32U073M8I6, STM32U073M8T6, STM32U073MBI6, STM32U073MBT6, STM32U073MCI6, STM32U073MCT6, STM32U073R8I6, STM32U073R8T6, STM32U073RBI6, STM32U073RBT6, STM32U073RCI6, STM32U073RCT6, STM32U083C-DK, STM32U083CCT6, STM32U083CCU6, STM32U083HCY6TR, STM32U083KCU6, STM32U083MCI6, STM32U083MCT6, STM32U083RCI6, STM32U083RCT6, STM32U375CET6, STM32U375CET6Q, STM32U375CEU6, STM32U375CEU6Q, STM32U375CEY6QTR, STM32U375CGT6, STM32U375CGT6Q, STM32U375CGU6, STM32U375CGU6Q, STM32U375CGY6QTR, STM32U375KEU6, STM32U375KGU6, STM32U375REI6, STM32U375REI6Q, STM32U375RET6, STM32U375RET6Q, STM32U375REY6GTR, STM32U375REY6QTR, STM32U375RGI6, STM32U375RGI6Q, STM32U375RGT6, STM32U375RGT6Q, STM32U375RGY6GTR, STM32U375RGY6QTR, STM32U375VEI6, STM32U375VEI6Q, STM32U375VET6, STM32U375VET6Q, STM32U375VGI6, STM32U375VGI6Q, STM32U375VGT6, STM32U375VGT6Q, STM32U385CGT6, STM32U385CGT6Q, STM32U385CGU6, STM32U385CGU6Q, STM32U385CGY6QTR, STM32U385KGU6, STM32U385RGI6, STM32U385RGI6Q, STM32U385RGT6, STM32U385RGT6Q, STM32U385RGY6GTR, STM32U385RGY6QTR, STM32U385VGI6, STM32U385VGI6Q, STM32U385VGT6, STM32U385VGT6Q, STM32U535CBT6, STM32U535CBT6Q, STM32U535CBU6, STM32U535CBU6Q, STM32U535CCT6, STM32U535CCT6Q, STM32U535CCU6, STM32U535CCU6Q, STM32U535CET6, STM32U535CET6Q, STM32U535CEU6, STM32U535CEU6Q, STM32U535JEY6QTR, STM32U535NCY6QTR, STM32U535NEY6QTR, STM32U535RBI6, STM32U535RBI6Q, STM32U535RBT6, STM32U535RBT6Q, STM32U535RCI6, STM32U535RCI6Q, STM32U535RCT6, STM32U535RCT6Q, STM32U535REI6, STM32U535REI6Q, STM32U535RET6, STM32U535RET6Q, STM32U535VCI6, STM32U535VCI6Q, STM32U535VCT6, STM32U535VCT6Q, STM32U535VEI6, STM32U535VEI6Q, STM32U535VET6, STM32U535VET6Q, STM32U545CET6, STM32U545CET6Q, STM32U545CEU6, STM32U545CEU6Q, STM32U545JEY6QTR, STM32U545NEY6QTR, STM32U545REI6, STM32U545REI6Q, STM32U545RET6, STM32U545RET6Q, STM32U545VEI6, STM32U545VEI6Q, STM32U545VET6, STM32U545VET6Q, STM32U595AIH6, STM32U595AIH6Q, STM32U595AJH6, STM32U595AJH6Q, STM32U595QII6, STM32U595QII6Q, STM32U595QJI6, STM32U595QJI6Q, STM32U595RIT6, STM32U595RIT6Q, STM32U595RJT6, STM32U595RJT6Q, STM32U595VIT6, STM32U595VIT6Q, STM32U595VJT6, STM32U595VJT6Q, STM32U595ZIT6, STM32U595ZIT6Q, STM32U595ZIY6QTR, STM32U595ZJT6, STM32U595ZJT6Q, STM32U595ZJY6QTR, STM32U599BJY6QTR, STM32U599NIH6Q, STM32U599NJH6Q, STM32U599VIT6Q, STM32U599VJT6, STM32U599VJT6Q, STM32U599ZIT6Q, STM32U599ZIY6QTR, STM32U599ZJT6Q, STM32U599ZJY6QTR, STM32U5A5AJH6, STM32U5A5AJH6Q, STM32U5A5QII3Q , STM32U5A5QJI6, STM32U5A5QJI6Q, STM32U5A5RJT6, STM32U5A5RJT6Q, STM32U5A5VJT6, STM32U5A5VJT6Q, STM32U5A5ZJT6, STM32U5A5ZJT6Q, STM32U5A5ZJY6QTR, STM32U5A9BJY6QTR, STM32U5A9J-DK, STM32U5A9NJH6Q, STM32U5A9VJT6Q, STM32U5A9ZJT6Q, STM32U5A9ZJY6QTR, STM32U5F7VIT6, STM32U5F7VIT6Q, STM32U5F7VJT6, STM32U5F7VJT6Q, STM32U5F9BJY6QTR, STM32U5F9NJH6Q, STM32U5F9VIT6Q, STM32U5F9VJT6Q, STM32U5F9ZIJ6QTR, STM32U5F9ZIT6Q, STM32U5F9ZJJ6QTR, STM32U5F9ZJT6Q, STM32U5G7VJT6, STM32U5G7VJT6Q, STM32U5G9BJY6QTR, STM32U5G9J-DK1, STM32U5G9J-DK2, STM32U5G9NJH6Q, STM32U5G9VJT6Q, STM32U5G9ZJJ6QTR, STM32U5G9ZJT6Q, STM32WB05KZV6TR, STM32WB05KZV7TR, STM32WB05TZF6TR, STM32WB05TZF7TR, STM32WB06CCF6TR, STM32WB06CCF7TR, STM32WB06CCV6TR, STM32WB06CCV7TR, STM32WB06KCV6TR, STM32WB06KCV7TR, STM32WB07CCF6TR, STM32WB07CCF7TR, STM32WB07CCV6TR, STM32WB07CCV7TR, STM32WB07KCV6TR, STM32WB07KCV7TR, STM32WB09KEV6TR, STM32WB09KEV7TR, STM32WB09TEF6TR, STM32WB09TEF7TR, STM32WB1MMCH6, STM32WBA50KGU6, STM32WBA50KGU6TR, STM32WBA52CEU6, STM32WBA52CEU6TR, STM32WBA52CEU7, STM32WBA52CEU7TR, STM32WBA52CGU6, STM32WBA52CGU6TR, STM32WBA52CGU6U, STM32WBA52CGU7, STM32WBA52CGU7TR, STM32WBA52KEU6, STM32WBA52KEU6TR, STM32WBA52KGU6, STM32WBA52KGU6TR, STM32WBA54CEU6, STM32WBA54CEU6TR, STM32WBA54CEU7, STM32WBA54CEU7TR, STM32WBA54CGU6, STM32WBA54CGU6TR, STM32WBA54CGU7, STM32WBA54CGU7TR, STM32WBA54KEU6, STM32WBA54KEU6TR, STM32WBA54KEU7, STM32WBA54KEU7TR, STM32WBA54KGU6, STM32WBA54KGU6TR, STM32WBA54KGU7, STM32WBA54KGU7TR, STM32WBA55CEU6, STM32WBA55CEU6TR, STM32WBA55CEU7, STM32WBA55CEU7TR, STM32WBA55CGU6, STM32WBA55CGU6TR, STM32WBA55CGU6U, STM32WBA55CGU7, STM32WBA55CGU7TR, STM32WBA55G-DK1, STM32WBA55HEF6, STM32WBA55HEF7, STM32WBA55HGF6, STM32WBA55HGF7, STM32WBA55UEI6, STM32WBA55UEI6TR, STM32WBA55UEI7, STM32WBA55UEI7TR, STM32WBA55UGI6, STM32WBA55UGI6TR, STM32WBA55UGI7, STM32WBA55UGI7TR, STM32WBA5MMGH6TR, STM32WBA62MGF6, STM32WBA62MIF6, STM32WBA65MGF7, STM32WBA65MIF6, STM32WBA65MIF7, STM32WL30K8V6, STM32WL30KBV6, STM32WL31C8V6, STM32WL31CBV6, STM32WL31K8V6, STM32WL31KBV6, STM32WL33C8V6, STM32WL33C8V6X, STM32WL33CBV6, STM32WL33CBV6X, STM32WL33CCV6, STM32WL33CCV6A, STM32WL33CCV6X, STM32WL33K8V7, STM32WL33K8V7X, STM32WL33KBV7 , STM32WL33KBV7X, STM32WL33KCV7, STM32WL33KCV7X, STM32WL5MOCH6, STM32WL5MOCH6TR]
2026-05-05 15:19:45,499 [INFO] ApiDb:668 - CubeFinder database Data Model version=2.1
2026-05-05 15:19:45,499 [INFO] ApiDb:669 - CubeFinder database Configuration version=3.0.42
2026-05-05 15:19:45,499 [INFO] ApiDb:670 - CubeFinder database generation date=2026-03-11 (1773229989)
2026-05-05 15:19:45,500 [INFO] ApiDb:671 - CubeFinder database FW Pack versions=[FP-ATR-ASTRA1_V2.0.0, FP-SNS-FLIGHT1_V5.1.0, FP-SNS-MOTENV1_V5.1.0, FP-SNS-MOTENVWB1_V1.5.0, FP-SNS-SMARTAG2_V1.2.0, FP-SNS-STBOX1_V2.1.0, STM32Cube_FW_C0_V1.4.0, STM32Cube_FW_F4_V1.28.3, STM32Cube_FW_F7_V1.17.4, STM32Cube_FW_G0_V1.6.3, STM32Cube_FW_G4_V1.6.2, STM32Cube_FW_H5_V1.6.0, STM32Cube_FW_H7RS_V1.3.0, STM32Cube_FW_H7_V1.13.0, STM32Cube_FW_L0_V1.12.2, STM32Cube_FW_L4_V1.18.2, STM32Cube_FW_L5_V1.6.0, STM32Cube_FW_N6_V1.3.0, STM32Cube_FW_U0_V1.3.0, STM32Cube_FW_U3_V1.3.0, STM32Cube_FW_U5_V1.8.0, STM32Cube_FW_WB0_V1.4.0, STM32Cube_FW_WBA_V1.9.0, STM32Cube_FW_WB_V1.24.0, STM32Cube_FW_WL3_V1.4.0, STM32Cube_FW_WL_V1.5.0, X-CUBE-ALGOBUILD_V1.4.0, X-CUBE-ALS_V1.0.2, X-CUBE-AZRTOS-F4_V1.1.0, X-CUBE-AZRTOS-F7_V1.1.0, X-CUBE-AZRTOS-G0_V1.1.0, X-CUBE-AZRTOS-G4_V2.0.0, X-CUBE-AZRTOS-H7RS_V1.1.0, X-CUBE-AZRTOS-H7_V3.4.0, X-CUBE-AZRTOS-L4_V2.0.0, X-CUBE-AZRTOS-L5_V2.0.0, X-CUBE-AZRTOS-WB_V2.0.0, X-CUBE-AZRTOS-WL_V2.0.0, X-CUBE-BLE1_V7.1.0, X-CUBE-BLE2_V3.3.0, X-CUBE-BLEMGR_V4.1.0, X-CUBE-EEPRMA1_V5.2.0, X-CUBE-FREERTOS_V1.5.0, X-CUBE-GNSS1_V6.0.0, X-CUBE-MEMS1_V12.0.0, X-CUBE-NFC4_V3.0.0, X-CUBE-NFC7_V2.0.0, X-CUBE-SFXS2LP1_V4.0.0, X-CUBE-ST67W61_V1.2.0, X-CUBE-SUBG2_V5.0.0, X-CUBE-TOF1_V3.4.3]
2026-05-05 15:19:53,645 [INFO] ApiDb:240 - Found 880 in-development CPN: [B-G473E-ZEST1S, B-WB1M-WPAN1, B-WBA5M-WPAN, B-WL5M-SUBG1, NUCLEO-C031C6, NUCLEO-C051C8, NUCLEO-C071RB, NUCLEO-C092RC, NUCLEO-H503RB, NUCLEO-H533RE, NUCLEO-H563ZI, NUCLEO-H7S3L8, NUCLEO-N657X0-Q, NUCLEO-U031R8, NUCLEO-U083RC, NUCLEO-U385RG-Q, NUCLEO-U545RE-Q, NUCLEO-U5A5ZJ-Q, NUCLEO-WB05KZ, NUCLEO-WB07CC, NUCLEO-WB09KE, NUCLEO-WBA52CG, NUCLEO-WBA55CG, NUCLEO-WL33CC1, NUCLEO-WL33CC2, STEVAL-PROTEUS1, STEVAL-SMARTAG2, STEVAL-STWINBX1, STM320518-EVAL, STM32C0116-DK, STM32C011D6Y3TR, STM32C011D6Y6TR, STM32C011F4P3, STM32C011F4P6, STM32C011F4U3, STM32C011F4U6TR, STM32C011F6P3, STM32C011F6P6, STM32C011F6U3, STM32C011F6U6TR, STM32C011J4M3, STM32C011J4M6, STM32C011J6M3, STM32C011J6M6, STM32C0316-DK, STM32C031C4T3, STM32C031C4T6, STM32C031C4U3, STM32C031C4U6, STM32C031C6T3, STM32C031C6T6, STM32C031C6U3, STM32C031C6U6, STM32C031F4P3, STM32C031F4P6, STM32C031F6P3, STM32C031F6P6, STM32C031G4U3, STM32C031G4U6, STM32C031G6U3, STM32C031G6U6, STM32C031K4T3, STM32C031K4T6, STM32C031K4U3, STM32C031K4U6, STM32C031K6T3, STM32C031K6T6, STM32C031K6U3, STM32C031K6U6, STM32C051C6T6, STM32C051C6U6, STM32C051C8T6, STM32C051C8U6, STM32C051D8Y6TR, STM32C051F6P6, STM32C051F8P6, STM32C051G6U6, STM32C051G8U6, STM32C051K6T6, STM32C051K6U6, STM32C051K8T6, STM32C071C8T6, STM32C071C8T6N, STM32C071C8U6, STM32C071C8U6N, STM32C071CBT6, STM32C071CBT6N, STM32C071CBU6, STM32C071CBU6N, STM32C071F8P6, STM32C071F8P6N, STM32C071FBP6, STM32C071FBP6N, STM32C071FBY6TR, STM32C071G8U6, STM32C071G8U6N, STM32C071GBU6, STM32C071GBU6N, STM32C071K8T6, STM32C071K8T6N, STM32C071K8U6, STM32C071K8U6N, STM32C071KBT6, STM32C071KBT6N, STM32C071KBU6, STM32C071KBU6N, STM32C071R8T6, STM32C071R8T6N, STM32C071RBI6N, STM32C071RBT6, STM32C071RBT6N, STM32C091CBT6, STM32C091CBU6, STM32C091CCT6, STM32C091CCU6, STM32C091ECY6TR, STM32C091FBP6, STM32C091FCP6, STM32C091GBU6, STM32C091GCU6, STM32C091KBT6, STM32C091KBU6, STM32C091KCT6, STM32C091KCU6, STM32C091RBT6, STM32C091RCI6, STM32C091RCT6, STM32C092CBT6, STM32C092CBU6, STM32C092CCT6, STM32C092CCU6, STM32C092ECY6TR, STM32C092FBP6, STM32C092FCP6, STM32C092GBU6, STM32C092GCU6, STM32C092KBT6, STM32C092KBU6, STM32C092KCT6, STM32C092KCU6, STM32C092RBT6, STM32C092RCI6, STM32C092RCT6, STM32G071K8TXN, STM32G071K8UXN, STM32G081GBU6N, STM32G081KBT6N, STM32G081KBUXN, STM32G0B1CCT6N, STM32G0B1KCT6, STM32G0B1NEY6TR, STM32G0B1RCT6N, STM32G0C1CCT6, STM32G0C1CCT6N, STM32G0C1CCU6N, STM32G0C1CET6N, STM32G0C1CEU6N, STM32G0C1KCT6, STM32G0C1NEY6TR, STM32G0C1RCI6N, STM32G0C1RCT6N, STM32G0C1REI6N, STM32G0C1RET6N, STM32G0C1VCI6, STM32G0C1VEI6, STM32G411C6T3, STM32G411C6T6, STM32G411C6U3, STM32G411C6U6, STM32G411C8T3, STM32G411C8T6, STM32G411C8U3, STM32G411C8U6, STM32G411CBT3, STM32G411CBT6, STM32G411CBU3, STM32G411CBU6, STM32G411K6T3, STM32G411K6T6, STM32G411K6U3, STM32G411K6U6, STM32G411K8T3, STM32G411K8T6, STM32G411K8U3, STM32G411K8U6, STM32G411KBT3, STM32G411KBT6, STM32G411KBU3, STM32G411KBU6, STM32G411M6T3, STM32G411M6T6, STM32G411M8T3, STM32G411M8T6, STM32G411MBT3, STM32G411MBT6, STM32G411R6T3, STM32G411R6T6, STM32G411R8T3, STM32G411R8T6, STM32G411RBT3, STM32G411RBT6, STM32G414CBT3, STM32G414CBT6, STM32G414CBU3, STM32G414CBU6, STM32G414CCT3, STM32G414CCT6, STM32G414CCU3, STM32G414CCU6, STM32G414MBT3, STM32G414MBT6, STM32G414MCT3, STM32G414MCT6, STM32G414RBT3, STM32G414RBT6, STM32G414RCT3, STM32G414RCT6, STM32G414VBT3, STM32G414VBT6, STM32G414VCT3, STM32G414VCT6, STM32G431CBT3Z, STM32G431RBT3Z, STM32G471CCT6, STM32G471CCU6, STM32G471CET3, STM32G471CET6, STM32G471CEU3, STM32G471CEU6, STM32G471MCT6, STM32G471MET3, STM32G471MET6, STM32G471MEY6TR, STM32G471QCT6, STM32G471QET3, STM32G471RCT6, STM32G471RET3, STM32G471RET6, STM32G471VCH6, STM32G471VCI6, STM32G471VCT6, STM32G471VEH3, STM32G471VEH6, STM32G471VEI3, STM32G471VEI6, STM32G471VET3, STM32G471VET6, STM32G473QET3Z, STM32G473RET3Z, STM32G474CCT6, STM32G491RET3Z, STM32H503CBT6, STM32H503CBU6, STM32H503EBY6TR, STM32H503KBU6, STM32H503RBT6, STM32H523CCT6, STM32H523CCU6, STM32H523CET6, STM32H523CEU6, STM32H523HEY6TR, STM32H523RCT6, STM32H523RET6, STM32H523VCI6, STM32H523VCT6, STM32H523VEI6, STM32H523VET6, STM32H523ZCJ6, STM32H523ZCT6, STM32H523ZEJ6, STM32H523ZET6, STM32H533CET6, STM32H533CEU6, STM32H533HEY6TR, STM32H533RET6, STM32H533VEI6, STM32H533VET6, STM32H533ZEJ6, STM32H533ZET6, STM32H562AGI6, STM32H562AII6, STM32H562IGK6, STM32H562IGT6, STM32H562IIK6, STM32H562IIT6, STM32H562RGT6, STM32H562RGV6, STM32H562RIT6, STM32H562RIV6, STM32H562VGT6, STM32H562VIT6, STM32H562ZGT6, STM32H562ZIT6, STM32H563AGI6, STM32H563AII3Q, STM32H563AII6, STM32H563IGK6, STM32H563IGT6, STM32H563IIK3Q, STM32H563IIK6, STM32H563IIT3Q, STM32H563IIT6, STM32H563MIY3QTR, STM32H563RGT6, STM32H563RGV6, STM32H563RIT6, STM32H563RIV6, STM32H563VGT6, STM32H563VIT3Q, STM32H563VIT6, STM32H563ZGT6, STM32H563ZIT3Q, STM32H563ZIT6, STM32H573AII3Q, STM32H573AII6, STM32H573I-DK, STM32H573IIK3Q, STM32H573IIK6, STM32H573IIT3Q, STM32H573IIT6, STM32H573MIY3QTR, STM32H573RIT6, STM32H573RIV6, STM32H573VIT3Q, STM32H573VIT6, STM32H573ZIT3Q, STM32H573ZIT6, STM32H7R3A8I6, STM32H7R3I8K6, STM32H7R3I8T6, STM32H7R3L8H6, STM32H7R3L8H6H, STM32H7R3R8V6, STM32H7R3V8H6, STM32H7R3V8T6, STM32H7R3V8Y6TR, STM32H7R3Z8J6, STM32H7R3Z8T6, STM32H7R7A8I6, STM32H7R7I8K6, STM32H7R7I8T6, STM32H7R7L8H6, STM32H7R7L8H6H, STM32H7R7Z8J6, STM32H7S3A8I6, STM32H7S3I8K6, STM32H7S3I8T6, STM32H7S3L8H6, STM32H7S3L8H6H, STM32H7S3R8V6, STM32H7S3V8H6, STM32H7S3V8T6, STM32H7S3V8Y6TR, STM32H7S3Z8J6, STM32H7S3Z8T6, STM32H7S78-DK, STM32H7S7A8I6, STM32H7S7I8K6, STM32H7S7I8T6, STM32H7S7L8H6, STM32H7S7L8H6H, STM32H7S7Z8J6, STM32L4R5QGI6STR, STM32MP131AAE3, STM32MP131AAF3, STM32MP131AAG3, STM32MP131CAE3, STM32MP131CAF3, STM32MP131CAG3, STM32MP131DAE7, STM32MP131DAF7, STM32MP131DAG7, STM32MP131FAE7, STM32MP131FAF7, STM32MP131FAG7, STM32MP133AAE3, STM32MP133AAF3, STM32MP133AAG3, STM32MP133CAE3, STM32MP133CAF3, STM32MP133CAG3, STM32MP133DAE7, STM32MP133DAF7, STM32MP133DAG7, STM32MP133FAE7, STM32MP133FAF7, STM32MP133FAG7, STM32MP135AAE3, STM32MP135AAF3, STM32MP135AAG3, STM32MP135CAE3, STM32MP135CAF3, STM32MP135CAG3, STM32MP135DAE7, STM32MP135DAF7, STM32MP135DAG7, STM32MP135F-DK, STM32MP135FAE7, STM32MP135FAF7, STM32MP135FAF7T, STM32MP135FAF7U, STM32MP135FAG7, STM32MP211AAL3, STM32MP211AAM3, STM32MP211AAN3, STM32MP211AAO3, STM32MP211CAL3, STM32MP211CAM3, STM32MP211CAN3, STM32MP211CAO3, STM32MP211DAL3, STM32MP211DAM3, STM32MP211DAN3, STM32MP211DAO3, STM32MP211FAL3, STM32MP211FAM3, STM32MP211FAN3, STM32MP211FAO3, STM32MP213AAL3, STM32MP213AAM3, STM32MP213AAN3, STM32MP213AAO3, STM32MP213CAL3, STM32MP213CAM3, STM32MP213CAN3, STM32MP213CAO3, STM32MP213DAL3, STM32MP213DAM3, STM32MP213DAN3, STM32MP213DAO3, STM32MP213FAL3, STM32MP213FAM3, STM32MP213FAN3, STM32MP213FAO3, STM32MP215AAL3, STM32MP215AAM3, STM32MP215AAN3, STM32MP215AAO3, STM32MP215CAL3, STM32MP215CAM3, STM32MP215CAN3, STM32MP215CAO3, STM32MP215DAL3, STM32MP215DAM3, STM32MP215DAN3, STM32MP215DAO3, STM32MP215F-DK, STM32MP215FAL3, STM32MP215FAM3, STM32MP215FAN3, STM32MP215FAO3, STM32MP231AAJ3, STM32MP231AAK3, STM32MP231AAL3, STM32MP231CAJ3, STM32MP231CAK3, STM32MP231CAL3, STM32MP231DAJ3, STM32MP231DAK3, STM32MP231DAL3, STM32MP231FAJ3, STM32MP231FAK3, STM32MP231FAL3, STM32MP233AAJ3, STM32MP233AAK3, STM32MP233AAL3, STM32MP233CAJ3, STM32MP233CAK3, STM32MP233CAL3, STM32MP233DAJ3, STM32MP233DAK3, STM32MP233DAL3, STM32MP233FAJ3, STM32MP233FAK3, STM32MP233FAL3, STM32MP235AAJ3, STM32MP235AAK3, STM32MP235AAL3, STM32MP235CAJ3, STM32MP235CAK3, STM32MP235CAL3, STM32MP235DAJ3, STM32MP235DAK3, STM32MP235DAL3, STM32MP235FAJ3, STM32MP235FAK3, STM32MP235FAL3, STM32MP251AAI3, STM32MP251AAK3, STM32MP251AAL3, STM32MP251CAI3, STM32MP251CAK3, STM32MP251CAL3, STM32MP251DAI3, STM32MP251DAK3, STM32MP251DAL3, STM32MP251FAI3, STM32MP251FAK3, STM32MP251FAL3, STM32MP253AAI3, STM32MP253AAK3, STM32MP253AAL3, STM32MP253CAI3, STM32MP253CAK3, STM32MP253CAL3, STM32MP253DAI3, STM32MP253DAK3, STM32MP253DAL3, STM32MP253FAI3, STM32MP253FAK3, STM32MP253FAL3, STM32MP255AAI3, STM32MP255AAK3, STM32MP255AAL3, STM32MP255CAI3, STM32MP255CAK3, STM32MP255CAL3, STM32MP255DAI3, STM32MP255DAK3, STM32MP255DAL3, STM32MP255FAI3, STM32MP255FAK3, STM32MP255FAL3, STM32MP257AAI3, STM32MP257AAK3, STM32MP257AAL3, STM32MP257CAI3, STM32MP257CAK3, STM32MP257CAL3, STM32MP257DAI3, STM32MP257DAK3, STM32MP257DAL3, STM32MP257F-DK, STM32MP257F-EV1, STM32MP257FAI3, STM32MP257FAK3, STM32MP257FAL3, STM32N645A0H3Q, STM32N645B0H3Q, STM32N645I0H3Q, STM32N645L0H3Q, STM32N645X0H3Q, STM32N645Z0H3Q, STM32N647A0H3Q, STM32N647B0H3Q, STM32N647I0H3Q, STM32N647L0H3Q, STM32N647X0H3Q, STM32N647Z0H3Q, STM32N655A0H3Q, STM32N655B0H3Q, STM32N655I0H3Q, STM32N655L0H3Q, STM32N655X0H3Q, STM32N655Z0H3Q, STM32N6570-DK, STM32N657A0H3Q, STM32N657B0H3Q, STM32N657I0H3Q, STM32N657L0H3Q, STM32N657X0H3Q, STM32N657Z0H3Q, STM32U031C6T6, STM32U031C6U6, STM32U031C8T6, STM32U031C8U6, STM32U031F4P6, STM32U031F6P6, STM32U031F8P6, STM32U031G6Y6TR, STM32U031G8Y6TR, STM32U031K4U6, STM32U031K6U6, STM32U031K8U6, STM32U031R6I6, STM32U031R6T6, STM32U031R8I6, STM32U031R8T6, STM32U073C8T6, STM32U073C8U6, STM32U073CBT6, STM32U073CBU6, STM32U073CCT6, STM32U073CCU6, STM32U073H8Y6TR, STM32U073HBY6TR, STM32U073HCY6TR, STM32U073K8U6, STM32U073KBU6, STM32U073KCU6, STM32U073M8I6, STM32U073M8T6, STM32U073MBI6, STM32U073MBT6, STM32U073MCI6, STM32U073MCT6, STM32U073R8I6, STM32U073R8T6, STM32U073RBI6, STM32U073RBT6, STM32U073RCI6, STM32U073RCT6, STM32U083C-DK, STM32U083CCT6, STM32U083CCU6, STM32U083HCY6TR, STM32U083KCU6, STM32U083MCI6, STM32U083MCT6, STM32U083RCI6, STM32U083RCT6, STM32U375CET6, STM32U375CET6Q, STM32U375CEU6, STM32U375CEU6Q, STM32U375CEY6QTR, STM32U375CGT6, STM32U375CGT6Q, STM32U375CGU6, STM32U375CGU6Q, STM32U375CGY6QTR, STM32U375KEU6, STM32U375KGU6, STM32U375REI6, STM32U375REI6Q, STM32U375RET6, STM32U375RET6Q, STM32U375REY6GTR, STM32U375REY6QTR, STM32U375RGI6, STM32U375RGI6Q, STM32U375RGT6, STM32U375RGT6Q, STM32U375RGY6GTR, STM32U375RGY6QTR, STM32U375VEI6, STM32U375VEI6Q, STM32U375VET6, STM32U375VET6Q, STM32U375VGI6, STM32U375VGI6Q, STM32U375VGT6, STM32U375VGT6Q, STM32U385CGT6, STM32U385CGT6Q, STM32U385CGU6, STM32U385CGU6Q, STM32U385CGY6QTR, STM32U385KGU6, STM32U385RGI6, STM32U385RGI6Q, STM32U385RGT6, STM32U385RGT6Q, STM32U385RGY6GTR, STM32U385RGY6QTR, STM32U385VGI6, STM32U385VGI6Q, STM32U385VGT6, STM32U385VGT6Q, STM32U535CBT6, STM32U535CBT6Q, STM32U535CBU6, STM32U535CBU6Q, STM32U535CCT6, STM32U535CCT6Q, STM32U535CCU6, STM32U535CCU6Q, STM32U535CET6, STM32U535CET6Q, STM32U535CEU6, STM32U535CEU6Q, STM32U535JEY6QTR, STM32U535NCY6QTR, STM32U535NEY6QTR, STM32U535RBI6, STM32U535RBI6Q, STM32U535RBT6, STM32U535RBT6Q, STM32U535RCI6, STM32U535RCI6Q, STM32U535RCT6, STM32U535RCT6Q, STM32U535REI6, STM32U535REI6Q, STM32U535RET6, STM32U535RET6Q, STM32U535VCI6, STM32U535VCI6Q, STM32U535VCT6, STM32U535VCT6Q, STM32U535VEI6, STM32U535VEI6Q, STM32U535VET6, STM32U535VET6Q, STM32U545CET6, STM32U545CET6Q, STM32U545CEU6, STM32U545CEU6Q, STM32U545JEY6QTR, STM32U545NEY6QTR, STM32U545REI6, STM32U545REI6Q, STM32U545RET6, STM32U545RET6Q, STM32U545VEI6, STM32U545VEI6Q, STM32U545VET6, STM32U545VET6Q, STM32U595AIH6, STM32U595AIH6Q, STM32U595AJH6, STM32U595AJH6Q, STM32U595QII6, STM32U595QII6Q, STM32U595QJI6, STM32U595QJI6Q, STM32U595RIT6, STM32U595RIT6Q, STM32U595RJT6, STM32U595RJT6Q, STM32U595VIT6, STM32U595VIT6Q, STM32U595VJT6, STM32U595VJT6Q, STM32U595ZIT6, STM32U595ZIT6Q, STM32U595ZIY6QTR, STM32U595ZJT6, STM32U595ZJT6Q, STM32U595ZJY6QTR, STM32U599BJY6QTR, STM32U599NIH6Q, STM32U599NJH6Q, STM32U599VIT6Q, STM32U599VJT6, STM32U599VJT6Q, STM32U599ZIT6Q, STM32U599ZIY6QTR, STM32U599ZJT6Q, STM32U599ZJY6QTR, STM32U5A5AJH6, STM32U5A5AJH6Q, STM32U5A5QII3Q , STM32U5A5QJI6, STM32U5A5QJI6Q, STM32U5A5RJT6, STM32U5A5RJT6Q, STM32U5A5VJT6, STM32U5A5VJT6Q, STM32U5A5ZJT6, STM32U5A5ZJT6Q, STM32U5A5ZJY6QTR, STM32U5A9BJY6QTR, STM32U5A9J-DK, STM32U5A9NJH6Q, STM32U5A9VJT6Q, STM32U5A9ZJT6Q, STM32U5A9ZJY6QTR, STM32U5F7VIT6, STM32U5F7VIT6Q, STM32U5F7VJT6, STM32U5F7VJT6Q, STM32U5F9BJY6QTR, STM32U5F9NJH6Q, STM32U5F9VIT6Q, STM32U5F9VJT6Q, STM32U5F9ZIJ6QTR, STM32U5F9ZIT6Q, STM32U5F9ZJJ6QTR, STM32U5F9ZJT6Q, STM32U5G7VJT6, STM32U5G7VJT6Q, STM32U5G9BJY6QTR, STM32U5G9J-DK1, STM32U5G9J-DK2, STM32U5G9NJH6Q, STM32U5G9VJT6Q, STM32U5G9ZJJ6QTR, STM32U5G9ZJT6Q, STM32WB05KZV6TR, STM32WB05KZV7TR, STM32WB05TZF6TR, STM32WB05TZF7TR, STM32WB06CCF6TR, STM32WB06CCF7TR, STM32WB06CCV6TR, STM32WB06CCV7TR, STM32WB06KCV6TR, STM32WB06KCV7TR, STM32WB07CCF6TR, STM32WB07CCF7TR, STM32WB07CCV6TR, STM32WB07CCV7TR, STM32WB07KCV6TR, STM32WB07KCV7TR, STM32WB09KEV6TR, STM32WB09KEV7TR, STM32WB09TEF6TR, STM32WB09TEF7TR, STM32WB1MMCH6, STM32WBA50KGU6, STM32WBA50KGU6TR, STM32WBA52CEU6, STM32WBA52CEU6TR, STM32WBA52CEU7, STM32WBA52CEU7TR, STM32WBA52CGU6, STM32WBA52CGU6TR, STM32WBA52CGU6U, STM32WBA52CGU7, STM32WBA52CGU7TR, STM32WBA52KEU6, STM32WBA52KEU6TR, STM32WBA52KGU6, STM32WBA52KGU6TR, STM32WBA54CEU6, STM32WBA54CEU6TR, STM32WBA54CEU7, STM32WBA54CEU7TR, STM32WBA54CGU6, STM32WBA54CGU6TR, STM32WBA54CGU7, STM32WBA54CGU7TR, STM32WBA54KEU6, STM32WBA54KEU6TR, STM32WBA54KEU7, STM32WBA54KEU7TR, STM32WBA54KGU6, STM32WBA54KGU6TR, STM32WBA54KGU7, STM32WBA54KGU7TR, STM32WBA55CEU6, STM32WBA55CEU6TR, STM32WBA55CEU7, STM32WBA55CEU7TR, STM32WBA55CGU6, STM32WBA55CGU6TR, STM32WBA55CGU6U, STM32WBA55CGU7, STM32WBA55CGU7TR, STM32WBA55G-DK1, STM32WBA55HEF6, STM32WBA55HEF7, STM32WBA55HGF6, STM32WBA55HGF7, STM32WBA55UEI6, STM32WBA55UEI6TR, STM32WBA55UEI7, STM32WBA55UEI7TR, STM32WBA55UGI6, STM32WBA55UGI6TR, STM32WBA55UGI7, STM32WBA55UGI7TR, STM32WBA5MMGH6TR, STM32WBA62MGF6, STM32WBA62MIF6, STM32WBA65MGF7, STM32WBA65MIF6, STM32WBA65MIF7, STM32WL30K8V6, STM32WL30KBV6, STM32WL31C8V6, STM32WL31CBV6, STM32WL31K8V6, STM32WL31KBV6, STM32WL33C8V6, STM32WL33C8V6X, STM32WL33CBV6, STM32WL33CBV6X, STM32WL33CCV6, STM32WL33CCV6A, STM32WL33CCV6X, STM32WL33K8V7, STM32WL33K8V7X, STM32WL33KBV7 , STM32WL33KBV7X, STM32WL33KCV7, STM32WL33KCV7X, STM32WL5MOCH6, STM32WL5MOCH6TR]
2026-05-05 15:19:53,663 [INFO] DbMcus:218 - Found 5055 MCUs, 4968 are supported
2026-05-05 15:19:53,665 [INFO] ApiDb:423 - Load user favorites file C:\Users\ASUS/.stm32cubeide/favorites.mcus.txt: 1 item(s)
2026-05-05 15:19:53,665 [INFO] ApiDb:427 - User favorites MCUs=[STM32F446ZET6]
2026-05-05 15:19:53,666 [INFO] DbMcus:224 - Set 1 / 1 favorites MCUs
2026-05-05 15:19:55,959 [INFO] BoardInfo:889 - No configuration file found for board NUCLEO-H5E5ZJ
2026-05-05 15:19:55,964 [INFO] DbBoards:161 - Board is not supported: NUCLEO-H5E5ZJ
2026-05-05 15:19:56,204 [INFO] BoardInfo:889 - No configuration file found for board NUCLEO-U3C5ZI-Q
2026-05-05 15:19:56,206 [INFO] DbBoards:161 - Board is not supported: NUCLEO-U3C5ZI-Q
2026-05-05 15:19:56,251 [INFO] BoardInfo:889 - No configuration file found for board NUCLEO-WBA25CE1
2026-05-05 15:19:56,254 [INFO] DbBoards:161 - Board is not supported: NUCLEO-WBA25CE1
2026-05-05 15:19:56,284 [INFO] BoardInfo:889 - No configuration file found for board NUCLEO-WL3RKB1
2026-05-05 15:19:56,287 [INFO] DbBoards:161 - Board is not supported: NUCLEO-WL3RKB1
2026-05-05 15:19:56,290 [INFO] BoardInfo:889 - No configuration file found for board NUCLEO-WL3RKB2
2026-05-05 15:19:56,293 [INFO] DbBoards:161 - Board is not supported: NUCLEO-WL3RKB2
2026-05-05 15:19:56,328 [INFO] BoardInfo:889 - No configuration file found for board P-NUCLEO-WB55
2026-05-05 15:19:56,334 [INFO] DbBoards:161 - Kit is not supported: P-NUCLEO-WB55
2026-05-05 15:19:56,359 [INFO] BoardInfo:889 - No configuration file found for board STEVAL-BFA001V1B
2026-05-05 15:19:56,363 [INFO] DbBoards:161 - Kit is not supported: STEVAL-BFA001V1B
2026-05-05 15:19:56,367 [INFO] BoardInfo:889 - No configuration file found for board STEVAL-BFA001V2B
2026-05-05 15:19:56,371 [INFO] DbBoards:161 - Kit is not supported: STEVAL-BFA001V2B
2026-05-05 15:19:56,843 [INFO] BoardInfo:889 - No configuration file found for board STM32H5F5J-DK
2026-05-05 15:19:56,848 [INFO] DbBoards:161 - Board is not supported: STM32H5F5J-DK
2026-05-05 15:19:57,183 [INFO] DbBoards:168 - Found 218 boards, 209 are supported
2026-05-05 15:19:57,184 [INFO] DbBoards:169 - Found 218 boards, 43 of them is supported for  Bsp
2026-05-05 15:19:57,194 [INFO] ApiDb:423 - Load user favorites file C:\Users\ASUS/.stm32cubeide/favorites.boards.txt: 0 item(s)
2026-05-05 15:19:57,196 [INFO] ApiDb:427 - User favorites Boards=[]
2026-05-05 15:19:57,196 [INFO] DbBoards:198 - Set 0 / 0 favorites Boards
2026-05-05 15:19:57,347 [INFO] UtilMem:75 - End LoadConfig() Used Memory: 954347504 Bytes (1073741824)
2026-05-05 15:19:57,989 [WARN] ThirdParty:833 - waiting for thirdparty lock release [change project]
2026-05-05 15:19:57,990 [INFO] ThirdParty:835 - entering critical section [change project]
2026-05-05 15:19:57,990 [INFO] ThirdParty:1030 - CMSIS Pack Vendor :STMicroelectronics X-CUBE-AZRTOS-H7 3.5.0
2026-05-05 15:19:57,991 [INFO] ThirdParty:1030 - CMSIS Pack Vendor :STMicroelectronics X-CUBE-PM33A1 1.0.0
2026-05-05 15:19:57,991 [INFO] ThirdParty:1030 - CMSIS Pack Vendor :STMicroelectronics USBPD 4.1
2026-05-05 15:19:57,991 [INFO] ThirdParty:1030 - CMSIS Pack Vendor :STMicroelectronics X-CUBE-NFC9 1.0.0
2026-05-05 15:19:57,991 [INFO] ThirdParty:1030 - CMSIS Pack Vendor :STMicroelectronics USB_HOST 2.0.0
2026-05-05 15:19:57,991 [INFO] ThirdParty:1030 - CMSIS Pack Vendor :STMicroelectronics X-CUBE-AZRTOS-F4 1.1.0
2026-05-05 15:19:57,991 [INFO] ThirdParty:1030 - CMSIS Pack Vendor :STMicroelectronics LIBJPEG 8.0.0
2026-05-05 15:19:57,993 [INFO] ThirdParty:1030 - CMSIS Pack Vendor :STMicroelectronics FP-ATR-ASTRA1 2.0.2
2026-05-05 15:19:57,993 [INFO] ThirdParty:1030 - CMSIS Pack Vendor :STMicroelectronics X-CUBE-BLE1 7.1.0
2026-05-05 15:19:57,993 [INFO] ThirdParty:1030 - CMSIS Pack Vendor :STMicroelectronics X-CUBE-SMBUS 2.1.0
2026-05-05 15:19:57,993 [INFO] ThirdParty:1030 - CMSIS Pack Vendor :wolfSSL I-CUBE-wolfMQTT 1.19.2
2026-05-05 15:19:57,993 [INFO] ThirdParty:1030 - CMSIS Pack Vendor :STMicroelectronics USB_DEVICE 3.0.0
2026-05-05 15:19:57,993 [INFO] ThirdParty:1030 - CMSIS Pack Vendor :STMicroelectronics X-CUBE-ISPU 2.1.0
2026-05-05 15:19:57,993 [INFO] ThirdParty:1030 - CMSIS Pack Vendor :STMicroelectronics X-CUBE-FREERTOS 1.4.0
2026-05-05 15:19:57,994 [INFO] ThirdParty:1030 - CMSIS Pack Vendor :STMicroelectronics X-CUBE-EEPRMA1 5.2.0
2026-05-05 15:19:57,994 [INFO] ThirdParty:1030 - CMSIS Pack Vendor :STMicroelectronics X-CUBE-IPS 3.2.0
2026-05-05 15:19:57,994 [INFO] ThirdParty:1030 - CMSIS Pack Vendor :STMicroelectronics X-CUBE-BLEMGR 4.1.0
2026-05-05 15:19:57,994 [INFO] ThirdParty:1030 - CMSIS Pack Vendor :STMicroelectronics eDS-WB_DPC_TT-BIDIR 2.1.1
2026-05-05 15:19:57,994 [INFO] ThirdParty:1030 - CMSIS Pack Vendor :STMicroelectronics X-CUBE-AZRTOS-WB 2.0.0
2026-05-05 15:19:57,996 [INFO] ThirdParty:1030 - CMSIS Pack Vendor :wolfSSL I-CUBE-wolfSSL 5.8.4
2026-05-05 15:19:57,996 [INFO] ThirdParty:1030 - CMSIS Pack Vendor :Cesanta I-CUBE-Mongoose 7.20.0
2026-05-05 15:19:57,996 [INFO] ThirdParty:1030 - CMSIS Pack Vendor :STMicroelectronics X-CUBE-NFC12 1.0.0
2026-05-05 15:19:57,996 [INFO] ThirdParty:1030 - CMSIS Pack Vendor :STMicroelectronics X-CUBE-AZRTOS-F7 1.1.0
2026-05-05 15:19:57,997 [INFO] ThirdParty:1030 - CMSIS Pack Vendor :STMicroelectronics X-CUBE-AZRTOS-L5 2.0.0
2026-05-05 15:19:57,997 [INFO] ThirdParty:1030 - CMSIS Pack Vendor :STMicroelectronics USB_DEVICE 2.0.0
2026-05-05 15:19:57,997 [INFO] ThirdParty:1030 - CMSIS Pack Vendor :STMicroelectronics FP-SNS-STAIOTCFT 1.1.0
2026-05-05 15:19:57,997 [INFO] ThirdParty:1030 - CMSIS Pack Vendor :quantropi X-CUBE-qispace-sdk-base 2.1.0
2026-05-05 15:19:57,997 [INFO] ThirdParty:1030 - CMSIS Pack Vendor :STMicroelectronics X-CUBE-MEMS1 12.0.0
2026-05-05 15:19:57,998 [INFO] ThirdParty:1030 - CMSIS Pack Vendor :STMicroelectronics X-CUBE-STSE01 2.0.0
2026-05-05 15:19:57,998 [INFO] ThirdParty:1030 - CMSIS Pack Vendor :STMicroelectronics FP-SNS-MOTENV1 5.1.0
2026-05-05 15:19:57,998 [INFO] ThirdParty:1030 - CMSIS Pack Vendor :STMicroelectronics FreeRTOS 0.0.1
2026-05-05 15:19:57,999 [INFO] ThirdParty:1030 - CMSIS Pack Vendor :STMicroelectronics X-CUBE-AZRTOS-G0 1.1.0
2026-05-05 15:19:57,999 [INFO] ThirdParty:1030 - CMSIS Pack Vendor :STMicroelectronics X-CUBE-NFC4 3.0.0
2026-05-05 15:19:58,000 [INFO] ThirdParty:1030 - CMSIS Pack Vendor :STMicroelectronics X-CUBE-SUBG2 5.0.0
2026-05-05 15:19:58,000 [INFO] ThirdParty:1030 - CMSIS Pack Vendor :STMicroelectronics STM32_WPAN 1.0.0
2026-05-05 15:19:58,000 [INFO] ThirdParty:1030 - CMSIS Pack Vendor :STMicroelectronics eDS-WB_DPC_VIENNA 1.2.0
2026-05-05 15:19:58,000 [INFO] ThirdParty:1030 - CMSIS Pack Vendor :EmbeddedOffice I-CUBE-FS-RTOS 1.0.1
2026-05-05 15:19:58,000 [INFO] ThirdParty:1030 - CMSIS Pack Vendor :STMicroelectronics lwIP 2.0.3
2026-05-05 15:19:58,002 [INFO] ThirdParty:1030 - CMSIS Pack Vendor :WES I-CUBE-Cesium 1.4.0
2026-05-05 15:19:58,002 [INFO] ThirdParty:1030 - CMSIS Pack Vendor :STMicroelectronics eDS-WB_DPC_3PH2L-BIDIR 1.1.1
2026-05-05 15:19:58,002 [INFO] ThirdParty:1030 - CMSIS Pack Vendor :STMicroelectronics USB_HOST 1.0.0
2026-05-05 15:19:58,002 [INFO] ThirdParty:1030 - CMSIS Pack Vendor :STMicroelectronics X-CUBE-AZRTOS-G4 2.0.0
2026-05-05 15:19:58,002 [INFO] ThirdParty:1030 - CMSIS Pack Vendor :STMicroelectronics X-CUBE-WB05N 2.0.0
2026-05-05 15:19:58,003 [INFO] ThirdParty:1030 - CMSIS Pack Vendor :STMicroelectronics PDM2PCM 3.1.0
2026-05-05 15:19:58,003 [INFO] ThirdParty:1030 - CMSIS Pack Vendor :STMicroelectronics PDM2PCM 3.3.0
2026-05-05 15:19:58,003 [INFO] ThirdParty:1030 - CMSIS Pack Vendor :wolfSSL I-CUBE-wolfTPM 3.8.0
2026-05-05 15:19:58,004 [INFO] ThirdParty:1030 - CMSIS Pack Vendor :STMicroelectronics X-CUBE-AZRTOS-H7 3.4.0
2026-05-05 15:19:58,004 [INFO] ThirdParty:1030 - CMSIS Pack Vendor :STMicroelectronics X-CUBE-DISPLAY 3.0.0
2026-05-05 15:19:58,004 [INFO] ThirdParty:1030 - CMSIS Pack Vendor :wolfSSL I-CUBE-wolfSSH 1.4.20
2026-05-05 15:19:58,004 [INFO] ThirdParty:1030 - CMSIS Pack Vendor :STMicroelectronics X-CUBE-NFC7 2.0.0
2026-05-05 15:19:58,004 [INFO] ThirdParty:1030 - CMSIS Pack Vendor :STMicroelectronics X-CUBE-GNSS1 7.1.1
2026-05-05 15:19:58,004 [INFO] ThirdParty:1030 - CMSIS Pack Vendor :STMicroelectronics FP-SNS-MOTENVWB1 1.5.0
2026-05-05 15:19:58,004 [INFO] ThirdParty:1030 - CMSIS Pack Vendor :STMicroelectronics X-CUBE-TCPP 4.2.0
2026-05-05 15:19:58,004 [INFO] ThirdParty:1030 - CMSIS Pack Vendor :RealThread X-CUBE-RT-Thread_Nano 4.1.1
2026-05-05 15:19:58,004 [INFO] ThirdParty:1030 - CMSIS Pack Vendor :STMicroelectronics FP-ATR-SIGFOX1 3.2.0
2026-05-05 15:19:58,004 [INFO] ThirdParty:1030 - CMSIS Pack Vendor :STMicroelectronics X-CUBE-NFC10 1.0.0
2026-05-05 15:19:58,005 [INFO] ThirdParty:1030 - CMSIS Pack Vendor :STMicroelectronics HAL Drivers 0.0.0
2026-05-05 15:19:58,005 [INFO] ThirdParty:1030 - CMSIS Pack Vendor :STMicroelectronics X-CUBE-FREERTOS 1.5.0
2026-05-05 15:19:58,005 [INFO] ThirdParty:1030 - CMSIS Pack Vendor :STMicroelectronics MBEDTLS 2.16.2
2026-05-05 15:19:58,005 [INFO] ThirdParty:1030 - CMSIS Pack Vendor :STMicroelectronics X-CUBE-ST60 1.1.0
2026-05-05 15:19:58,005 [INFO] ThirdParty:1030 - CMSIS Pack Vendor :STMicroelectronics X-CUBE-ALS 1.0.2
2026-05-05 15:19:58,005 [INFO] ThirdParty:1030 - CMSIS Pack Vendor :emotas I-CUBE-CANOPEN 1.3.0
2026-05-05 15:19:58,006 [INFO] ThirdParty:1030 - CMSIS Pack Vendor :STMicroelectronics MBEDTLS 2.14.1
2026-05-05 15:19:58,006 [INFO] ThirdParty:1030 - CMSIS Pack Vendor :STMicroelectronics X-CUBE-GNSS1 7.1.0
2026-05-05 15:19:58,006 [INFO] ThirdParty:1030 - CMSIS Pack Vendor :ITTIA_DB I-CUBE-ITTIADB 8.9.0
2026-05-05 15:19:58,006 [INFO] ThirdParty:1030 - CMSIS Pack Vendor :STMicroelectronics X-CUBE-TOUCHGFX 4.26.0
2026-05-05 15:19:58,006 [INFO] ThirdParty:1030 - CMSIS Pack Vendor :STMicroelectronics X-CUBE-TOUCHGFX 4.26.1
2026-05-05 15:19:58,007 [INFO] ThirdParty:1030 - CMSIS Pack Vendor :STMicroelectronics X-CUBE-NFC6 3.2.0
2026-05-05 15:19:58,007 [INFO] ThirdParty:1030 - CMSIS Pack Vendor :STMicroelectronics FP-SNS-STBOX1 2.1.0
2026-05-05 15:19:58,007 [INFO] ThirdParty:1030 - CMSIS Pack Vendor :STMicroelectronics X-CUBE-AI 10.2.0
2026-05-05 15:19:58,008 [INFO] ThirdParty:1030 - CMSIS Pack Vendor :STMicroelectronics FP-SNS-STAIOTCFT 1.0.0
2026-05-05 15:19:58,008 [INFO] ThirdParty:1030 - CMSIS Pack Vendor :STMicroelectronics ThreadX 1.0.0
2026-05-05 15:19:58,008 [INFO] ThirdParty:1030 - CMSIS Pack Vendor :STMicroelectronics FP-SNS-SMARTAG2 1.2.0
2026-05-05 15:19:58,008 [INFO] ThirdParty:1030 - CMSIS Pack Vendor :STMicroelectronics X-CUBE-MEMS1 12.1.0
2026-05-05 15:19:58,008 [INFO] ThirdParty:1030 - CMSIS Pack Vendor :STMicroelectronics FP-SNS-FLIGHT1 5.1.0
2026-05-05 15:19:58,008 [INFO] ThirdParty:1030 - CMSIS Pack Vendor :STMicroelectronics X-CUBE-AZRTOS-WL 2.0.0
2026-05-05 15:19:58,008 [INFO] ThirdParty:1030 - CMSIS Pack Vendor :SEGGER I-CUBE-embOS 1.3.1
2026-05-05 15:19:58,008 [INFO] ThirdParty:1030 - CMSIS Pack Vendor :STMicroelectronics X-CUBE-ALGOBUILD 1.4.0
2026-05-05 15:19:58,008 [INFO] ThirdParty:1030 - CMSIS Pack Vendor :STMicroelectronics X-CUBE-DPower 1.3.0
2026-05-05 15:19:58,009 [INFO] ThirdParty:1030 - CMSIS Pack Vendor :STMicroelectronics USB_DEVICE 1.0.0
2026-05-05 15:19:58,009 [INFO] ThirdParty:1030 - CMSIS Pack Vendor :STMicroelectronics X-CUBE-AZRTOS-H7RS 1.2.0
2026-05-05 15:19:58,010 [INFO] ThirdParty:1030 - CMSIS Pack Vendor :STMicroelectronics X-CUBE-AZRTOS-L4 2.0.0
2026-05-05 15:19:58,011 [INFO] ThirdParty:1030 - CMSIS Pack Vendor :STMicroelectronics ThreadX 0.0.2
2026-05-05 15:19:58,011 [INFO] ThirdParty:1030 - CMSIS Pack Vendor :STMicroelectronics lwIP 2.1.2
2026-05-05 15:19:58,011 [INFO] ThirdParty:1030 - CMSIS Pack Vendor :STMicroelectronics X-CUBE-SFXS2LP1 4.0.0
2026-05-05 15:19:58,012 [INFO] ThirdParty:1030 - CMSIS Pack Vendor :STMicroelectronics X-CUBE-BLE2 3.3.0
2026-05-05 15:19:58,012 [INFO] ThirdParty:1030 - CMSIS Pack Vendor :Avnet-IOTCONNECT X-CUBE-iotc-st67-sdk 1.0.0
2026-05-05 15:19:58,012 [INFO] ThirdParty:1030 - CMSIS Pack Vendor :STMicroelectronics X-CUBE-TOF1 3.4.3
2026-05-05 15:19:58,013 [INFO] ThirdParty:1030 - CMSIS Pack Vendor :Infineon AIROC-Wi-Fi-Bluetooth-STM32 1.8.0
2026-05-05 15:19:58,015 [INFO] ThirdParty:1030 - CMSIS Pack Vendor :STMicroelectronics PDM2PCM 3.2.0
2026-05-05 15:19:58,015 [INFO] ThirdParty:1030 - CMSIS Pack Vendor :STMicroelectronics X-CUBE-WB05N 2.1.0
2026-05-05 15:19:58,015 [INFO] ThirdParty:1030 - CMSIS Pack Vendor :STMicroelectronics X-CUBE-ST67W61 1.2.0
2026-05-05 15:19:58,016 [INFO] ThirdParty:841 - exiting critical section [change project]
2026-05-05 15:20:00,396 [INFO] PinOutPanel:1589 - setPackage(No Configuration,No Configuration)
2026-05-05 15:20:00,406 [INFO] PinOutPanel:1589 - setPackage(STM32F446RETx,LQFP64)
2026-05-05 15:20:03,242 [INFO] UtilMem:75 - Before build in PCC Used Memory: 966456824 Bytes (1073741824)
2026-05-05 15:20:05,891 [INFO] UtilMem:75 - After build in PCC Used Memory: 729962688 Bytes (1073741824)
2026-05-05 15:20:06,023 [INFO] IPUIPlugin:80 - create IPUIPlugin
2026-05-05 15:20:06,023 [INFO] IPUIPlugin:80 - create IPUIPlugin
2026-05-05 15:20:06,023 [INFO] IPUIPlugin:80 - create IPUIPlugin
2026-05-05 15:20:06,026 [INFO] IPUIPlugin:80 - create IPUIPlugin
2026-05-05 15:20:06,026 [INFO] IPUIPlugin:80 - create IPUIPlugin
2026-05-05 15:20:06,028 [INFO] IPUIPlugin:80 - create IPUIPlugin
2026-05-05 15:20:06,028 [INFO] IPUIPlugin:80 - create IPUIPlugin
2026-05-05 15:20:06,028 [INFO] IPUIPlugin:80 - create IPUIPlugin
2026-05-05 15:20:06,029 [INFO] IPUIPlugin:80 - create IPUIPlugin
2026-05-05 15:20:06,030 [INFO] IPUIPlugin:80 - create IPUIPlugin
2026-05-05 15:20:06,031 [INFO] IPUIPlugin:80 - create IPUIPlugin
2026-05-05 15:20:06,032 [INFO] IPUIPlugin:80 - create IPUIPlugin
2026-05-05 15:20:06,034 [INFO] IPUIPlugin:80 - create IPUIPlugin
2026-05-05 15:20:06,034 [INFO] IPUIPlugin:80 - create IPUIPlugin
2026-05-05 15:20:06,034 [INFO] IPUIPlugin:80 - create IPUIPlugin
2026-05-05 15:20:06,035 [INFO] IPUIPlugin:80 - create IPUIPlugin
2026-05-05 15:20:06,035 [INFO] IPUIPlugin:80 - create IPUIPlugin
2026-05-05 15:20:06,038 [INFO] IPUIPlugin:80 - create IPUIPlugin
2026-05-05 15:20:06,040 [INFO] IPUIPlugin:80 - create IPUIPlugin
2026-05-05 15:20:06,040 [INFO] IPUIPlugin:80 - create IPUIPlugin
2026-05-05 15:20:06,041 [INFO] IPUIPlugin:80 - create IPUIPlugin
2026-05-05 15:20:06,042 [INFO] IPUIPlugin:80 - create IPUIPlugin
2026-05-05 15:20:06,042 [INFO] IPUIPlugin:80 - create IPUIPlugin
2026-05-05 15:20:06,044 [INFO] IPUIPlugin:80 - create IPUIPlugin
2026-05-05 15:20:06,046 [INFO] IPUIPlugin:80 - create IPUIPlugin
2026-05-05 15:20:06,048 [INFO] IPUIPlugin:80 - create IPUIPlugin
2026-05-05 15:20:06,049 [INFO] IPUIPlugin:80 - create IPUIPlugin
2026-05-05 15:20:06,049 [INFO] IPUIPlugin:80 - create IPUIPlugin
2026-05-05 15:20:06,050 [INFO] IPUIPlugin:80 - create IPUIPlugin
2026-05-05 15:20:06,051 [INFO] IPUIPlugin:80 - create IPUIPlugin
2026-05-05 15:20:06,052 [INFO] IPUIPlugin:80 - create IPUIPlugin
2026-05-05 15:20:06,053 [INFO] IPUIPlugin:80 - create IPUIPlugin
2026-05-05 15:20:06,053 [INFO] IPUIPlugin:80 - create IPUIPlugin
2026-05-05 15:20:06,055 [INFO] IPUIPlugin:80 - create IPUIPlugin
2026-05-05 15:20:06,056 [INFO] IPUIPlugin:80 - create IPUIPlugin
2026-05-05 15:20:06,057 [INFO] IPUIPlugin:80 - create IPUIPlugin
2026-05-05 15:20:06,059 [INFO] IPUIPlugin:80 - create IPUIPlugin
2026-05-05 15:20:06,060 [INFO] IPUIPlugin:80 - create IPUIPlugin
2026-05-05 15:20:06,061 [INFO] IPUIPlugin:80 - create IPUIPlugin
2026-05-05 15:20:06,061 [INFO] IPUIPlugin:80 - create IPUIPlugin
2026-05-05 15:20:06,062 [INFO] IPUIPlugin:80 - create IPUIPlugin
2026-05-05 15:20:06,063 [INFO] IPUIPlugin:80 - create IPUIPlugin
2026-05-05 15:20:06,064 [INFO] IPUIPlugin:80 - create IPUIPlugin
2026-05-05 15:20:06,064 [INFO] IPUIPlugin:80 - create IPUIPlugin
2026-05-05 15:20:06,065 [INFO] IPUIPlugin:80 - create IPUIPlugin
2026-05-05 15:20:06,066 [INFO] IPUIPlugin:80 - create IPUIPlugin
2026-05-05 15:20:06,066 [INFO] IPUIPlugin:80 - create IPUIPlugin
2026-05-05 15:20:06,068 [INFO] IPUIPlugin:80 - create IPUIPlugin
2026-05-05 15:20:06,069 [INFO] IPUIPlugin:80 - create IPUIPlugin
2026-05-05 15:20:06,071 [INFO] IPUIPlugin:80 - create IPUIPlugin
2026-05-05 15:20:06,072 [INFO] IPUIPlugin:80 - create IPUIPlugin
2026-05-05 15:20:06,073 [INFO] IPUIPlugin:80 - create IPUIPlugin
2026-05-05 15:20:06,074 [INFO] IPUIPlugin:80 - create IPUIPlugin
2026-05-05 15:20:06,076 [INFO] IPUIPlugin:80 - create IPUIPlugin
2026-05-05 15:20:06,077 [INFO] IPUIPlugin:80 - create IPUIPlugin
2026-05-05 15:20:06,078 [INFO] IPUIPlugin:80 - create IPUIPlugin
2026-05-05 15:20:06,079 [INFO] IPUIPlugin:80 - create IPUIPlugin
2026-05-05 15:20:06,082 [INFO] IPUIPlugin:80 - create IPUIPlugin
2026-05-05 15:20:06,083 [INFO] IPUIPlugin:80 - create IPUIPlugin
2026-05-05 15:20:06,084 [INFO] IPUIPlugin:80 - create IPUIPlugin
2026-05-05 15:20:06,525 [INFO] ApiDbMcu:532 - Load IP Config File for PDM2PCM
2026-05-05 15:20:07,246 [INFO] CADModel:165 - CPN selected for project levelSTM32F446RET6
2026-05-05 15:20:07,246 [INFO] CADModel:114 - Register for checkConnection events
2026-05-05 15:20:07,392 [INFO] OpenFileManager:386 - Restore cursor
2026-05-05 15:21:22,637 [INFO] UtilMem:75 - End SaveConfig() Used Memory: 793787456 Bytes (1073741824)
2026-05-05 15:21:24,464 [INFO] BlockDiagram:2775 - set Specific Code input for plugin: SYS
2026-05-05 15:21:24,464 [INFO] BlockDiagram:2775 - set Specific Code input for plugin: RCC
2026-05-05 15:21:24,464 [INFO] BlockDiagram:2775 - set Specific Code input for plugin: NVIC
2026-05-05 15:21:24,465 [INFO] BlockDiagram:2775 - set Specific Code input for plugin: USART
2026-05-05 15:21:24,466 [INFO] BlockDiagram:2775 - set Specific Code input for plugin: GPIO
2026-05-05 15:21:24,470 [INFO] CodeGenerator:892 - code generatio: config db path: C:\ST\STM32CubeIDE_1.19.0\STM32CubeIDE\plugins\com.st.stm32cube.common.mx_6.15.0.202507011659\\db\
2026-05-05 15:21:25,033 [INFO] CodeEngine:265 - oldGeneratedFile, C:\Users\ASUS\STM32CubeIDE\workspace_F446RE_RX\F446RE_as_RX\MXTmpFiles\license.tmp_save
2026-05-05 15:21:26,444 [INFO] CodeEngine:289 - Generated code: C:\Users\ASUS\STM32CubeIDE\workspace_F446RE_RX\F446RE_as_RX\MXTmpFiles\license.tmp
2026-05-05 15:21:26,713 [INFO] CodeEngine:265 - oldGeneratedFile, C:\Users\ASUS\STM32CubeIDE\workspace_F446RE_RX\F446RE_as_RX\MXTmpFiles\gpio.tmp_save
2026-05-05 15:21:27,158 [INFO] CodeEngine:289 - Generated code: C:\Users\ASUS\STM32CubeIDE\workspace_F446RE_RX\F446RE_as_RX\MXTmpFiles\gpio.tmp
2026-05-05 15:21:27,522 [INFO] CodeEngine:265 - oldGeneratedFile, C:\Users\ASUS\STM32CubeIDE\workspace_F446RE_RX\F446RE_as_RX\Core\Src\stm32f4xx_it.c_save
2026-05-05 15:21:28,105 [INFO] CodeEngine:289 - Generated code: C:\Users\ASUS\STM32CubeIDE\workspace_F446RE_RX\F446RE_as_RX\Core\Src\stm32f4xx_it.c
2026-05-05 15:21:28,247 [INFO] CodeEngine:265 - oldGeneratedFile, C:\Users\ASUS\STM32CubeIDE\workspace_F446RE_RX\F446RE_as_RX\Core\Inc\stm32f4xx_it.h_save
2026-05-05 15:21:28,756 [INFO] CodeEngine:289 - Generated code: C:\Users\ASUS\STM32CubeIDE\workspace_F446RE_RX\F446RE_as_RX\Core\Inc\stm32f4xx_it.h
2026-05-05 15:21:28,988 [INFO] CodeEngine:265 - oldGeneratedFile, C:\Users\ASUS\STM32CubeIDE\workspace_F446RE_RX\F446RE_as_RX\Core\Src\stm32f4xx_hal_msp.c_save
2026-05-05 15:21:29,594 [INFO] CodeEngine:289 - Generated code: C:\Users\ASUS\STM32CubeIDE\workspace_F446RE_RX\F446RE_as_RX\Core\Src\stm32f4xx_hal_msp.c
2026-05-05 15:21:29,622 [INFO] CodeEngine:265 - oldGeneratedFile, C:\Users\ASUS\STM32CubeIDE\workspace_F446RE_RX\F446RE_as_RX\MXTmpFiles\system.tmp_save
2026-05-05 15:21:29,869 [INFO] CodeEngine:289 - Generated code: C:\Users\ASUS\STM32CubeIDE\workspace_F446RE_RX\F446RE_as_RX\MXTmpFiles\system.tmp
2026-05-05 15:21:29,949 [INFO] CodeEngine:321 - oldGeneratedFile, C:\Users\ASUS\STM32CubeIDE\workspace_F446RE_RX\F446RE_as_RX\Core\Inc\stm32f4xx_hal_conf.h_save
2026-05-05 15:21:30,280 [INFO] CodeEngine:345 - Generated code: C:\Users\ASUS\STM32CubeIDE\workspace_F446RE_RX\F446RE_as_RX\Core\Inc\stm32f4xx_hal_conf.h
2026-05-05 15:21:30,422 [WARN] IPConfigManager:3238 - Warning: the RefConfig PLL2P_FOR_MCO is not available in your config.xml file
2026-05-05 15:21:30,462 [INFO] ApiDbMcu:532 - Load IP Config File for USART2
2026-05-05 15:21:30,482 [INFO] ApiDbMcu:532 - Load IP Config File for RCC
2026-05-05 15:21:30,556 [INFO] CodeEngine:265 - oldGeneratedFile, C:\Users\ASUS\STM32CubeIDE\workspace_F446RE_RX\F446RE_as_RX\Core\Inc\main.h_save
2026-05-05 15:21:31,023 [INFO] CodeEngine:289 - Generated code: C:\Users\ASUS\STM32CubeIDE\workspace_F446RE_RX\F446RE_as_RX\Core\Inc\main.h
2026-05-05 15:21:31,083 [INFO] CodeEngine:265 - oldGeneratedFile, C:\Users\ASUS\STM32CubeIDE\workspace_F446RE_RX\F446RE_as_RX\Core\Src\main.c_save
2026-05-05 15:21:31,942 [INFO] CodeEngine:289 - Generated code: C:\Users\ASUS\STM32CubeIDE\workspace_F446RE_RX\F446RE_as_RX\Core\Src\main.c
2026-05-05 15:21:33,577 [INFO] ProjectBuilder:3606 - Time for Copy HAL[1] : 744mS.
2026-05-05 15:21:33,599 [INFO] ProjectBuilder:5216 - Project Generator version: 4.7.0-B52
2026-05-05 15:21:34,271 [INFO] ConfigFileManager:1595 - The Die is : DIE421
2026-05-05 15:21:34,325 [INFO] ApiDbMcu:532 - Load IP Config File for FATFS
2026-05-05 15:21:34,341 [INFO] ApiDbMcu:532 - Load IP Config File for FREERTOS
2026-05-05 15:21:34,348 [INFO] ApiDbMcu:532 - Load IP Config File for LIBJPEG
2026-05-05 15:21:34,380 [INFO] ApiDbMcu:532 - Load IP Config File for MBEDTLS
2026-05-05 15:21:34,408 [INFO] ApiDbMcu:532 - Load IP Config File for USB_DEVICE
2026-05-05 15:21:34,424 [INFO] ApiDbMcu:532 - Load IP Config File for USB_HOST
2026-05-05 15:21:35,816 [INFO] LogOutputStream:77 - [STDOUT_REDIRECT] 
2026-05-05 15:21:40,569 [INFO] ProjectBuilder:5496 - Time for Generating toolchain IDE Files: 6968mS.
2026-05-05 15:21:40,572 [INFO] ProjectBuilder:3463 - Time for Copy CMSIS : 2mS.
2026-05-05 15:21:40,594 [INFO] ProjectBuilder:3463 - Time for Copy CMSIS : 0mS.
2026-05-05 15:22:12,102 [INFO] Gpio:278 - dependency for GPIO [RCC, SYS, USART2]
2026-05-05 15:22:18,685 [INFO] Gpio:278 - dependency for GPIO [RCC, SYS, USART2]
2026-05-05 15:24:59,942 [INFO] UtilMem:75 - End SaveConfig() Used Memory: 859809552 Bytes (1073741824)
2026-05-05 15:25:02,606 [INFO] UtilMem:75 - End SaveConfig() Used Memory: 893888272 Bytes (1073741824)
2026-05-05 15:25:09,520 [INFO] UtilMem:75 - End SaveConfig() Used Memory: 985638672 Bytes (1073741824)
2026-05-05 15:25:10,773 [INFO] BlockDiagram:2775 - set Specific Code input for plugin: SPI
2026-05-05 15:25:10,773 [INFO] BlockDiagram:2775 - set Specific Code input for plugin: SYS
2026-05-05 15:25:10,775 [INFO] BlockDiagram:2775 - set Specific Code input for plugin: RCC
2026-05-05 15:25:10,775 [INFO] BlockDiagram:2775 - set Specific Code input for plugin: NVIC
2026-05-05 15:25:10,775 [INFO] BlockDiagram:2775 - set Specific Code input for plugin: USART
2026-05-05 15:25:10,777 [INFO] BlockDiagram:2775 - set Specific Code input for plugin: GPIO
2026-05-05 15:25:10,781 [INFO] CodeGenerator:892 - code generatio: config db path: C:\ST\STM32CubeIDE_1.19.0\STM32CubeIDE\plugins\com.st.stm32cube.common.mx_6.15.0.202507011659\\db\
2026-05-05 15:25:11,192 [INFO] CodeEngine:265 - oldGeneratedFile, C:\Users\ASUS\STM32CubeIDE\workspace_F446RE_RX\F446RE_as_RX\MXTmpFiles\license.tmp_save
2026-05-05 15:25:11,503 [INFO] CodeEngine:289 - Generated code: C:\Users\ASUS\STM32CubeIDE\workspace_F446RE_RX\F446RE_as_RX\MXTmpFiles\license.tmp
2026-05-05 15:25:11,769 [INFO] CodeEngine:265 - oldGeneratedFile, C:\Users\ASUS\STM32CubeIDE\workspace_F446RE_RX\F446RE_as_RX\MXTmpFiles\gpio.tmp_save
2026-05-05 15:25:12,206 [INFO] CodeEngine:289 - Generated code: C:\Users\ASUS\STM32CubeIDE\workspace_F446RE_RX\F446RE_as_RX\MXTmpFiles\gpio.tmp
2026-05-05 15:25:12,805 [ERROR] CodeEngine:247 - [Ljava.lang.StackTraceElement;@789df2ff
2026-05-05 15:25:13,104 [ERROR] CodeEngine:232 - [Ljava.lang.StackTraceElement;@6a186967
2026-05-05 15:25:13,128 [INFO] CodeEngine:265 - oldGeneratedFile, C:\Users\ASUS\STM32CubeIDE\workspace_F446RE_RX\F446RE_as_RX\Core\Src\stm32f4xx_it.c_save
2026-05-05 15:25:13,564 [INFO] CodeEngine:289 - Generated code: C:\Users\ASUS\STM32CubeIDE\workspace_F446RE_RX\F446RE_as_RX\Core\Src\stm32f4xx_it.c
2026-05-05 15:25:13,635 [INFO] CodeEngine:265 - oldGeneratedFile, C:\Users\ASUS\STM32CubeIDE\workspace_F446RE_RX\F446RE_as_RX\Core\Inc\stm32f4xx_it.h_save
2026-05-05 15:25:14,058 [INFO] CodeEngine:289 - Generated code: C:\Users\ASUS\STM32CubeIDE\workspace_F446RE_RX\F446RE_as_RX\Core\Inc\stm32f4xx_it.h
2026-05-05 15:25:14,174 [INFO] CodeEngine:265 - oldGeneratedFile, C:\Users\ASUS\STM32CubeIDE\workspace_F446RE_RX\F446RE_as_RX\Core\Src\stm32f4xx_hal_msp.c_save
2026-05-05 15:25:14,733 [INFO] CodeEngine:289 - Generated code: C:\Users\ASUS\STM32CubeIDE\workspace_F446RE_RX\F446RE_as_RX\Core\Src\stm32f4xx_hal_msp.c
2026-05-05 15:25:14,793 [INFO] CodeEngine:265 - oldGeneratedFile, C:\Users\ASUS\STM32CubeIDE\workspace_F446RE_RX\F446RE_as_RX\MXTmpFiles\system.tmp_save
2026-05-05 15:25:15,152 [INFO] CodeEngine:289 - Generated code: C:\Users\ASUS\STM32CubeIDE\workspace_F446RE_RX\F446RE_as_RX\MXTmpFiles\system.tmp
2026-05-05 15:25:15,303 [INFO] CodeEngine:321 - oldGeneratedFile, C:\Users\ASUS\STM32CubeIDE\workspace_F446RE_RX\F446RE_as_RX\Core\Inc\stm32f4xx_hal_conf.h_save
2026-05-05 15:25:15,736 [INFO] CodeEngine:345 - Generated code: C:\Users\ASUS\STM32CubeIDE\workspace_F446RE_RX\F446RE_as_RX\Core\Inc\stm32f4xx_hal_conf.h
2026-05-05 15:25:15,871 [WARN] IPConfigManager:3238 - Warning: the RefConfig PLL2P_FOR_MCO is not available in your config.xml file
2026-05-05 15:25:15,904 [INFO] ApiDbMcu:532 - Load IP Config File for SPI1
2026-05-05 15:25:15,978 [INFO] CodeEngine:265 - oldGeneratedFile, C:\Users\ASUS\STM32CubeIDE\workspace_F446RE_RX\F446RE_as_RX\Core\Inc\main.h_save
2026-05-05 15:25:16,413 [INFO] CodeEngine:289 - Generated code: C:\Users\ASUS\STM32CubeIDE\workspace_F446RE_RX\F446RE_as_RX\Core\Inc\main.h
2026-05-05 15:25:16,465 [INFO] CodeEngine:265 - oldGeneratedFile, C:\Users\ASUS\STM32CubeIDE\workspace_F446RE_RX\F446RE_as_RX\Core\Src\main.c_save
2026-05-05 15:25:17,278 [INFO] CodeEngine:289 - Generated code: C:\Users\ASUS\STM32CubeIDE\workspace_F446RE_RX\F446RE_as_RX\Core\Src\main.c
2026-05-05 15:25:18,795 [INFO] ProjectBuilder:3606 - Time for Copy HAL[1] : 695mS.
2026-05-05 15:25:18,810 [INFO] ProjectBuilder:5216 - Project Generator version: 4.7.0-B52
2026-05-05 15:25:19,076 [INFO] ConfigFileManager:1595 - The Die is : DIE421
2026-05-05 15:25:24,481 [INFO] ProjectBuilder:5496 - Time for Generating toolchain IDE Files: 5669mS.
2026-05-05 15:25:24,484 [INFO] ProjectBuilder:3463 - Time for Copy CMSIS : 2mS.
2026-05-05 15:25:24,506 [INFO] ProjectBuilder:3463 - Time for Copy CMSIS : 1mS.
2026-05-05 15:31:56,338 [ERROR] LogOutputStream:75 - [STDERR_REDIRECT] 
2026-05-05 15:32:23,305 [INFO] Activator:176 - 


2026-05-05 15:32:23,314 [INFO] Activator:177 - !SESSION log4j initialized
2026-05-05 15:32:40,991 [INFO] LogOutputStream:77 - [STDOUT_REDIRECT] 
2026-05-05 15:32:44,058 [INFO] ApplicationProperties:184 - Using Application install path: C:\ST\STM32CubeIDE_1.19.0\STM32CubeIDE\plugins\com.st.stm32cube.common.mx_6.15.0.202507011659
2026-05-05 15:32:44,109 [INFO] DbMcusXml:78 - Set database path to: C:\ST\STM32CubeIDE_1.19.0\STM32CubeIDE\plugins\com.st.stm32cube.common.mx_6.15.0.202507011659\\db\/mcu/
2026-05-05 15:32:44,109 [INFO] ApiDb:274 - Set plugin database path to: C:\ST\STM32CubeIDE_1.19.0\STM32CubeIDE\plugins\com.st.stm32cube.common.mx_6.15.0.202507011659\\db\/plugins/boardmanager/
2026-05-05 15:32:44,110 [WARN] ApiDb:259 - Overriding images path with different value:  => C:\ST\STM32CubeIDE_1.19.0\STM32CubeIDE\plugins\com.st.stm32cube.common.mx_6.15.0.202507011659\\db\/plugins/mcufinder/images/
2026-05-05 15:32:44,130 [INFO] ApiDb:250 - Set database path to: C:\Users\ASUS\.stmcufinder\plugins\mcufinder//mcu/
2026-05-05 15:32:44,135 [INFO] DbMcusAds:125 - Set database path to: C:\Users\ASUS\.stmcufinder\plugins\mcufinder//mcu/
2026-05-05 15:32:44,146 [INFO] CrossReferenceDbSqlite:203 - Set database path to: C:\Users\ASUS\.stmcufinder\plugins\mcufinder//mcu/cs/
2026-05-05 15:32:44,534 [INFO] RulesReader:64 - Compatibility file has been processed (317 Rules)
2026-05-05 15:32:44,764 [INFO] DbMcusXml:78 - Set database path to: C:\ST\STM32CubeIDE_1.19.0\STM32CubeIDE\plugins\com.st.stm32cube.common.mx_6.15.0.202507011659\\db\/mcu/
2026-05-05 15:32:44,764 [INFO] ApiDb:274 - Set plugin database path to: C:\ST\STM32CubeIDE_1.19.0\STM32CubeIDE\plugins\com.st.stm32cube.common.mx_6.15.0.202507011659\\db\/plugins/boardmanager/
2026-05-05 15:32:44,764 [INFO] ApiDb:261 - Set plugin images path to: C:\ST\STM32CubeIDE_1.19.0\STM32CubeIDE\plugins\com.st.stm32cube.common.mx_6.15.0.202507011659\\db\/plugins/mcufinder/images/
2026-05-05 15:32:44,764 [WARN] DbFile:41 - Overriding database path with different value: C:\Users\ASUS\.stmcufinder\plugins\mcufinder/ => C:\Users\ASUS\.stmcufinder\plugins\mcufinder
2026-05-05 15:32:44,766 [INFO] ApiDb:250 - Set database path to: C:\Users\ASUS\.stmcufinder\plugins\mcufinder//mcu/
2026-05-05 15:32:44,766 [WARN] DbFile:41 - Overriding database path with different value: C:\Users\ASUS\.stmcufinder\plugins\mcufinder/ => C:\Users\ASUS\.stmcufinder\plugins\mcufinder
2026-05-05 15:32:44,766 [INFO] DbMcusAds:125 - Set database path to: C:\Users\ASUS\.stmcufinder\plugins\mcufinder//mcu/
2026-05-05 15:32:44,766 [WARN] DbFile:41 - Overriding database path with different value: C:\Users\ASUS\.stmcufinder\plugins\mcufinder/ => C:\Users\ASUS\.stmcufinder\plugins\mcufinder
2026-05-05 15:32:44,767 [WARN] DbFile:41 - Overriding database path with different value: C:\Users\ASUS\.stmcufinder\plugins\mcufinder/ => C:\Users\ASUS\.stmcufinder\plugins\mcufinder
2026-05-05 15:32:44,767 [INFO] CrossReferenceDbSqlite:203 - Set database path to: C:\Users\ASUS\.stmcufinder\plugins\mcufinder//mcu/cs/
2026-05-05 15:32:44,927 [INFO] MainPanel:274 - HeapMemory: 268435456
2026-05-05 15:32:45,181 [INFO] DbMcusXml:78 - Set database path to: C:\ST\STM32CubeIDE_1.19.0\STM32CubeIDE\plugins\com.st.stm32cube.common.mx_6.15.0.202507011659\\db\/mcu/
2026-05-05 15:32:45,183 [INFO] ApiDb:274 - Set plugin database path to: C:\ST\STM32CubeIDE_1.19.0\STM32CubeIDE\plugins\com.st.stm32cube.common.mx_6.15.0.202507011659\\db\/plugins/boardmanager/
2026-05-05 15:32:45,184 [INFO] ApiDb:261 - Set plugin images path to: C:\ST\STM32CubeIDE_1.19.0\STM32CubeIDE\plugins\com.st.stm32cube.common.mx_6.15.0.202507011659\\db\/plugins/mcufinder/images/
2026-05-05 15:32:45,185 [WARN] DbFile:41 - Overriding database path with different value: C:\Users\ASUS\.stmcufinder\plugins\mcufinder/ => C:\Users\ASUS\.stmcufinder\plugins\mcufinder
2026-05-05 15:32:45,185 [INFO] ApiDb:250 - Set database path to: C:\Users\ASUS\.stmcufinder\plugins\mcufinder//mcu/
2026-05-05 15:32:45,185 [WARN] DbFile:41 - Overriding database path with different value: C:\Users\ASUS\.stmcufinder\plugins\mcufinder/ => C:\Users\ASUS\.stmcufinder\plugins\mcufinder
2026-05-05 15:32:45,185 [INFO] DbMcusAds:125 - Set database path to: C:\Users\ASUS\.stmcufinder\plugins\mcufinder//mcu/
2026-05-05 15:32:45,185 [WARN] DbFile:41 - Overriding database path with different value: C:\Users\ASUS\.stmcufinder\plugins\mcufinder/ => C:\Users\ASUS\.stmcufinder\plugins\mcufinder
2026-05-05 15:32:45,185 [WARN] DbFile:41 - Overriding database path with different value: C:\Users\ASUS\.stmcufinder\plugins\mcufinder/ => C:\Users\ASUS\.stmcufinder\plugins\mcufinder
2026-05-05 15:32:45,185 [INFO] CrossReferenceDbSqlite:203 - Set database path to: C:\Users\ASUS\.stmcufinder\plugins\mcufinder//mcu/cs/
2026-05-05 15:32:45,230 [INFO] ApplicationProperties:184 - Using Application install path: C:\ST\STM32CubeIDE_1.19.0\STM32CubeIDE\plugins\com.st.stm32cube.common.mx_6.15.0.202507011659
2026-05-05 15:32:45,234 [INFO] PluginManage:196 - Search for loadable plugins [exclusion list=, ]
2026-05-05 15:32:45,237 [INFO] PluginManage:310 - Check plugin analytics
2026-05-05 15:32:45,855 [INFO] AnalyticsPlugin:253 - Accepted Software Licenses: 
2026-05-05 15:32:45,855 [INFO] AnalyticsPlugin:255 - Accepted CMSIS Pack Licenses: 
2026-05-05 15:32:45,856 [INFO] AnalyticsPlugin:257 - Accepted Firmware Licenses: FW.F4.1.28.0
2026-05-05 15:32:45,866 [INFO] PluginManage:359 - Loaded plugin analytics (category:tool,tabindex:-1)
2026-05-05 15:32:45,868 [INFO] PluginManage:310 - Check plugin cadmodel
2026-05-05 15:32:45,879 [INFO] CADModel:105 - Init CAD model plugin
2026-05-05 15:32:45,881 [INFO] PluginManage:359 - Loaded plugin cadmodel (category:power,tabindex:5)
2026-05-05 15:32:45,881 [INFO] PluginManage:310 - Check plugin clock
2026-05-05 15:32:45,902 [INFO] PluginManage:359 - Loaded plugin clock (category:base,tabindex:2)
2026-05-05 15:32:45,902 [INFO] PluginManage:310 - Check plugin ddr
2026-05-05 15:32:45,909 [INFO] PluginManage:359 - Loaded plugin ddr (category:tool,tabindex:6)
2026-05-05 15:32:45,910 [INFO] PluginManage:310 - Check plugin filemanager
2026-05-05 15:32:46,246 [INFO] PluginManage:359 - Loaded plugin filemanager (category:base,tabindex:10)
2026-05-05 15:32:46,246 [INFO] PluginManage:310 - Check plugin ipmanager
2026-05-05 15:32:46,268 [INFO] PluginManage:359 - Loaded plugin ipmanager (category:base,tabindex:5)
2026-05-05 15:32:46,270 [INFO] PluginManage:310 - Check plugin lpbam
2026-05-05 15:32:46,302 [INFO] PluginManage:359 - Loaded plugin lpbam (category:base,tabindex:0)
2026-05-05 15:32:46,303 [INFO] PluginManage:310 - Check plugin memorymap
2026-05-05 15:32:46,362 [INFO] PluginManage:359 - Loaded plugin memorymap (category:base,tabindex:4)
2026-05-05 15:32:46,363 [INFO] PluginManage:310 - Check plugin pinoutandconfiguration
2026-05-05 15:32:46,388 [INFO] PluginManage:359 - Loaded plugin pinoutandconfiguration (category:base,tabindex:1)
2026-05-05 15:32:46,388 [INFO] PluginManage:310 - Check plugin pinoutconfig
2026-05-05 15:32:46,625 [WARN] SupportedApi:132 - Cannot load RTOS API schema: s4s-elt-must-match.1: The content of 'definitions' must match (annotation?, (simpleType | complexType)?, (unique | key | keyref)*)). A problem was found starting at: attribute.
2026-05-05 15:32:47,165 [INFO] PluginManage:359 - Loaded plugin pinoutconfig (category:base,tabindex:0)
2026-05-05 15:32:47,166 [INFO] PluginManage:310 - Check plugin power
2026-05-05 15:32:47,194 [INFO] PluginManage:359 - Loaded plugin power (category:power,tabindex:4)
2026-05-05 15:32:47,194 [INFO] PluginManage:310 - Check plugin projectmanager
2026-05-05 15:32:47,239 [INFO] PluginManage:359 - Loaded plugin projectmanager (category:projectmanager,tabindex:4)
2026-05-05 15:32:47,239 [INFO] PluginManage:310 - Check plugin rif
2026-05-05 15:32:47,271 [INFO] PluginManage:359 - Loaded plugin rif (category:base,tabindex:3)
2026-05-05 15:32:47,272 [INFO] PluginManage:310 - Check plugin thirdparty
2026-05-05 15:32:47,792 [WARN] IntegrityCheckThread:84 - waiting for thirdparty lock release [integrity check]
2026-05-05 15:32:47,794 [INFO] IntegrityCheckThread:86 - entering critical section [integrity check]
2026-05-05 15:32:47,794 [INFO] PluginManage:359 - Loaded plugin thirdparty (category:base,tabindex:-1)
2026-05-05 15:32:47,795 [INFO] PluginManage:310 - Check plugin tools
2026-05-05 15:32:47,796 [INFO] ThirdPartyUpdaterWithRetryManager:70 - Updater plugin not ready yet. [1/15]
2026-05-05 15:32:47,809 [INFO] PluginManage:359 - Loaded plugin tools (category:base,tabindex:7)
2026-05-05 15:32:47,810 [INFO] PluginManage:310 - Check plugin tutovideos
2026-05-05 15:32:48,548 [INFO] PluginManage:359 - Loaded plugin tutovideos (category:base,tabindex:-1)
2026-05-05 15:32:48,548 [INFO] PluginManage:310 - Check plugin updater
2026-05-05 15:32:48,606 [INFO] PluginManage:359 - Loaded plugin updater (category:base,tabindex:12)
2026-05-05 15:32:48,606 [INFO] PluginManage:310 - Check plugin userauth
2026-05-05 15:32:48,620 [INFO] UserAuth:118 - Init User Auth plugin
2026-05-05 15:32:48,624 [INFO] PluginManage:359 - Loaded plugin userauth (category:base,tabindex:14)
2026-05-05 15:32:48,626 [INFO] PluginManage:283 - PluginManage : Loaded plugins [18]
2026-05-05 15:32:49,188 [INFO] PinOutPanel:1589 - setPackage(No Configuration,No Configuration)
2026-05-05 15:32:49,444 [INFO] CADModel:165 - CPN selected for project level
2026-05-05 15:32:49,444 [INFO] CADModel:114 - Register for checkConnection events
2026-05-05 15:32:49,491 [INFO] IPUIPlugin:80 - create IPUIPlugin
2026-05-05 15:32:49,491 [INFO] PluginManager:220 - loadIPPluginJar : add adc
2026-05-05 15:32:49,501 [INFO] IPUIPlugin:80 - create IPUIPlugin
2026-05-05 15:32:49,501 [INFO] PluginManager:220 - loadIPPluginJar : add aes
2026-05-05 15:32:49,510 [INFO] IPUIPlugin:80 - create IPUIPlugin
2026-05-05 15:32:49,511 [INFO] PluginManager:220 - loadIPPluginJar : add can
2026-05-05 15:32:49,516 [INFO] IPUIPlugin:80 - create IPUIPlugin
2026-05-05 15:32:49,516 [INFO] PluginManager:220 - loadIPPluginJar : add comp
2026-05-05 15:32:49,522 [INFO] IPUIPlugin:80 - create IPUIPlugin
2026-05-05 15:32:49,522 [INFO] PluginManager:220 - loadIPPluginJar : add cryp
2026-05-05 15:32:49,531 [INFO] IPUIPlugin:80 - create IPUIPlugin
2026-05-05 15:32:49,531 [INFO] PluginManager:220 - loadIPPluginJar : add ddr_ctrl_phy
2026-05-05 15:32:49,538 [INFO] IPUIPlugin:80 - create IPUIPlugin
2026-05-05 15:32:49,538 [INFO] PluginManager:220 - loadIPPluginJar : add dfsdm
2026-05-05 15:32:49,552 [INFO] IPUIPlugin:80 - create IPUIPlugin
2026-05-05 15:32:49,555 [INFO] PluginManager:220 - loadIPPluginJar : add dma
2026-05-05 15:32:49,564 [INFO] IPUIPlugin:80 - create IPUIPlugin
2026-05-05 15:32:49,564 [INFO] PluginManager:220 - loadIPPluginJar : add dma3
2026-05-05 15:32:49,573 [INFO] IPUIPlugin:80 - create IPUIPlugin
2026-05-05 15:32:49,573 [INFO] PluginManager:220 - loadIPPluginJar : add extmemmanager
2026-05-05 15:32:49,578 [INFO] IPUIPlugin:80 - create IPUIPlugin
2026-05-05 15:32:49,578 [INFO] PluginManager:220 - loadIPPluginJar : add fatfs
2026-05-05 15:32:49,590 [INFO] IPUIPlugin:80 - create IPUIPlugin
2026-05-05 15:32:49,592 [INFO] PluginManager:220 - loadIPPluginJar : add fmc
2026-05-05 15:32:49,623 [INFO] IPUIPlugin:80 - create IPUIPlugin
2026-05-05 15:32:49,625 [INFO] PluginManager:220 - loadIPPluginJar : add freertos
2026-05-05 15:32:49,629 [INFO] IPUIPlugin:80 - create IPUIPlugin
2026-05-05 15:32:49,630 [INFO] PluginManager:220 - loadIPPluginJar : add genericplugin
2026-05-05 15:32:49,638 [INFO] IPUIPlugin:80 - create IPUIPlugin
2026-05-05 15:32:49,639 [INFO] PluginManager:220 - loadIPPluginJar : add gfxmmu
2026-05-05 15:32:49,654 [INFO] IPUIPlugin:80 - create IPUIPlugin
2026-05-05 15:32:49,655 [INFO] PluginManager:220 - loadIPPluginJar : add gic
2026-05-05 15:32:49,666 [INFO] IPUIPlugin:80 - create IPUIPlugin
2026-05-05 15:32:49,666 [INFO] PluginManager:220 - loadIPPluginJar : add gpio
2026-05-05 15:32:49,676 [INFO] IPUIPlugin:80 - create IPUIPlugin
2026-05-05 15:32:49,676 [INFO] PluginManager:220 - loadIPPluginJar : add gtzc
2026-05-05 15:32:49,684 [INFO] IPUIPlugin:80 - create IPUIPlugin
2026-05-05 15:32:49,685 [INFO] PluginManager:220 - loadIPPluginJar : add hash
2026-05-05 15:32:49,696 [INFO] IPUIPlugin:80 - create IPUIPlugin
2026-05-05 15:32:49,696 [INFO] PluginManager:220 - loadIPPluginJar : add i2c
2026-05-05 15:32:49,705 [INFO] IPUIPlugin:80 - create IPUIPlugin
2026-05-05 15:32:49,706 [INFO] PluginManager:220 - loadIPPluginJar : add i2s
2026-05-05 15:32:49,716 [INFO] IPUIPlugin:80 - create IPUIPlugin
2026-05-05 15:32:49,718 [INFO] PluginManager:220 - loadIPPluginJar : add i3c
2026-05-05 15:32:49,728 [INFO] IPUIPlugin:80 - create IPUIPlugin
2026-05-05 15:32:49,729 [INFO] PluginManager:220 - loadIPPluginJar : add ipddr
2026-05-05 15:32:49,748 [INFO] IPUIPlugin:80 - create IPUIPlugin
2026-05-05 15:32:49,749 [INFO] PluginManager:220 - loadIPPluginJar : add linkedlist
2026-05-05 15:32:49,761 [INFO] IPUIPlugin:80 - create IPUIPlugin
2026-05-05 15:32:49,761 [INFO] PluginManager:220 - loadIPPluginJar : add lorawan
2026-05-05 15:32:49,766 [INFO] IPUIPlugin:80 - create IPUIPlugin
2026-05-05 15:32:49,766 [INFO] PluginManager:220 - loadIPPluginJar : add ltdc
2026-05-05 15:32:49,785 [INFO] IPUIPlugin:80 - create IPUIPlugin
2026-05-05 15:32:49,787 [INFO] PluginManager:220 - loadIPPluginJar : add mdma
2026-05-05 15:32:49,799 [INFO] IPUIPlugin:80 - create IPUIPlugin
2026-05-05 15:32:49,799 [INFO] PluginManager:220 - loadIPPluginJar : add nvic
2026-05-05 15:32:49,811 [INFO] IPUIPlugin:80 - create IPUIPlugin
2026-05-05 15:32:49,812 [INFO] PluginManager:220 - loadIPPluginJar : add opamp
2026-05-05 15:32:49,825 [INFO] IPUIPlugin:80 - create IPUIPlugin
2026-05-05 15:32:49,825 [INFO] PluginManager:220 - loadIPPluginJar : add openamp
2026-05-05 15:32:49,840 [INFO] IPUIPlugin:80 - create IPUIPlugin
2026-05-05 15:32:49,841 [INFO] PluginManager:220 - loadIPPluginJar : add pdm2pcm
2026-05-05 15:32:49,865 [INFO] IPUIPlugin:80 - create IPUIPlugin
2026-05-05 15:32:49,875 [INFO] PluginManager:220 - loadIPPluginJar : add plateformsettings
2026-05-05 15:32:49,882 [INFO] IPUIPlugin:80 - create IPUIPlugin
2026-05-05 15:32:49,884 [INFO] PluginManager:220 - loadIPPluginJar : add quadspi
2026-05-05 15:32:49,893 [INFO] IPUIPlugin:80 - create IPUIPlugin
2026-05-05 15:32:49,896 [INFO] PluginManager:220 - loadIPPluginJar : add radio
2026-05-05 15:32:49,912 [INFO] IPUIPlugin:80 - create IPUIPlugin
2026-05-05 15:32:49,912 [INFO] PluginManager:220 - loadIPPluginJar : add resmgrutility
2026-05-05 15:32:49,927 [INFO] IPUIPlugin:80 - create IPUIPlugin
2026-05-05 15:32:49,927 [INFO] PluginManager:220 - loadIPPluginJar : add sai
2026-05-05 15:32:49,938 [INFO] IPUIPlugin:80 - create IPUIPlugin
2026-05-05 15:32:49,939 [INFO] PluginManager:220 - loadIPPluginJar : add spi
2026-05-05 15:32:49,970 [INFO] IPUIPlugin:80 - create IPUIPlugin
2026-05-05 15:32:49,971 [INFO] PluginManager:220 - loadIPPluginJar : add stm32_wpan
2026-05-05 15:32:49,977 [INFO] IPUIPlugin:80 - create IPUIPlugin
2026-05-05 15:32:49,977 [INFO] PluginManager:220 - loadIPPluginJar : add tim
2026-05-05 15:32:49,989 [INFO] IPUIPlugin:80 - create IPUIPlugin
2026-05-05 15:32:49,989 [INFO] PluginManager:220 - loadIPPluginJar : add touchsensing
2026-05-05 15:32:49,998 [INFO] IPUIPlugin:80 - create IPUIPlugin
2026-05-05 15:32:49,998 [INFO] PluginManager:220 - loadIPPluginJar : add tracer_emb
2026-05-05 15:32:50,004 [INFO] IPUIPlugin:80 - create IPUIPlugin
2026-05-05 15:32:50,004 [INFO] PluginManager:220 - loadIPPluginJar : add ts
2026-05-05 15:32:50,011 [INFO] IPUIPlugin:80 - create IPUIPlugin
2026-05-05 15:32:50,011 [INFO] PluginManager:220 - loadIPPluginJar : add tsc
2026-05-05 15:32:50,018 [INFO] IPUIPlugin:80 - create IPUIPlugin
2026-05-05 15:32:50,019 [INFO] PluginManager:220 - loadIPPluginJar : add ucpd
2026-05-05 15:32:50,029 [INFO] IPUIPlugin:80 - create IPUIPlugin
2026-05-05 15:32:50,030 [INFO] PluginManager:220 - loadIPPluginJar : add usart
2026-05-05 15:32:50,043 [INFO] IPUIPlugin:80 - create IPUIPlugin
2026-05-05 15:32:50,043 [INFO] PluginManager:220 - loadIPPluginJar : add usbx
2026-05-05 15:32:50,318 [FATAL] Updater:351 - Updater called before beeing initialized
2026-05-05 15:32:50,411 [INFO] RulesReader:64 - Compatibility file has been processed (317 Rules)
2026-05-05 15:32:50,457 [INFO] RulesReader:64 - Compatibility file has been processed (317 Rules)
2026-05-05 15:32:50,486 [INFO] CADModel:165 - CPN selected for project level
2026-05-05 15:32:50,487 [INFO] CADModel:114 - Register for checkConnection events
2026-05-05 15:32:50,488 [FATAL] Updater:351 - Updater called before beeing initialized
2026-05-05 15:32:50,488 [ERROR] CADModel:125 - Updater not yet initialized, retry later 
2026-05-05 15:32:50,802 [INFO] ThirdPartyUpdaterWithRetryManager:70 - Updater plugin not ready yet. [2/15]
2026-05-05 15:32:51,217 [FATAL] Updater:351 - Updater called before beeing initialized
2026-05-05 15:32:51,226 [INFO] CADModel:165 - CPN selected for project level
2026-05-05 15:32:51,226 [INFO] CADModel:114 - Register for checkConnection events
2026-05-05 15:32:51,226 [FATAL] Updater:351 - Updater called before beeing initialized
2026-05-05 15:32:51,226 [ERROR] CADModel:125 - Updater not yet initialized, retry later 
2026-05-05 15:32:51,238 [FATAL] Updater:351 - Updater called before beeing initialized
2026-05-05 15:32:51,672 [FATAL] Updater:351 - Updater called before beeing initialized
2026-05-05 15:32:51,688 [INFO] DbMcusAds:53 - JSON generation date=Mon Apr 27 13:44:29 IST 2026 (1777277669683)
2026-05-05 15:32:51,688 [FATAL] Updater:351 - Updater called before beeing initialized
2026-05-05 15:32:51,806 [WARN] DetailPanel:346 - Failed to get advertising image, set to default
2026-05-05 15:32:52,085 [FATAL] Updater:351 - Updater called before beeing initialized
2026-05-05 15:32:52,090 [FATAL] Updater:351 - Updater called before beeing initialized
2026-05-05 15:32:52,091 [FATAL] Updater:351 - Updater called before beeing initialized
2026-05-05 15:32:52,091 [WARN] DetailPanel:346 - Failed to get advertising image, set to default
2026-05-05 15:32:52,093 [FATAL] Updater:351 - Updater called before beeing initialized
2026-05-05 15:32:52,234 [ERROR] Updater:1198 - MainUpdater not yet initialized. External WinMGr cannot be set.
2026-05-05 15:32:52,240 [INFO] Updater:1134 - Updater Version found : 6.15.0
2026-05-05 15:32:52,291 [INFO] ApplicationProperties:184 - Using Application install path: C:\ST\STM32CubeIDE_1.19.0\STM32CubeIDE\plugins\com.st.stm32cube.common.mx_6.15.0.202507011659
2026-05-05 15:32:53,812 [FATAL] Updater:351 - Updater called before beeing initialized
2026-05-05 15:32:53,813 [ERROR] IntegrityCheckThread:130 - Cannot retrieve database content from updater: error 21
2026-05-05 15:32:53,813 [INFO] ThirdParty:978 - Integrity check success = false
2026-05-05 15:32:53,813 [INFO] IntegrityCheckThread:100 - exiting critical section [integrity check]
2026-05-05 15:32:53,813 [INFO] IntegrityCheckThread:103 - End integrity checks thread
2026-05-05 15:32:53,935 [ERROR] LogOutputStream:75 - [STDERR_REDIRECT] May 05, 2026 3:32:53 PM java.util.prefs.WindowsPreferences <init>
2026-05-05 15:32:53,939 [ERROR] LogOutputStream:75 - [STDERR_REDIRECT] WARNING: Could not open/create prefs root node Software\JavaSoft\Prefs at root 0xffffffff80000002. Windows RegCreateKeyEx(...) returned error code 5.
2026-05-05 15:32:53,940 [ERROR] LogOutputStream:75 - [STDERR_REDIRECT] 
2026-05-05 15:32:54,764 [INFO] MainUpdater:2872 - connection check result : 10
2026-05-05 15:32:54,766 [INFO] MainUpdater:289 - Updater Check For Update Now.
2026-05-05 15:32:54,766 [INFO] MicroXplorer:498 - Change Database Version : DB.6.0.150
2026-05-05 15:32:54,787 [INFO] McuFinderGlobals:63 - Set McuFinder mode to 2 (CubeIDE integrated)
2026-05-05 15:32:54,788 [INFO] UserAuth:487 - Internet connection configuration mode: 1
2026-05-05 15:32:54,863 [INFO] JxBrowserEngine:152 - Initiate JxBrowser Engine with user profile folder
2026-05-05 15:32:55,139 [INFO] CheckServerUpdateThread:120 - End of CheckServer Thread
2026-05-05 15:32:58,031 [INFO] WebApp:169 - Instantiating new browser for Auth
2026-05-05 15:33:01,271 [INFO] WebApp:463 - Apply proxy settings
2026-05-05 15:33:01,275 [INFO] WebApp:548 - Chromium requires no authentication
2026-05-05 15:33:01,325 [INFO] WebApp:491 - Direct internet connection detected
2026-05-05 15:33:01,436 [INFO] WebApp:900 - Register for checkConnection events
2026-05-05 15:33:01,436 [INFO] WebApp:463 - Apply proxy settings
2026-05-05 15:33:01,436 [INFO] WebApp:548 - Chromium requires no authentication
2026-05-05 15:33:01,440 [INFO] WebApp:491 - Direct internet connection detected
2026-05-05 15:33:01,813 [INFO] WebApp:191 - Connection restablished
2026-05-05 15:33:03,886 [INFO] WebApp:225 - Starting web application
2026-05-05 15:33:03,888 [INFO] WebApp:593 - Web application path used C:\ST\STM32CubeIDE_1.19.0\STM32CubeIDE\plugins\com.st.stm32cube.common.mx_6.15.0.202507011659\db\plugins\mcufinder\reactClient1\index.html
2026-05-05 15:33:04,736 [INFO] UserAuth:487 - Internet connection configuration mode: 1
